ISO-10303-21;
HEADER;
/* Generated by software containing ST-Developer
 * from STEP Tools, Inc. (www.steptools.com) 
 */

FILE_DESCRIPTION(
/* description */ (''),
/* implementation_level */ '2;1');

FILE_NAME(
/* name */ 'Endschalter mit Rolle.step',
/* time_stamp */ '2026-07-14T13:31:57+02:00',
/* author */ (''),
/* organization */ (''),
/* preprocessor_version */ 'ST-DEVELOPER v20.1',
/* originating_system */ 'Autodesk Translation Framework v15.8.0.0',
/* authorisation */ '');

FILE_SCHEMA (('AUTOMOTIVE_DESIGN { 1 0 10303 214 3 1 1 }'));
ENDSEC;

DATA;
#10=MECHANICAL_DESIGN_GEOMETRIC_PRESENTATION_REPRESENTATION('',(#29,#30,
#31),#10812);
#11=SHAPE_REPRESENTATION_RELATIONSHIP('SRR','None',#10819,#12);
#12=ADVANCED_BREP_SHAPE_REPRESENTATION('',(#32,#33,#34),#10811);
#13=(
BOUNDED_SURFACE()
B_SPLINE_SURFACE(2,2,((#10316,#10317,#10318),(#10319,#10320,#10321),(#10322,
#10323,#10324)),.UNSPECIFIED.,.F.,.F.,.F.)
B_SPLINE_SURFACE_WITH_KNOTS((3,3),(3,3),(-1.5707963267949,0.),(-1.5707963267949,
0.),.UNSPECIFIED.)
GEOMETRIC_REPRESENTATION_ITEM()
RATIONAL_B_SPLINE_SURFACE(((1.,0.707106781186548,1.),(0.707106781186547,
0.5,0.707106781186547),(1.,0.707106781186548,1.)))
REPRESENTATION_ITEM('')
SURFACE()
);
#14=(
BOUNDED_SURFACE()
B_SPLINE_SURFACE(2,2,((#10336,#10337,#10338),(#10339,#10340,#10341),(#10342,
#10343,#10344)),.UNSPECIFIED.,.F.,.F.,.F.)
B_SPLINE_SURFACE_WITH_KNOTS((3,3),(3,3),(-1.5707963267949,4.44089209850062E-15),
(-3.14159265358979,-1.5707963267949),.UNSPECIFIED.)
GEOMETRIC_REPRESENTATION_ITEM()
RATIONAL_B_SPLINE_SURFACE(((1.,0.707106781186548,1.),(0.707106781186547,
0.5,0.707106781186547),(1.,0.707106781186548,1.)))
REPRESENTATION_ITEM('')
SURFACE()
);
#15=(
BOUNDED_SURFACE()
B_SPLINE_SURFACE(2,2,((#10356,#10357,#10358),(#10359,#10360,#10361),(#10362,
#10363,#10364)),.UNSPECIFIED.,.F.,.F.,.F.)
B_SPLINE_SURFACE_WITH_KNOTS((3,3),(3,3),(-1.5707963267949,4.44089209850062E-15),
(1.5707963267949,3.14159265358979),.UNSPECIFIED.)
GEOMETRIC_REPRESENTATION_ITEM()
RATIONAL_B_SPLINE_SURFACE(((1.,0.707106781186548,1.),(0.707106781186533,
0.49999999999999,0.707106781186533),(1.,0.707106781186548,1.)))
REPRESENTATION_ITEM('')
SURFACE()
);
#16=(
BOUNDED_SURFACE()
B_SPLINE_SURFACE(2,2,((#10376,#10377,#10378),(#10379,#10380,#10381),(#10382,
#10383,#10384)),.UNSPECIFIED.,.F.,.F.,.F.)
B_SPLINE_SURFACE_WITH_KNOTS((3,3),(3,3),(-1.5707963267949,0.),(0.,1.5707963267949),
 .UNSPECIFIED.)
GEOMETRIC_REPRESENTATION_ITEM()
RATIONAL_B_SPLINE_SURFACE(((1.,0.707106781186548,1.),(0.707106781186547,
0.5,0.707106781186547),(1.,0.707106781186548,1.)))
REPRESENTATION_ITEM('')
SURFACE()
);
#17=(
BOUNDED_SURFACE()
B_SPLINE_SURFACE(2,2,((#10422,#10423,#10424),(#10425,#10426,#10427),(#10428,
#10429,#10430)),.UNSPECIFIED.,.F.,.F.,.F.)
B_SPLINE_SURFACE_WITH_KNOTS((3,3),(3,3),(-1.5707963267949,8.09107015737846E-16),
(-1.5707963267949,0.),.UNSPECIFIED.)
GEOMETRIC_REPRESENTATION_ITEM()
RATIONAL_B_SPLINE_SURFACE(((1.,0.707106781186548,1.),(0.707106781186532,
0.499999999999989,0.707106781186532),(1.,0.707106781186548,1.)))
REPRESENTATION_ITEM('')
SURFACE()
);
#18=(
BOUNDED_SURFACE()
B_SPLINE_SURFACE(2,2,((#10442,#10443,#10444),(#10445,#10446,#10447),(#10448,
#10449,#10450)),.UNSPECIFIED.,.F.,.F.,.F.)
B_SPLINE_SURFACE_WITH_KNOTS((3,3),(3,3),(-1.5707963267949,4.44089209850062E-15),
(-4.03717463500057E-16,1.5707963267949),.UNSPECIFIED.)
GEOMETRIC_REPRESENTATION_ITEM()
RATIONAL_B_SPLINE_SURFACE(((1.,0.707106781186547,1.),(0.707106781186539,
0.499999999999994,0.707106781186539),(1.,0.707106781186547,1.)))
REPRESENTATION_ITEM('')
SURFACE()
);
#19=(
BOUNDED_SURFACE()
B_SPLINE_SURFACE(2,2,((#10462,#10463,#10464),(#10465,#10466,#10467),(#10468,
#10469,#10470)),.UNSPECIFIED.,.F.,.F.,.F.)
B_SPLINE_SURFACE_WITH_KNOTS((3,3),(3,3),(-1.5707963267949,3.63345717150054E-15),
(1.5707963267949,3.14159265358979),.UNSPECIFIED.)
GEOMETRIC_REPRESENTATION_ITEM()
RATIONAL_B_SPLINE_SURFACE(((1.,0.707106781186547,1.),(0.707106781186533,
0.499999999999989,0.707106781186533),(1.,0.707106781186547,1.)))
REPRESENTATION_ITEM('')
SURFACE()
);
#20=(
BOUNDED_SURFACE()
B_SPLINE_SURFACE(2,2,((#10479,#10480,#10481),(#10482,#10483,#10484),(#10485,
#10486,#10487)),.UNSPECIFIED.,.F.,.F.,.F.)
B_SPLINE_SURFACE_WITH_KNOTS((3,3),(3,3),(-1.5707963267949,8.09107015737846E-16),
(-3.14159265358979,-1.5707963267949),.UNSPECIFIED.)
GEOMETRIC_REPRESENTATION_ITEM()
RATIONAL_B_SPLINE_SURFACE(((1.,0.707106781186548,1.),(0.707106781186534,
0.499999999999991,0.707106781186534),(1.,0.707106781186548,1.)))
REPRESENTATION_ITEM('')
SURFACE()
);
#21=(
BOUNDED_SURFACE()
B_SPLINE_SURFACE(2,2,((#10567,#10568,#10569),(#10570,#10571,#10572),(#10573,
#10574,#10575)),.UNSPECIFIED.,.F.,.F.,.F.)
B_SPLINE_SURFACE_WITH_KNOTS((3,3),(3,3),(-1.5707963267949,0.),(-3.14159265358979,
-1.5707963267949),.UNSPECIFIED.)
GEOMETRIC_REPRESENTATION_ITEM()
RATIONAL_B_SPLINE_SURFACE(((1.,0.707106781186548,1.),(0.707106781186536,
0.499999999999992,0.707106781186536),(1.,0.707106781186548,1.)))
REPRESENTATION_ITEM('')
SURFACE()
);
#22=(
BOUNDED_SURFACE()
B_SPLINE_SURFACE(2,2,((#10587,#10588,#10589),(#10590,#10591,#10592),(#10593,
#10594,#10595)),.UNSPECIFIED.,.F.,.F.,.F.)
B_SPLINE_SURFACE_WITH_KNOTS((3,3),(3,3),(-1.5707963267949,0.),(-1.5707963267949,
0.),.UNSPECIFIED.)
GEOMETRIC_REPRESENTATION_ITEM()
RATIONAL_B_SPLINE_SURFACE(((1.,0.707106781186548,1.),(0.707106781186538,
0.499999999999993,0.707106781186538),(1.,0.707106781186548,1.)))
REPRESENTATION_ITEM('')
SURFACE()
);
#23=(
BOUNDED_SURFACE()
B_SPLINE_SURFACE(2,2,((#10607,#10608,#10609),(#10610,#10611,#10612),(#10613,
#10614,#10615)),.UNSPECIFIED.,.F.,.F.,.F.)
B_SPLINE_SURFACE_WITH_KNOTS((3,3),(3,3),(-1.5707963267949,0.),(0.,1.5707963267949),
 .UNSPECIFIED.)
GEOMETRIC_REPRESENTATION_ITEM()
RATIONAL_B_SPLINE_SURFACE(((1.,0.707106781186548,1.),(0.707106781186547,
0.5,0.707106781186547),(1.,0.707106781186548,1.)))
REPRESENTATION_ITEM('')
SURFACE()
);
#24=(
BOUNDED_SURFACE()
B_SPLINE_SURFACE(2,2,((#10627,#10628,#10629),(#10630,#10631,#10632),(#10633,
#10634,#10635)),.UNSPECIFIED.,.F.,.F.,.F.)
B_SPLINE_SURFACE_WITH_KNOTS((3,3),(3,3),(-1.5707963267949,0.),(1.5707963267949,
3.14159265358979),.UNSPECIFIED.)
GEOMETRIC_REPRESENTATION_ITEM()
RATIONAL_B_SPLINE_SURFACE(((1.,0.707106781186548,1.),(0.707106781186547,
0.5,0.707106781186547),(1.,0.707106781186548,1.)))
REPRESENTATION_ITEM('')
SURFACE()
);
#25=(
BOUNDED_SURFACE()
B_SPLINE_SURFACE(2,2,((#10673,#10674,#10675),(#10676,#10677,#10678),(#10679,
#10680,#10681)),.UNSPECIFIED.,.F.,.F.,.F.)
B_SPLINE_SURFACE_WITH_KNOTS((3,3),(3,3),(-1.5707963267949,8.09107015737846E-16),
(-3.14159265358979,-1.5707963267949),.UNSPECIFIED.)
GEOMETRIC_REPRESENTATION_ITEM()
RATIONAL_B_SPLINE_SURFACE(((1.,0.707106781186548,1.),(0.707106781186536,
0.499999999999992,0.707106781186536),(1.,0.707106781186548,1.)))
REPRESENTATION_ITEM('')
SURFACE()
);
#26=(
BOUNDED_SURFACE()
B_SPLINE_SURFACE(2,2,((#10696,#10697,#10698),(#10699,#10700,#10701),(#10702,
#10703,#10704)),.UNSPECIFIED.,.F.,.F.,.F.)
B_SPLINE_SURFACE_WITH_KNOTS((3,3),(3,3),(-1.5707963267949,8.09107015737846E-16),
(-1.5707963267949,0.),.UNSPECIFIED.)
GEOMETRIC_REPRESENTATION_ITEM()
RATIONAL_B_SPLINE_SURFACE(((1.,0.707106781186548,1.),(0.707106781186536,
0.499999999999992,0.707106781186536),(1.,0.707106781186548,1.)))
REPRESENTATION_ITEM('')
SURFACE()
);
#27=(
BOUNDED_SURFACE()
B_SPLINE_SURFACE(2,2,((#10713,#10714,#10715),(#10716,#10717,#10718),(#10719,
#10720,#10721)),.UNSPECIFIED.,.F.,.F.,.F.)
B_SPLINE_SURFACE_WITH_KNOTS((3,3),(3,3),(-1.5707963267949,0.),(-4.03717463500057E-16,
1.5707963267949),.UNSPECIFIED.)
GEOMETRIC_REPRESENTATION_ITEM()
RATIONAL_B_SPLINE_SURFACE(((1.,0.707106781186547,1.),(0.707106781186547,
0.5,0.707106781186547),(1.,0.707106781186547,1.)))
REPRESENTATION_ITEM('')
SURFACE()
);
#28=(
BOUNDED_SURFACE()
B_SPLINE_SURFACE(2,2,((#10729,#10730,#10731),(#10732,#10733,#10734),(#10735,
#10736,#10737)),.UNSPECIFIED.,.F.,.F.,.F.)
B_SPLINE_SURFACE_WITH_KNOTS((3,3),(3,3),(-1.5707963267949,0.),(1.5707963267949,
3.14159265358979),.UNSPECIFIED.)
GEOMETRIC_REPRESENTATION_ITEM()
RATIONAL_B_SPLINE_SURFACE(((1.,0.707106781186547,1.),(0.707106781186547,
0.5,0.707106781186547),(1.,0.707106781186547,1.)))
REPRESENTATION_ITEM('')
SURFACE()
);
#29=STYLED_ITEM('',(#10828),#32);
#30=STYLED_ITEM('',(#10828),#33);
#31=STYLED_ITEM('',(#10828),#34);
#32=MANIFOLD_SOLID_BREP('K\X\F6rper1',#5745);
#33=MANIFOLD_SOLID_BREP('K\X\F6rper8',#5746);
#34=MANIFOLD_SOLID_BREP('K\X\F6rper9',#5747);
#35=SPHERICAL_SURFACE('',#5895,0.5);
#36=SPHERICAL_SURFACE('',#5899,0.500000000000001);
#37=SPHERICAL_SURFACE('',#5903,0.5);
#38=SPHERICAL_SURFACE('',#5913,0.5);
#39=SPHERICAL_SURFACE('',#6019,0.5);
#40=SPHERICAL_SURFACE('',#6021,0.5);
#41=SPHERICAL_SURFACE('',#6412,1.);
#42=SPHERICAL_SURFACE('',#6416,1.);
#43=SPHERICAL_SURFACE('',#6420,1.);
#44=SPHERICAL_SURFACE('',#6424,1.);
#45=SPHERICAL_SURFACE('',#6497,0.999999999999999);
#46=SPHERICAL_SURFACE('',#6501,1.);
#47=SPHERICAL_SURFACE('',#6506,1.);
#48=SPHERICAL_SURFACE('',#6510,1.);
#49=TOROIDAL_SURFACE('',#5790,2.5,0.5);
#50=TOROIDAL_SURFACE('',#5796,2.5,0.5);
#51=TOROIDAL_SURFACE('',#5802,3.5,0.5);
#52=TOROIDAL_SURFACE('',#5808,3.5,0.5);
#53=TOROIDAL_SURFACE('',#5814,2.5,0.5);
#54=TOROIDAL_SURFACE('',#5820,2.5,0.5);
#55=TOROIDAL_SURFACE('',#5827,2.5,0.5);
#56=TOROIDAL_SURFACE('',#5833,2.5,0.5);
#57=TOROIDAL_SURFACE('',#5839,3.5,0.5);
#58=TOROIDAL_SURFACE('',#5845,3.5,0.5);
#59=TOROIDAL_SURFACE('',#5851,2.5,0.5);
#60=TOROIDAL_SURFACE('',#5857,2.5,0.5);
#61=TOROIDAL_SURFACE('',#5907,9.5,0.5);
#62=TOROIDAL_SURFACE('',#5920,9.5,0.5);
#63=TOROIDAL_SURFACE('',#5929,2.5,0.5);
#64=TOROIDAL_SURFACE('',#5935,6.5,0.5);
#65=TOROIDAL_SURFACE('',#5943,6.5,0.5);
#66=TOROIDAL_SURFACE('',#5948,5.5,0.5);
#67=TOROIDAL_SURFACE('',#5954,2.5,0.5);
#68=TOROIDAL_SURFACE('',#5960,2.5,0.5);
#69=TOROIDAL_SURFACE('',#5966,2.5,0.5);
#70=TOROIDAL_SURFACE('',#5972,3.5,0.5);
#71=TOROIDAL_SURFACE('',#5978,3.5,0.5);
#72=TOROIDAL_SURFACE('',#5984,2.5,0.5);
#73=TOROIDAL_SURFACE('',#5990,2.5,0.5);
#74=TOROIDAL_SURFACE('',#5996,2.5,0.5);
#75=TOROIDAL_SURFACE('',#6002,5.5,0.5);
#76=TOROIDAL_SURFACE('',#6008,2.5,0.5);
#77=TOROIDAL_SURFACE('',#6059,2.5,0.5);
#78=TOROIDAL_SURFACE('',#6064,2.5,0.5);
#79=TOROIDAL_SURFACE('',#6068,2.5,0.5);
#80=TOROIDAL_SURFACE('',#6072,3.5,0.5);
#81=TOROIDAL_SURFACE('',#6076,3.5,0.5);
#82=TOROIDAL_SURFACE('',#6080,2.5,0.5);
#83=TOROIDAL_SURFACE('',#6084,2.5,0.5);
#84=TOROIDAL_SURFACE('',#6088,2.5,0.5);
#85=TOROIDAL_SURFACE('',#6105,4.5,2.);
#86=TOROIDAL_SURFACE('',#6136,1.5,0.5);
#87=TOROIDAL_SURFACE('',#6142,1.5,0.5);
#88=TOROIDAL_SURFACE('',#6147,1.5,0.5);
#89=TOROIDAL_SURFACE('',#6152,1.5,0.5);
#90=TOROIDAL_SURFACE('',#6162,1.5,0.5);
#91=TOROIDAL_SURFACE('',#6167,1.5,0.5);
#92=TOROIDAL_SURFACE('',#6172,1.5,0.5);
#93=TOROIDAL_SURFACE('',#6177,1.5,0.5);
#94=TOROIDAL_SURFACE('',#6181,1.5,0.5);
#95=TOROIDAL_SURFACE('',#6187,1.5,0.5);
#96=TOROIDAL_SURFACE('',#6192,1.5,0.5);
#97=TOROIDAL_SURFACE('',#6197,1.5,0.5);
#98=TOROIDAL_SURFACE('',#6210,1.5,0.5);
#99=TOROIDAL_SURFACE('',#6215,1.5,0.5);
#100=TOROIDAL_SURFACE('',#6220,1.5,0.5);
#101=TOROIDAL_SURFACE('',#6226,1.5,0.5);
#102=TOROIDAL_SURFACE('',#6249,1.5,0.5);
#103=TOROIDAL_SURFACE('',#6255,1.5,0.5);
#104=TOROIDAL_SURFACE('',#6260,1.5,0.5);
#105=TOROIDAL_SURFACE('',#6265,1.5,0.5);
#106=TOROIDAL_SURFACE('',#6275,1.5,0.5);
#107=TOROIDAL_SURFACE('',#6281,1.5,0.5);
#108=TOROIDAL_SURFACE('',#6285,1.5,0.5);
#109=TOROIDAL_SURFACE('',#6289,1.5,0.5);
#110=TOROIDAL_SURFACE('',#6296,1.5,0.5);
#111=TOROIDAL_SURFACE('',#6302,1.5,0.5);
#112=TOROIDAL_SURFACE('',#6307,1.5,0.5);
#113=TOROIDAL_SURFACE('',#6312,1.5,0.5);
#114=TOROIDAL_SURFACE('',#6325,1.5,0.5);
#115=TOROIDAL_SURFACE('',#6330,1.5,0.5);
#116=TOROIDAL_SURFACE('',#6336,1.5,0.5);
#117=TOROIDAL_SURFACE('',#6342,1.5,0.5);
#118=ELLIPSE('',#5784,0.707106781186548,0.5);
#119=ELLIPSE('',#5786,0.707106781186548,0.5);
#120=ELLIPSE('',#5789,0.707106781186548,0.5);
#121=ELLIPSE('',#5826,0.707106781186548,0.5);
#122=ELLIPSE('',#5893,7.43303437365925,4.99999999999999);
#123=ELLIPSE('',#5894,7.43303437365925,5.);
#124=ELLIPSE('',#6017,7.43303437365925,5.);
#125=ELLIPSE('',#6018,7.43303437365925,5.);
#126=ELLIPSE('',#6041,7.43303437365925,5.);
#127=ELLIPSE('',#6044,7.43303437365925,5.);
#128=ELLIPSE('',#6055,7.43303437365925,5.);
#129=ELLIPSE('',#6056,7.43303437365925,5.);
#130=CYLINDRICAL_SURFACE('',#5782,0.5);
#131=CYLINDRICAL_SURFACE('',#5785,0.5);
#132=CYLINDRICAL_SURFACE('',#5787,0.5);
#133=CYLINDRICAL_SURFACE('',#5794,0.5);
#134=CYLINDRICAL_SURFACE('',#5800,0.5);
#135=CYLINDRICAL_SURFACE('',#5806,0.5);
#136=CYLINDRICAL_SURFACE('',#5812,0.5);
#137=CYLINDRICAL_SURFACE('',#5818,0.5);
#138=CYLINDRICAL_SURFACE('',#5824,0.5);
#139=CYLINDRICAL_SURFACE('',#5825,0.5);
#140=CYLINDRICAL_SURFACE('',#5831,0.5);
#141=CYLINDRICAL_SURFACE('',#5837,0.5);
#142=CYLINDRICAL_SURFACE('',#5843,0.5);
#143=CYLINDRICAL_SURFACE('',#5849,0.5);
#144=CYLINDRICAL_SURFACE('',#5855,0.5);
#145=CYLINDRICAL_SURFACE('',#5861,0.5);
#146=CYLINDRICAL_SURFACE('',#5862,3.);
#147=CYLINDRICAL_SURFACE('',#5865,3.);
#148=CYLINDRICAL_SURFACE('',#5868,3.);
#149=CYLINDRICAL_SURFACE('',#5871,3.);
#150=CYLINDRICAL_SURFACE('',#5874,3.);
#151=CYLINDRICAL_SURFACE('',#5877,3.);
#152=CYLINDRICAL_SURFACE('',#5890,0.5);
#153=CYLINDRICAL_SURFACE('',#5912,0.5);
#154=CYLINDRICAL_SURFACE('',#5917,0.5);
#155=CYLINDRICAL_SURFACE('',#5918,0.5);
#156=CYLINDRICAL_SURFACE('',#5924,0.5);
#157=CYLINDRICAL_SURFACE('',#5926,0.5);
#158=CYLINDRICAL_SURFACE('',#5932,0.5);
#159=CYLINDRICAL_SURFACE('',#5939,0.5);
#160=CYLINDRICAL_SURFACE('',#5940,0.5);
#161=CYLINDRICAL_SURFACE('',#5947,0.5);
#162=CYLINDRICAL_SURFACE('',#5952,0.5);
#163=CYLINDRICAL_SURFACE('',#5958,0.5);
#164=CYLINDRICAL_SURFACE('',#5964,0.5);
#165=CYLINDRICAL_SURFACE('',#5970,0.5);
#166=CYLINDRICAL_SURFACE('',#5976,0.5);
#167=CYLINDRICAL_SURFACE('',#5982,0.5);
#168=CYLINDRICAL_SURFACE('',#5988,0.5);
#169=CYLINDRICAL_SURFACE('',#5994,0.5);
#170=CYLINDRICAL_SURFACE('',#6000,0.5);
#171=CYLINDRICAL_SURFACE('',#6005,0.5);
#172=CYLINDRICAL_SURFACE('',#6006,0.5);
#173=CYLINDRICAL_SURFACE('',#6012,0.5);
#174=CYLINDRICAL_SURFACE('',#6014,0.5);
#175=CYLINDRICAL_SURFACE('',#6024,6.);
#176=CYLINDRICAL_SURFACE('',#6026,3.);
#177=CYLINDRICAL_SURFACE('',#6028,3.);
#178=CYLINDRICAL_SURFACE('',#6030,3.);
#179=CYLINDRICAL_SURFACE('',#6032,3.);
#180=CYLINDRICAL_SURFACE('',#6034,3.);
#181=CYLINDRICAL_SURFACE('',#6036,3.);
#182=CYLINDRICAL_SURFACE('',#6037,3.);
#183=CYLINDRICAL_SURFACE('',#6040,5.);
#184=CYLINDRICAL_SURFACE('',#6043,5.);
#185=CYLINDRICAL_SURFACE('',#6057,0.5);
#186=CYLINDRICAL_SURFACE('',#6062,0.5);
#187=CYLINDRICAL_SURFACE('',#6066,0.5);
#188=CYLINDRICAL_SURFACE('',#6070,0.5);
#189=CYLINDRICAL_SURFACE('',#6074,0.5);
#190=CYLINDRICAL_SURFACE('',#6078,0.5);
#191=CYLINDRICAL_SURFACE('',#6082,0.5);
#192=CYLINDRICAL_SURFACE('',#6086,0.5);
#193=CYLINDRICAL_SURFACE('',#6090,0.5);
#194=CYLINDRICAL_SURFACE('',#6092,3.);
#195=CYLINDRICAL_SURFACE('',#6093,5.);
#196=CYLINDRICAL_SURFACE('',#6094,5.);
#197=CYLINDRICAL_SURFACE('',#6095,5.);
#198=CYLINDRICAL_SURFACE('',#6127,1.25);
#199=CYLINDRICAL_SURFACE('',#6128,1.25);
#200=CYLINDRICAL_SURFACE('',#6129,0.5);
#201=CYLINDRICAL_SURFACE('',#6131,3.);
#202=CYLINDRICAL_SURFACE('',#6133,10.);
#203=CYLINDRICAL_SURFACE('',#6140,0.5);
#204=CYLINDRICAL_SURFACE('',#6145,0.5);
#205=CYLINDRICAL_SURFACE('',#6150,0.5);
#206=CYLINDRICAL_SURFACE('',#6155,0.5);
#207=CYLINDRICAL_SURFACE('',#6157,1.);
#208=CYLINDRICAL_SURFACE('',#6160,1.);
#209=CYLINDRICAL_SURFACE('',#6165,0.5);
#210=CYLINDRICAL_SURFACE('',#6170,0.5);
#211=CYLINDRICAL_SURFACE('',#6175,0.5);
#212=CYLINDRICAL_SURFACE('',#6179,0.5);
#213=CYLINDRICAL_SURFACE('',#6185,0.5);
#214=CYLINDRICAL_SURFACE('',#6190,0.5);
#215=CYLINDRICAL_SURFACE('',#6195,0.5);
#216=CYLINDRICAL_SURFACE('',#6200,0.5);
#217=CYLINDRICAL_SURFACE('',#6202,1.);
#218=CYLINDRICAL_SURFACE('',#6205,1.);
#219=CYLINDRICAL_SURFACE('',#6207,0.5);
#220=CYLINDRICAL_SURFACE('',#6213,0.5);
#221=CYLINDRICAL_SURFACE('',#6218,0.5);
#222=CYLINDRICAL_SURFACE('',#6224,0.5);
#223=CYLINDRICAL_SURFACE('',#6229,1.);
#224=CYLINDRICAL_SURFACE('',#6231,1.);
#225=CYLINDRICAL_SURFACE('',#6238,1.);
#226=CYLINDRICAL_SURFACE('',#6239,1.);
#227=CYLINDRICAL_SURFACE('',#6241,1.);
#228=CYLINDRICAL_SURFACE('',#6243,1.);
#229=CYLINDRICAL_SURFACE('',#6245,1.);
#230=CYLINDRICAL_SURFACE('',#6246,1.);
#231=CYLINDRICAL_SURFACE('',#6253,0.5);
#232=CYLINDRICAL_SURFACE('',#6258,0.5);
#233=CYLINDRICAL_SURFACE('',#6263,0.5);
#234=CYLINDRICAL_SURFACE('',#6268,0.5);
#235=CYLINDRICAL_SURFACE('',#6270,1.);
#236=CYLINDRICAL_SURFACE('',#6273,1.);
#237=CYLINDRICAL_SURFACE('',#6279,0.5);
#238=CYLINDRICAL_SURFACE('',#6283,0.5);
#239=CYLINDRICAL_SURFACE('',#6287,0.5);
#240=CYLINDRICAL_SURFACE('',#6292,0.5);
#241=CYLINDRICAL_SURFACE('',#6293,1.);
#242=CYLINDRICAL_SURFACE('',#6295,1.);
#243=CYLINDRICAL_SURFACE('',#6300,0.5);
#244=CYLINDRICAL_SURFACE('',#6305,0.5);
#245=CYLINDRICAL_SURFACE('',#6310,0.5);
#246=CYLINDRICAL_SURFACE('',#6315,0.5);
#247=CYLINDRICAL_SURFACE('',#6317,1.);
#248=CYLINDRICAL_SURFACE('',#6320,1.);
#249=CYLINDRICAL_SURFACE('',#6322,0.5);
#250=CYLINDRICAL_SURFACE('',#6328,0.5);
#251=CYLINDRICAL_SURFACE('',#6334,0.5);
#252=CYLINDRICAL_SURFACE('',#6340,0.5);
#253=CYLINDRICAL_SURFACE('',#6344,1.);
#254=CYLINDRICAL_SURFACE('',#6351,1.);
#255=CYLINDRICAL_SURFACE('',#6354,1.);
#256=CYLINDRICAL_SURFACE('',#6356,1.);
#257=CYLINDRICAL_SURFACE('',#6358,1.);
#258=CYLINDRICAL_SURFACE('',#6360,1.);
#259=CYLINDRICAL_SURFACE('',#6362,0.5);
#260=CYLINDRICAL_SURFACE('',#6368,0.5);
#261=CYLINDRICAL_SURFACE('',#6373,0.5);
#262=CYLINDRICAL_SURFACE('',#6378,0.5);
#263=CYLINDRICAL_SURFACE('',#6382,1.);
#264=CYLINDRICAL_SURFACE('',#6385,1.);
#265=CYLINDRICAL_SURFACE('',#6396,0.5);
#266=CYLINDRICAL_SURFACE('',#6401,0.5);
#267=CYLINDRICAL_SURFACE('',#6406,0.5);
#268=CYLINDRICAL_SURFACE('',#6410,0.5);
#269=CYLINDRICAL_SURFACE('',#6428,1.);
#270=CYLINDRICAL_SURFACE('',#6429,1.);
#271=CYLINDRICAL_SURFACE('',#6430,1.);
#272=CYLINDRICAL_SURFACE('',#6431,1.);
#273=CYLINDRICAL_SURFACE('',#6432,1.);
#274=CYLINDRICAL_SURFACE('',#6433,1.);
#275=CYLINDRICAL_SURFACE('',#6434,1.);
#276=CYLINDRICAL_SURFACE('',#6435,1.);
#277=CYLINDRICAL_SURFACE('',#6439,1.);
#278=CYLINDRICAL_SURFACE('',#6441,1.);
#279=CYLINDRICAL_SURFACE('',#6445,0.5);
#280=CYLINDRICAL_SURFACE('',#6451,0.5);
#281=CYLINDRICAL_SURFACE('',#6456,0.5);
#282=CYLINDRICAL_SURFACE('',#6461,0.5);
#283=CYLINDRICAL_SURFACE('',#6465,1.);
#284=CYLINDRICAL_SURFACE('',#6468,1.);
#285=CYLINDRICAL_SURFACE('',#6480,0.5);
#286=CYLINDRICAL_SURFACE('',#6485,0.5);
#287=CYLINDRICAL_SURFACE('',#6489,0.5);
#288=CYLINDRICAL_SURFACE('',#6493,0.5);
#289=CYLINDRICAL_SURFACE('',#6495,1.);
#290=CYLINDRICAL_SURFACE('',#6505,1.);
#291=CYLINDRICAL_SURFACE('',#6514,1.);
#292=CYLINDRICAL_SURFACE('',#6515,1.);
#293=CYLINDRICAL_SURFACE('',#6516,1.);
#294=CYLINDRICAL_SURFACE('',#6517,1.);
#295=CYLINDRICAL_SURFACE('',#6518,1.);
#296=CYLINDRICAL_SURFACE('',#6519,1.);
#297=CYLINDRICAL_SURFACE('',#6520,1.);
#298=CYLINDRICAL_SURFACE('',#6524,1.);
#299=FACE_BOUND('',#1576,.T.);
#300=FACE_BOUND('',#1577,.T.);
#301=FACE_BOUND('',#1578,.T.);
#302=FACE_BOUND('',#1620,.T.);
#303=FACE_BOUND('',#1621,.T.);
#304=FACE_BOUND('',#1690,.T.);
#305=FACE_BOUND('',#1691,.T.);
#306=FACE_BOUND('',#1694,.T.);
#307=FACE_BOUND('',#1695,.T.);
#308=FACE_BOUND('',#1720,.T.);
#309=FACE_BOUND('',#1721,.T.);
#310=FACE_BOUND('',#1730,.T.);
#311=FACE_BOUND('',#1738,.T.);
#312=FACE_BOUND('',#1740,.T.);
#313=FACE_BOUND('',#1741,.T.);
#314=FACE_BOUND('',#1798,.T.);
#315=FACE_BOUND('',#1856,.T.);
#316=FACE_BOUND('',#1881,.T.);
#317=FACE_BOUND('',#1925,.T.);
#318=LINE('',#8735,#717);
#319=LINE('',#8737,#718);
#320=LINE('',#8739,#719);
#321=LINE('',#8741,#720);
#322=LINE('',#8742,#721);
#323=LINE('',#8837,#722);
#324=LINE('',#8839,#723);
#325=LINE('',#8841,#724);
#326=LINE('',#8843,#725);
#327=LINE('',#8845,#726);
#328=LINE('',#8849,#727);
#329=LINE('',#8853,#728);
#330=LINE('',#8857,#729);
#331=LINE('',#8861,#730);
#332=LINE('',#8865,#731);
#333=LINE('',#8869,#732);
#334=LINE('',#8873,#733);
#335=LINE('',#8877,#734);
#336=LINE('',#8881,#735);
#337=LINE('',#8885,#736);
#338=LINE('',#8889,#737);
#339=LINE('',#8893,#738);
#340=LINE('',#8897,#739);
#341=LINE('',#8901,#740);
#342=LINE('',#8905,#741);
#343=LINE('',#8910,#742);
#344=LINE('',#8914,#743);
#345=LINE('',#8918,#744);
#346=LINE('',#8921,#745);
#347=LINE('',#8925,#746);
#348=LINE('',#8929,#747);
#349=LINE('',#8941,#748);
#350=LINE('',#8942,#749);
#351=LINE('',#8953,#750);
#352=LINE('',#8954,#751);
#353=LINE('',#8965,#752);
#354=LINE('',#8966,#753);
#355=LINE('',#8977,#754);
#356=LINE('',#8978,#755);
#357=LINE('',#8989,#756);
#358=LINE('',#8990,#757);
#359=LINE('',#8998,#758);
#360=LINE('',#8999,#759);
#361=LINE('',#9002,#760);
#362=LINE('',#9004,#761);
#363=LINE('',#9016,#762);
#364=LINE('',#9017,#763);
#365=LINE('',#9028,#764);
#366=LINE('',#9029,#765);
#367=LINE('',#9040,#766);
#368=LINE('',#9041,#767);
#369=LINE('',#9052,#768);
#370=LINE('',#9053,#769);
#371=LINE('',#9064,#770);
#372=LINE('',#9065,#771);
#373=LINE('',#9073,#772);
#374=LINE('',#9074,#773);
#375=LINE('',#9077,#774);
#376=LINE('',#9080,#775);
#377=LINE('',#9083,#776);
#378=LINE('',#9084,#777);
#379=LINE('',#9087,#778);
#380=LINE('',#9091,#779);
#381=LINE('',#9092,#780);
#382=LINE('',#9095,#781);
#383=LINE('',#9099,#782);
#384=LINE('',#9100,#783);
#385=LINE('',#9103,#784);
#386=LINE('',#9107,#785);
#387=LINE('',#9108,#786);
#388=LINE('',#9111,#787);
#389=LINE('',#9115,#788);
#390=LINE('',#9116,#789);
#391=LINE('',#9119,#790);
#392=LINE('',#9123,#791);
#393=LINE('',#9125,#792);
#394=LINE('',#9127,#793);
#395=LINE('',#9128,#794);
#396=LINE('',#9130,#795);
#397=LINE('',#9135,#796);
#398=LINE('',#9139,#797);
#399=LINE('',#9143,#798);
#400=LINE('',#9146,#799);
#401=LINE('',#9151,#800);
#402=LINE('',#9155,#801);
#403=LINE('',#9159,#802);
#404=LINE('',#9162,#803);
#405=LINE('',#9164,#804);
#406=LINE('',#9170,#805);
#407=LINE('',#9173,#806);
#408=LINE('',#9237,#807);
#409=LINE('',#9238,#808);
#410=LINE('',#9247,#809);
#411=LINE('',#9248,#810);
#412=LINE('',#9253,#811);
#413=LINE('',#9254,#812);
#414=LINE('',#9265,#813);
#415=LINE('',#9266,#814);
#416=LINE('',#9272,#815);
#417=LINE('',#9275,#816);
#418=LINE('',#9283,#817);
#419=LINE('',#9284,#818);
#420=LINE('',#9337,#819);
#421=LINE('',#9338,#820);
#422=LINE('',#9343,#821);
#423=LINE('',#9344,#822);
#424=LINE('',#9397,#823);
#425=LINE('',#9398,#824);
#426=LINE('',#9407,#825);
#427=LINE('',#9418,#826);
#428=LINE('',#9419,#827);
#429=LINE('',#9430,#828);
#430=LINE('',#9431,#829);
#431=LINE('',#9442,#830);
#432=LINE('',#9443,#831);
#433=LINE('',#9454,#832);
#434=LINE('',#9455,#833);
#435=LINE('',#9466,#834);
#436=LINE('',#9467,#835);
#437=LINE('',#9478,#836);
#438=LINE('',#9479,#837);
#439=LINE('',#9488,#838);
#440=LINE('',#9499,#839);
#441=LINE('',#9500,#840);
#442=LINE('',#9505,#841);
#443=LINE('',#9506,#842);
#444=LINE('',#9511,#843);
#445=LINE('',#9512,#844);
#446=LINE('',#9522,#845);
#447=LINE('',#9523,#846);
#448=LINE('',#9528,#847);
#449=LINE('',#9531,#848);
#450=LINE('',#9569,#849);
#451=LINE('',#9571,#850);
#452=LINE('',#9574,#851);
#453=LINE('',#9575,#852);
#454=LINE('',#9576,#853);
#455=LINE('',#9578,#854);
#456=LINE('',#9580,#855);
#457=LINE('',#9582,#856);
#458=LINE('',#9584,#857);
#459=LINE('',#9586,#858);
#460=LINE('',#9588,#859);
#461=LINE('',#9590,#860);
#462=LINE('',#9592,#861);
#463=LINE('',#9594,#862);
#464=LINE('',#9596,#863);
#465=LINE('',#9600,#864);
#466=LINE('',#9604,#865);
#467=LINE('',#9605,#866);
#468=LINE('',#9608,#867);
#469=LINE('',#9611,#868);
#470=LINE('',#9614,#869);
#471=LINE('',#9616,#870);
#472=LINE('',#9618,#871);
#473=LINE('',#9620,#872);
#474=LINE('',#9622,#873);
#475=LINE('',#9623,#874);
#476=LINE('',#9626,#875);
#477=LINE('',#9628,#876);
#478=LINE('',#9630,#877);
#479=LINE('',#9632,#878);
#480=LINE('',#9634,#879);
#481=LINE('',#9635,#880);
#482=LINE('',#9643,#881);
#483=LINE('',#9647,#882);
#484=LINE('',#9651,#883);
#485=LINE('',#9654,#884);
#486=LINE('',#9659,#885);
#487=LINE('',#9663,#886);
#488=LINE('',#9667,#887);
#489=LINE('',#9670,#888);
#490=LINE('',#9772,#889);
#491=LINE('',#9774,#890);
#492=LINE('',#9776,#891);
#493=LINE('',#9782,#892);
#494=LINE('',#9786,#893);
#495=LINE('',#9790,#894);
#496=LINE('',#9793,#895);
#497=LINE('',#9798,#896);
#498=LINE('',#9802,#897);
#499=LINE('',#9806,#898);
#500=LINE('',#9809,#899);
#501=LINE('',#9814,#900);
#502=LINE('',#9816,#901);
#503=LINE('',#9817,#902);
#504=LINE('',#9820,#903);
#505=LINE('',#9821,#904);
#506=LINE('',#9824,#905);
#507=LINE('',#9825,#906);
#508=LINE('',#9828,#907);
#509=LINE('',#9829,#908);
#510=LINE('',#9832,#909);
#511=LINE('',#9833,#910);
#512=LINE('',#9835,#911);
#513=LINE('',#9841,#912);
#514=LINE('',#9843,#913);
#515=LINE('',#9844,#914);
#516=LINE('',#9847,#915);
#517=LINE('',#9848,#916);
#518=LINE('',#9851,#917);
#519=LINE('',#9852,#918);
#520=LINE('',#9855,#919);
#521=LINE('',#9856,#920);
#522=LINE('',#9859,#921);
#523=LINE('',#9860,#922);
#524=LINE('',#9862,#923);
#525=LINE('',#9872,#924);
#526=LINE('',#9874,#925);
#527=LINE('',#9876,#926);
#528=LINE('',#9878,#927);
#529=LINE('',#9880,#928);
#530=LINE('',#9882,#929);
#531=LINE('',#9884,#930);
#532=LINE('',#9886,#931);
#533=LINE('',#9898,#932);
#534=LINE('',#9906,#933);
#535=LINE('',#9914,#934);
#536=LINE('',#9920,#935);
#537=LINE('',#9923,#936);
#538=LINE('',#9925,#937);
#539=LINE('',#9926,#938);
#540=LINE('',#9929,#939);
#541=LINE('',#9933,#940);
#542=LINE('',#9934,#941);
#543=LINE('',#9937,#942);
#544=LINE('',#9951,#943);
#545=LINE('',#9958,#944);
#546=LINE('',#9963,#945);
#547=LINE('',#9973,#946);
#548=LINE('',#9981,#947);
#549=LINE('',#9989,#948);
#550=LINE('',#9995,#949);
#551=LINE('',#9998,#950);
#552=LINE('',#10000,#951);
#553=LINE('',#10001,#952);
#554=LINE('',#10004,#953);
#555=LINE('',#10008,#954);
#556=LINE('',#10009,#955);
#557=LINE('',#10012,#956);
#558=LINE('',#10019,#957);
#559=LINE('',#10021,#958);
#560=LINE('',#10029,#959);
#561=LINE('',#10037,#960);
#562=LINE('',#10048,#961);
#563=LINE('',#10049,#962);
#564=LINE('',#10054,#963);
#565=LINE('',#10056,#964);
#566=LINE('',#10058,#965);
#567=LINE('',#10065,#966);
#568=LINE('',#10069,#967);
#569=LINE('',#10073,#968);
#570=LINE('',#10076,#969);
#571=LINE('',#10078,#970);
#572=LINE('',#10080,#971);
#573=LINE('',#10083,#972);
#574=LINE('',#10084,#973);
#575=LINE('',#10086,#974);
#576=LINE('',#10088,#975);
#577=LINE('',#10089,#976);
#578=LINE('',#10091,#977);
#579=LINE('',#10093,#978);
#580=LINE('',#10095,#979);
#581=LINE('',#10107,#980);
#582=LINE('',#10115,#981);
#583=LINE('',#10123,#982);
#584=LINE('',#10129,#983);
#585=LINE('',#10132,#984);
#586=LINE('',#10134,#985);
#587=LINE('',#10135,#986);
#588=LINE('',#10138,#987);
#589=LINE('',#10142,#988);
#590=LINE('',#10143,#989);
#591=LINE('',#10146,#990);
#592=LINE('',#10156,#991);
#593=LINE('',#10170,#992);
#594=LINE('',#10172,#993);
#595=LINE('',#10174,#994);
#596=LINE('',#10176,#995);
#597=LINE('',#10186,#996);
#598=LINE('',#10194,#997);
#599=LINE('',#10202,#998);
#600=LINE('',#10208,#999);
#601=LINE('',#10211,#1000);
#602=LINE('',#10213,#1001);
#603=LINE('',#10214,#1002);
#604=LINE('',#10217,#1003);
#605=LINE('',#10221,#1004);
#606=LINE('',#10222,#1005);
#607=LINE('',#10225,#1006);
#608=LINE('',#10231,#1007);
#609=LINE('',#10240,#1008);
#610=LINE('',#10251,#1009);
#611=LINE('',#10252,#1010);
#612=LINE('',#10262,#1011);
#613=LINE('',#10263,#1012);
#614=LINE('',#10267,#1013);
#615=LINE('',#10268,#1014);
#616=LINE('',#10275,#1015);
#617=LINE('',#10279,#1016);
#618=LINE('',#10283,#1017);
#619=LINE('',#10286,#1018);
#620=LINE('',#10288,#1019);
#621=LINE('',#10292,#1020);
#622=LINE('',#10293,#1021);
#623=LINE('',#10295,#1022);
#624=LINE('',#10297,#1023);
#625=LINE('',#10298,#1024);
#626=LINE('',#10301,#1025);
#627=LINE('',#10302,#1026);
#628=LINE('',#10305,#1027);
#629=LINE('',#10312,#1028);
#630=LINE('',#10315,#1029);
#631=LINE('',#10334,#1030);
#632=LINE('',#10335,#1031);
#633=LINE('',#10354,#1032);
#634=LINE('',#10355,#1033);
#635=LINE('',#10374,#1034);
#636=LINE('',#10375,#1035);
#637=LINE('',#10389,#1036);
#638=LINE('',#10392,#1037);
#639=LINE('',#10395,#1038);
#640=LINE('',#10396,#1039);
#641=LINE('',#10399,#1040);
#642=LINE('',#10403,#1041);
#643=LINE('',#10404,#1042);
#644=LINE('',#10408,#1043);
#645=LINE('',#10412,#1044);
#646=LINE('',#10416,#1045);
#647=LINE('',#10420,#1046);
#648=LINE('',#10440,#1047);
#649=LINE('',#10441,#1048);
#650=LINE('',#10460,#1049);
#651=LINE('',#10461,#1050);
#652=LINE('',#10478,#1051);
#653=LINE('',#10492,#1052);
#654=LINE('',#10523,#1053);
#655=LINE('',#10524,#1054);
#656=LINE('',#10526,#1055);
#657=LINE('',#10527,#1056);
#658=LINE('',#10529,#1057);
#659=LINE('',#10530,#1058);
#660=LINE('',#10532,#1059);
#661=LINE('',#10533,#1060);
#662=LINE('',#10535,#1061);
#663=LINE('',#10536,#1062);
#664=LINE('',#10538,#1063);
#665=LINE('',#10539,#1064);
#666=LINE('',#10541,#1065);
#667=LINE('',#10542,#1066);
#668=LINE('',#10544,#1067);
#669=LINE('',#10545,#1068);
#670=LINE('',#10550,#1069);
#671=LINE('',#10551,#1070);
#672=LINE('',#10553,#1071);
#673=LINE('',#10563,#1072);
#674=LINE('',#10566,#1073);
#675=LINE('',#10585,#1074);
#676=LINE('',#10586,#1075);
#677=LINE('',#10605,#1076);
#678=LINE('',#10606,#1077);
#679=LINE('',#10625,#1078);
#680=LINE('',#10626,#1079);
#681=LINE('',#10640,#1080);
#682=LINE('',#10643,#1081);
#683=LINE('',#10646,#1082);
#684=LINE('',#10647,#1083);
#685=LINE('',#10650,#1084);
#686=LINE('',#10654,#1085);
#687=LINE('',#10655,#1086);
#688=LINE('',#10661,#1087);
#689=LINE('',#10665,#1088);
#690=LINE('',#10669,#1089);
#691=LINE('',#10672,#1090);
#692=LINE('',#10694,#1091);
#693=LINE('',#10695,#1092);
#694=LINE('',#10712,#1093);
#695=LINE('',#10728,#1094);
#696=LINE('',#10742,#1095);
#697=LINE('',#10743,#1096);
#698=LINE('',#10745,#1097);
#699=LINE('',#10747,#1098);
#700=LINE('',#10764,#1099);
#701=LINE('',#10765,#1100);
#702=LINE('',#10781,#1101);
#703=LINE('',#10782,#1102);
#704=LINE('',#10784,#1103);
#705=LINE('',#10785,#1104);
#706=LINE('',#10787,#1105);
#707=LINE('',#10788,#1106);
#708=LINE('',#10790,#1107);
#709=LINE('',#10791,#1108);
#710=LINE('',#10793,#1109);
#711=LINE('',#10794,#1110);
#712=LINE('',#10796,#1111);
#713=LINE('',#10797,#1112);
#714=LINE('',#10799,#1113);
#715=LINE('',#10800,#1114);
#716=LINE('',#10805,#1115);
#717=VECTOR('',#6536,10.);
#718=VECTOR('',#6537,10.);
#719=VECTOR('',#6538,10.);
#720=VECTOR('',#6539,10.);
#721=VECTOR('',#6540,10.);
#722=VECTOR('',#6545,10.);
#723=VECTOR('',#6546,10.);
#724=VECTOR('',#6547,10.);
#725=VECTOR('',#6548,10.);
#726=VECTOR('',#6549,10.);
#727=VECTOR('',#6552,10.);
#728=VECTOR('',#6555,10.);
#729=VECTOR('',#6558,10.);
#730=VECTOR('',#6561,10.);
#731=VECTOR('',#6564,10.);
#732=VECTOR('',#6567,10.);
#733=VECTOR('',#6570,10.);
#734=VECTOR('',#6573,10.);
#735=VECTOR('',#6576,10.);
#736=VECTOR('',#6579,10.);
#737=VECTOR('',#6582,10.);
#738=VECTOR('',#6585,10.);
#739=VECTOR('',#6588,10.);
#740=VECTOR('',#6591,10.);
#741=VECTOR('',#6594,10.);
#742=VECTOR('',#6599,10.);
#743=VECTOR('',#6602,10.);
#744=VECTOR('',#6607,10.);
#745=VECTOR('',#6610,10.);
#746=VECTOR('',#6613,10.);
#747=VECTOR('',#6616,10.);
#748=VECTOR('',#6631,10.);
#749=VECTOR('',#6632,10.);
#750=VECTOR('',#6645,10.);
#751=VECTOR('',#6646,10.);
#752=VECTOR('',#6659,10.);
#753=VECTOR('',#6660,10.);
#754=VECTOR('',#6673,10.);
#755=VECTOR('',#6674,10.);
#756=VECTOR('',#6687,10.);
#757=VECTOR('',#6688,10.);
#758=VECTOR('',#6699,10.);
#759=VECTOR('',#6700,10.);
#760=VECTOR('',#6703,10.);
#761=VECTOR('',#6704,10.);
#762=VECTOR('',#6719,10.);
#763=VECTOR('',#6720,10.);
#764=VECTOR('',#6733,10.);
#765=VECTOR('',#6734,10.);
#766=VECTOR('',#6747,10.);
#767=VECTOR('',#6748,10.);
#768=VECTOR('',#6761,10.);
#769=VECTOR('',#6762,10.);
#770=VECTOR('',#6775,10.);
#771=VECTOR('',#6776,10.);
#772=VECTOR('',#6787,10.);
#773=VECTOR('',#6788,10.);
#774=VECTOR('',#6791,10.);
#775=VECTOR('',#6794,10.);
#776=VECTOR('',#6797,10.);
#777=VECTOR('',#6798,10.);
#778=VECTOR('',#6801,10.);
#779=VECTOR('',#6806,10.);
#780=VECTOR('',#6807,10.);
#781=VECTOR('',#6810,10.);
#782=VECTOR('',#6815,10.);
#783=VECTOR('',#6816,10.);
#784=VECTOR('',#6819,10.);
#785=VECTOR('',#6824,10.);
#786=VECTOR('',#6825,10.);
#787=VECTOR('',#6828,10.);
#788=VECTOR('',#6833,10.);
#789=VECTOR('',#6834,10.);
#790=VECTOR('',#6837,10.);
#791=VECTOR('',#6842,10.);
#792=VECTOR('',#6843,10.);
#793=VECTOR('',#6844,10.);
#794=VECTOR('',#6845,10.);
#795=VECTOR('',#6848,10.);
#796=VECTOR('',#6851,10.);
#797=VECTOR('',#6854,10.);
#798=VECTOR('',#6857,10.);
#799=VECTOR('',#6860,10.);
#800=VECTOR('',#6863,10.);
#801=VECTOR('',#6866,10.);
#802=VECTOR('',#6869,10.);
#803=VECTOR('',#6872,10.);
#804=VECTOR('',#6875,10.);
#805=VECTOR('',#6880,10.);
#806=VECTOR('',#6883,10.);
#807=VECTOR('',#6924,10.);
#808=VECTOR('',#6925,10.);
#809=VECTOR('',#6936,10.);
#810=VECTOR('',#6937,10.);
#811=VECTOR('',#6942,10.);
#812=VECTOR('',#6943,10.);
#813=VECTOR('',#6956,10.);
#814=VECTOR('',#6957,10.);
#815=VECTOR('',#6962,10.);
#816=VECTOR('',#6965,10.);
#817=VECTOR('',#6976,10.);
#818=VECTOR('',#6977,10.);
#819=VECTOR('',#6990,10.);
#820=VECTOR('',#6991,10.);
#821=VECTOR('',#6996,10.);
#822=VECTOR('',#6997,10.);
#823=VECTOR('',#7010,10.);
#824=VECTOR('',#7011,10.);
#825=VECTOR('',#7024,10.);
#826=VECTOR('',#7037,10.);
#827=VECTOR('',#7038,10.);
#828=VECTOR('',#7051,10.);
#829=VECTOR('',#7052,10.);
#830=VECTOR('',#7065,10.);
#831=VECTOR('',#7066,10.);
#832=VECTOR('',#7079,10.);
#833=VECTOR('',#7080,10.);
#834=VECTOR('',#7093,10.);
#835=VECTOR('',#7094,10.);
#836=VECTOR('',#7107,10.);
#837=VECTOR('',#7108,10.);
#838=VECTOR('',#7121,10.);
#839=VECTOR('',#7134,10.);
#840=VECTOR('',#7135,10.);
#841=VECTOR('',#7144,10.);
#842=VECTOR('',#7145,10.);
#843=VECTOR('',#7150,10.);
#844=VECTOR('',#7151,10.);
#845=VECTOR('',#7164,10.);
#846=VECTOR('',#7165,10.);
#847=VECTOR('',#7170,10.);
#848=VECTOR('',#7173,10.);
#849=VECTOR('',#7188,10.);
#850=VECTOR('',#7191,10.);
#851=VECTOR('',#7194,10.);
#852=VECTOR('',#7195,10.);
#853=VECTOR('',#7196,10.);
#854=VECTOR('',#7199,10.);
#855=VECTOR('',#7202,10.);
#856=VECTOR('',#7205,10.);
#857=VECTOR('',#7208,10.);
#858=VECTOR('',#7211,10.);
#859=VECTOR('',#7214,10.);
#860=VECTOR('',#7217,10.);
#861=VECTOR('',#7220,10.);
#862=VECTOR('',#7223,10.);
#863=VECTOR('',#7226,10.);
#864=VECTOR('',#7231,10.);
#865=VECTOR('',#7236,10.);
#866=VECTOR('',#7237,10.);
#867=VECTOR('',#7240,10.);
#868=VECTOR('',#7245,10.);
#869=VECTOR('',#7246,10.);
#870=VECTOR('',#7247,10.);
#871=VECTOR('',#7248,10.);
#872=VECTOR('',#7249,10.);
#873=VECTOR('',#7250,10.);
#874=VECTOR('',#7251,10.);
#875=VECTOR('',#7252,10.);
#876=VECTOR('',#7253,10.);
#877=VECTOR('',#7254,10.);
#878=VECTOR('',#7255,10.);
#879=VECTOR('',#7256,10.);
#880=VECTOR('',#7257,10.);
#881=VECTOR('',#7266,10.);
#882=VECTOR('',#7269,10.);
#883=VECTOR('',#7272,10.);
#884=VECTOR('',#7275,10.);
#885=VECTOR('',#7278,10.);
#886=VECTOR('',#7281,10.);
#887=VECTOR('',#7284,10.);
#888=VECTOR('',#7287,10.);
#889=VECTOR('',#7368,10.);
#890=VECTOR('',#7371,10.);
#891=VECTOR('',#7374,10.);
#892=VECTOR('',#7379,10.);
#893=VECTOR('',#7382,10.);
#894=VECTOR('',#7385,10.);
#895=VECTOR('',#7388,10.);
#896=VECTOR('',#7391,10.);
#897=VECTOR('',#7394,10.);
#898=VECTOR('',#7397,10.);
#899=VECTOR('',#7400,10.);
#900=VECTOR('',#7407,10.);
#901=VECTOR('',#7408,10.);
#902=VECTOR('',#7409,10.);
#903=VECTOR('',#7412,10.);
#904=VECTOR('',#7413,10.);
#905=VECTOR('',#7416,10.);
#906=VECTOR('',#7417,10.);
#907=VECTOR('',#7420,10.);
#908=VECTOR('',#7421,10.);
#909=VECTOR('',#7424,10.);
#910=VECTOR('',#7425,10.);
#911=VECTOR('',#7428,10.);
#912=VECTOR('',#7435,10.);
#913=VECTOR('',#7436,10.);
#914=VECTOR('',#7437,10.);
#915=VECTOR('',#7440,10.);
#916=VECTOR('',#7441,10.);
#917=VECTOR('',#7444,10.);
#918=VECTOR('',#7445,10.);
#919=VECTOR('',#7448,10.);
#920=VECTOR('',#7449,10.);
#921=VECTOR('',#7452,10.);
#922=VECTOR('',#7453,10.);
#923=VECTOR('',#7456,10.);
#924=VECTOR('',#7469,10.);
#925=VECTOR('',#7472,1.25);
#926=VECTOR('',#7475,1.25);
#927=VECTOR('',#7478,10.);
#928=VECTOR('',#7481,10.);
#929=VECTOR('',#7484,10.);
#930=VECTOR('',#7487,10.);
#931=VECTOR('',#7490,10.);
#932=VECTOR('',#7507,10.);
#933=VECTOR('',#7518,10.);
#934=VECTOR('',#7529,10.);
#935=VECTOR('',#7538,10.);
#936=VECTOR('',#7541,10.);
#937=VECTOR('',#7542,10.);
#938=VECTOR('',#7543,10.);
#939=VECTOR('',#7546,10.);
#940=VECTOR('',#7551,10.);
#941=VECTOR('',#7552,10.);
#942=VECTOR('',#7555,10.);
#943=VECTOR('',#7578,10.);
#944=VECTOR('',#7589,10.);
#945=VECTOR('',#7598,10.);
#946=VECTOR('',#7611,10.);
#947=VECTOR('',#7622,10.);
#948=VECTOR('',#7633,10.);
#949=VECTOR('',#7642,10.);
#950=VECTOR('',#7645,10.);
#951=VECTOR('',#7646,10.);
#952=VECTOR('',#7647,10.);
#953=VECTOR('',#7650,10.);
#954=VECTOR('',#7655,10.);
#955=VECTOR('',#7656,10.);
#956=VECTOR('',#7659,10.);
#957=VECTOR('',#7666,10.);
#958=VECTOR('',#7669,10.);
#959=VECTOR('',#7680,10.);
#960=VECTOR('',#7691,10.);
#961=VECTOR('',#7704,10.);
#962=VECTOR('',#7705,10.);
#963=VECTOR('',#7714,10.);
#964=VECTOR('',#7717,10.);
#965=VECTOR('',#7720,10.);
#966=VECTOR('',#7727,10.);
#967=VECTOR('',#7730,10.);
#968=VECTOR('',#7733,10.);
#969=VECTOR('',#7736,10.);
#970=VECTOR('',#7739,10.);
#971=VECTOR('',#7742,10.);
#972=VECTOR('',#7747,10.);
#973=VECTOR('',#7748,10.);
#974=VECTOR('',#7751,10.);
#975=VECTOR('',#7754,10.);
#976=VECTOR('',#7755,10.);
#977=VECTOR('',#7758,10.);
#978=VECTOR('',#7761,10.);
#979=VECTOR('',#7764,10.);
#980=VECTOR('',#7781,10.);
#981=VECTOR('',#7792,10.);
#982=VECTOR('',#7803,10.);
#983=VECTOR('',#7812,10.);
#984=VECTOR('',#7815,10.);
#985=VECTOR('',#7816,10.);
#986=VECTOR('',#7817,10.);
#987=VECTOR('',#7820,10.);
#988=VECTOR('',#7825,10.);
#989=VECTOR('',#7826,10.);
#990=VECTOR('',#7829,10.);
#991=VECTOR('',#7844,10.);
#992=VECTOR('',#7869,10.);
#993=VECTOR('',#7872,10.);
#994=VECTOR('',#7875,10.);
#995=VECTOR('',#7878,10.);
#996=VECTOR('',#7891,10.);
#997=VECTOR('',#7902,10.);
#998=VECTOR('',#7913,10.);
#999=VECTOR('',#7922,10.);
#1000=VECTOR('',#7925,10.);
#1001=VECTOR('',#7926,10.);
#1002=VECTOR('',#7927,10.);
#1003=VECTOR('',#7930,10.);
#1004=VECTOR('',#7935,10.);
#1005=VECTOR('',#7936,10.);
#1006=VECTOR('',#7939,10.);
#1007=VECTOR('',#7946,10.);
#1008=VECTOR('',#7959,10.);
#1009=VECTOR('',#7972,10.);
#1010=VECTOR('',#7973,10.);
#1011=VECTOR('',#7986,10.);
#1012=VECTOR('',#7987,10.);
#1013=VECTOR('',#7994,10.);
#1014=VECTOR('',#7995,10.);
#1015=VECTOR('',#8002,10.);
#1016=VECTOR('',#8005,10.);
#1017=VECTOR('',#8008,10.);
#1018=VECTOR('',#8011,10.);
#1019=VECTOR('',#8014,10.);
#1020=VECTOR('',#8021,10.);
#1021=VECTOR('',#8022,10.);
#1022=VECTOR('',#8025,10.);
#1023=VECTOR('',#8028,10.);
#1024=VECTOR('',#8029,10.);
#1025=VECTOR('',#8034,10.);
#1026=VECTOR('',#8035,10.);
#1027=VECTOR('',#8040,10.);
#1028=VECTOR('',#8047,10.);
#1029=VECTOR('',#8050,10.);
#1030=VECTOR('',#8061,10.);
#1031=VECTOR('',#8062,10.);
#1032=VECTOR('',#8073,10.);
#1033=VECTOR('',#8074,10.);
#1034=VECTOR('',#8085,10.);
#1035=VECTOR('',#8086,10.);
#1036=VECTOR('',#8093,10.);
#1037=VECTOR('',#8096,10.);
#1038=VECTOR('',#8099,10.);
#1039=VECTOR('',#8100,10.);
#1040=VECTOR('',#8103,10.);
#1041=VECTOR('',#8108,10.);
#1042=VECTOR('',#8109,10.);
#1043=VECTOR('',#8112,10.);
#1044=VECTOR('',#8115,10.);
#1045=VECTOR('',#8118,10.);
#1046=VECTOR('',#8121,10.);
#1047=VECTOR('',#8134,10.);
#1048=VECTOR('',#8135,10.);
#1049=VECTOR('',#8146,10.);
#1050=VECTOR('',#8147,10.);
#1051=VECTOR('',#8158,10.);
#1052=VECTOR('',#8165,10.);
#1053=VECTOR('',#8202,10.);
#1054=VECTOR('',#8203,10.);
#1055=VECTOR('',#8206,10.);
#1056=VECTOR('',#8207,10.);
#1057=VECTOR('',#8210,10.);
#1058=VECTOR('',#8211,10.);
#1059=VECTOR('',#8214,10.);
#1060=VECTOR('',#8215,10.);
#1061=VECTOR('',#8218,10.);
#1062=VECTOR('',#8219,10.);
#1063=VECTOR('',#8222,10.);
#1064=VECTOR('',#8223,10.);
#1065=VECTOR('',#8226,10.);
#1066=VECTOR('',#8227,10.);
#1067=VECTOR('',#8230,10.);
#1068=VECTOR('',#8231,10.);
#1069=VECTOR('',#8240,10.);
#1070=VECTOR('',#8241,10.);
#1071=VECTOR('',#8244,10.);
#1072=VECTOR('',#8257,10.);
#1073=VECTOR('',#8260,10.);
#1074=VECTOR('',#8271,10.);
#1075=VECTOR('',#8272,10.);
#1076=VECTOR('',#8283,10.);
#1077=VECTOR('',#8284,10.);
#1078=VECTOR('',#8295,10.);
#1079=VECTOR('',#8296,10.);
#1080=VECTOR('',#8303,10.);
#1081=VECTOR('',#8306,10.);
#1082=VECTOR('',#8309,10.);
#1083=VECTOR('',#8310,10.);
#1084=VECTOR('',#8313,10.);
#1085=VECTOR('',#8318,10.);
#1086=VECTOR('',#8319,10.);
#1087=VECTOR('',#8324,10.);
#1088=VECTOR('',#8327,10.);
#1089=VECTOR('',#8330,10.);
#1090=VECTOR('',#8333,10.);
#1091=VECTOR('',#8346,10.);
#1092=VECTOR('',#8347,10.);
#1093=VECTOR('',#8358,10.);
#1094=VECTOR('',#8367,10.);
#1095=VECTOR('',#8374,10.);
#1096=VECTOR('',#8375,10.);
#1097=VECTOR('',#8378,10.);
#1098=VECTOR('',#8381,10.);
#1099=VECTOR('',#8402,10.);
#1100=VECTOR('',#8403,10.);
#1101=VECTOR('',#8422,10.);
#1102=VECTOR('',#8423,10.);
#1103=VECTOR('',#8426,10.);
#1104=VECTOR('',#8427,10.);
#1105=VECTOR('',#8430,10.);
#1106=VECTOR('',#8431,10.);
#1107=VECTOR('',#8434,10.);
#1108=VECTOR('',#8435,10.);
#1109=VECTOR('',#8438,10.);
#1110=VECTOR('',#8439,10.);
#1111=VECTOR('',#8442,10.);
#1112=VECTOR('',#8443,10.);
#1113=VECTOR('',#8446,10.);
#1114=VECTOR('',#8447,10.);
#1115=VECTOR('',#8456,10.);
#1116=PLANE('',#5763);
#1117=PLANE('',#5765);
#1118=PLANE('',#5864);
#1119=PLANE('',#5867);
#1120=PLANE('',#5870);
#1121=PLANE('',#5873);
#1122=PLANE('',#5876);
#1123=PLANE('',#5879);
#1124=PLANE('',#5880);
#1125=PLANE('',#5889);
#1126=PLANE('',#6023);
#1127=PLANE('',#6025);
#1128=PLANE('',#6027);
#1129=PLANE('',#6029);
#1130=PLANE('',#6031);
#1131=PLANE('',#6033);
#1132=PLANE('',#6035);
#1133=PLANE('',#6039);
#1134=PLANE('',#6042);
#1135=PLANE('',#6045);
#1136=PLANE('',#6096);
#1137=PLANE('',#6107);
#1138=PLANE('',#6108);
#1139=PLANE('',#6109);
#1140=PLANE('',#6110);
#1141=PLANE('',#6111);
#1142=PLANE('',#6112);
#1143=PLANE('',#6113);
#1144=PLANE('',#6115);
#1145=PLANE('',#6116);
#1146=PLANE('',#6117);
#1147=PLANE('',#6118);
#1148=PLANE('',#6119);
#1149=PLANE('',#6120);
#1150=PLANE('',#6121);
#1151=PLANE('',#6123);
#1152=PLANE('',#6126);
#1153=PLANE('',#6130);
#1154=PLANE('',#6132);
#1155=PLANE('',#6134);
#1156=PLANE('',#6135);
#1157=PLANE('',#6156);
#1158=PLANE('',#6159);
#1159=PLANE('',#6180);
#1160=PLANE('',#6201);
#1161=PLANE('',#6204);
#1162=PLANE('',#6230);
#1163=PLANE('',#6232);
#1164=PLANE('',#6233);
#1165=PLANE('',#6240);
#1166=PLANE('',#6242);
#1167=PLANE('',#6244);
#1168=PLANE('',#6247);
#1169=PLANE('',#6248);
#1170=PLANE('',#6269);
#1171=PLANE('',#6272);
#1172=PLANE('',#6294);
#1173=PLANE('',#6316);
#1174=PLANE('',#6319);
#1175=PLANE('',#6345);
#1176=PLANE('',#6346);
#1177=PLANE('',#6352);
#1178=PLANE('',#6353);
#1179=PLANE('',#6355);
#1180=PLANE('',#6357);
#1181=PLANE('',#6359);
#1182=PLANE('',#6361);
#1183=PLANE('',#6384);
#1184=PLANE('',#6387);
#1185=PLANE('',#6388);
#1186=PLANE('',#6411);
#1187=PLANE('',#6436);
#1188=PLANE('',#6437);
#1189=PLANE('',#6438);
#1190=PLANE('',#6440);
#1191=PLANE('',#6442);
#1192=PLANE('',#6443);
#1193=PLANE('',#6444);
#1194=PLANE('',#6467);
#1195=PLANE('',#6470);
#1196=PLANE('',#6471);
#1197=PLANE('',#6494);
#1198=PLANE('',#6496);
#1199=PLANE('',#6521);
#1200=PLANE('',#6522);
#1201=PLANE('',#6523);
#1202=PLANE('',#6525);
#1203=PLANE('',#6526);
#1204=PLANE('',#6527);
#1205=FACE_OUTER_BOUND('',#1571,.T.);
#1206=FACE_OUTER_BOUND('',#1572,.T.);
#1207=FACE_OUTER_BOUND('',#1573,.T.);
#1208=FACE_OUTER_BOUND('',#1574,.T.);
#1209=FACE_OUTER_BOUND('',#1575,.T.);
#1210=FACE_OUTER_BOUND('',#1579,.T.);
#1211=FACE_OUTER_BOUND('',#1580,.T.);
#1212=FACE_OUTER_BOUND('',#1581,.T.);
#1213=FACE_OUTER_BOUND('',#1582,.T.);
#1214=FACE_OUTER_BOUND('',#1583,.T.);
#1215=FACE_OUTER_BOUND('',#1584,.T.);
#1216=FACE_OUTER_BOUND('',#1585,.T.);
#1217=FACE_OUTER_BOUND('',#1586,.T.);
#1218=FACE_OUTER_BOUND('',#1587,.T.);
#1219=FACE_OUTER_BOUND('',#1588,.T.);
#1220=FACE_OUTER_BOUND('',#1589,.T.);
#1221=FACE_OUTER_BOUND('',#1590,.T.);
#1222=FACE_OUTER_BOUND('',#1591,.T.);
#1223=FACE_OUTER_BOUND('',#1592,.T.);
#1224=FACE_OUTER_BOUND('',#1593,.T.);
#1225=FACE_OUTER_BOUND('',#1594,.T.);
#1226=FACE_OUTER_BOUND('',#1595,.T.);
#1227=FACE_OUTER_BOUND('',#1596,.T.);
#1228=FACE_OUTER_BOUND('',#1597,.T.);
#1229=FACE_OUTER_BOUND('',#1598,.T.);
#1230=FACE_OUTER_BOUND('',#1599,.T.);
#1231=FACE_OUTER_BOUND('',#1600,.T.);
#1232=FACE_OUTER_BOUND('',#1601,.T.);
#1233=FACE_OUTER_BOUND('',#1602,.T.);
#1234=FACE_OUTER_BOUND('',#1603,.T.);
#1235=FACE_OUTER_BOUND('',#1604,.T.);
#1236=FACE_OUTER_BOUND('',#1605,.T.);
#1237=FACE_OUTER_BOUND('',#1606,.T.);
#1238=FACE_OUTER_BOUND('',#1607,.T.);
#1239=FACE_OUTER_BOUND('',#1608,.T.);
#1240=FACE_OUTER_BOUND('',#1609,.T.);
#1241=FACE_OUTER_BOUND('',#1610,.T.);
#1242=FACE_OUTER_BOUND('',#1611,.T.);
#1243=FACE_OUTER_BOUND('',#1612,.T.);
#1244=FACE_OUTER_BOUND('',#1613,.T.);
#1245=FACE_OUTER_BOUND('',#1614,.T.);
#1246=FACE_OUTER_BOUND('',#1615,.T.);
#1247=FACE_OUTER_BOUND('',#1616,.T.);
#1248=FACE_OUTER_BOUND('',#1617,.T.);
#1249=FACE_OUTER_BOUND('',#1618,.T.);
#1250=FACE_OUTER_BOUND('',#1619,.T.);
#1251=FACE_OUTER_BOUND('',#1622,.T.);
#1252=FACE_OUTER_BOUND('',#1623,.T.);
#1253=FACE_OUTER_BOUND('',#1624,.T.);
#1254=FACE_OUTER_BOUND('',#1625,.T.);
#1255=FACE_OUTER_BOUND('',#1626,.T.);
#1256=FACE_OUTER_BOUND('',#1627,.T.);
#1257=FACE_OUTER_BOUND('',#1628,.T.);
#1258=FACE_OUTER_BOUND('',#1629,.T.);
#1259=FACE_OUTER_BOUND('',#1630,.T.);
#1260=FACE_OUTER_BOUND('',#1631,.T.);
#1261=FACE_OUTER_BOUND('',#1632,.T.);
#1262=FACE_OUTER_BOUND('',#1633,.T.);
#1263=FACE_OUTER_BOUND('',#1634,.T.);
#1264=FACE_OUTER_BOUND('',#1635,.T.);
#1265=FACE_OUTER_BOUND('',#1636,.T.);
#1266=FACE_OUTER_BOUND('',#1637,.T.);
#1267=FACE_OUTER_BOUND('',#1638,.T.);
#1268=FACE_OUTER_BOUND('',#1639,.T.);
#1269=FACE_OUTER_BOUND('',#1640,.T.);
#1270=FACE_OUTER_BOUND('',#1641,.T.);
#1271=FACE_OUTER_BOUND('',#1642,.T.);
#1272=FACE_OUTER_BOUND('',#1643,.T.);
#1273=FACE_OUTER_BOUND('',#1644,.T.);
#1274=FACE_OUTER_BOUND('',#1645,.T.);
#1275=FACE_OUTER_BOUND('',#1646,.T.);
#1276=FACE_OUTER_BOUND('',#1647,.T.);
#1277=FACE_OUTER_BOUND('',#1648,.T.);
#1278=FACE_OUTER_BOUND('',#1649,.T.);
#1279=FACE_OUTER_BOUND('',#1650,.T.);
#1280=FACE_OUTER_BOUND('',#1651,.T.);
#1281=FACE_OUTER_BOUND('',#1652,.T.);
#1282=FACE_OUTER_BOUND('',#1653,.T.);
#1283=FACE_OUTER_BOUND('',#1654,.T.);
#1284=FACE_OUTER_BOUND('',#1655,.T.);
#1285=FACE_OUTER_BOUND('',#1656,.T.);
#1286=FACE_OUTER_BOUND('',#1657,.T.);
#1287=FACE_OUTER_BOUND('',#1658,.T.);
#1288=FACE_OUTER_BOUND('',#1659,.T.);
#1289=FACE_OUTER_BOUND('',#1660,.T.);
#1290=FACE_OUTER_BOUND('',#1661,.T.);
#1291=FACE_OUTER_BOUND('',#1662,.T.);
#1292=FACE_OUTER_BOUND('',#1663,.T.);
#1293=FACE_OUTER_BOUND('',#1664,.T.);
#1294=FACE_OUTER_BOUND('',#1665,.T.);
#1295=FACE_OUTER_BOUND('',#1666,.T.);
#1296=FACE_OUTER_BOUND('',#1667,.T.);
#1297=FACE_OUTER_BOUND('',#1668,.T.);
#1298=FACE_OUTER_BOUND('',#1669,.T.);
#1299=FACE_OUTER_BOUND('',#1670,.T.);
#1300=FACE_OUTER_BOUND('',#1671,.T.);
#1301=FACE_OUTER_BOUND('',#1672,.T.);
#1302=FACE_OUTER_BOUND('',#1673,.T.);
#1303=FACE_OUTER_BOUND('',#1674,.T.);
#1304=FACE_OUTER_BOUND('',#1675,.T.);
#1305=FACE_OUTER_BOUND('',#1676,.T.);
#1306=FACE_OUTER_BOUND('',#1677,.T.);
#1307=FACE_OUTER_BOUND('',#1678,.T.);
#1308=FACE_OUTER_BOUND('',#1679,.T.);
#1309=FACE_OUTER_BOUND('',#1680,.T.);
#1310=FACE_OUTER_BOUND('',#1681,.T.);
#1311=FACE_OUTER_BOUND('',#1682,.T.);
#1312=FACE_OUTER_BOUND('',#1683,.T.);
#1313=FACE_OUTER_BOUND('',#1684,.T.);
#1314=FACE_OUTER_BOUND('',#1685,.T.);
#1315=FACE_OUTER_BOUND('',#1686,.T.);
#1316=FACE_OUTER_BOUND('',#1687,.T.);
#1317=FACE_OUTER_BOUND('',#1688,.T.);
#1318=FACE_OUTER_BOUND('',#1689,.T.);
#1319=FACE_OUTER_BOUND('',#1692,.T.);
#1320=FACE_OUTER_BOUND('',#1693,.T.);
#1321=FACE_OUTER_BOUND('',#1696,.T.);
#1322=FACE_OUTER_BOUND('',#1697,.T.);
#1323=FACE_OUTER_BOUND('',#1698,.T.);
#1324=FACE_OUTER_BOUND('',#1699,.T.);
#1325=FACE_OUTER_BOUND('',#1700,.T.);
#1326=FACE_OUTER_BOUND('',#1701,.T.);
#1327=FACE_OUTER_BOUND('',#1702,.T.);
#1328=FACE_OUTER_BOUND('',#1703,.T.);
#1329=FACE_OUTER_BOUND('',#1704,.T.);
#1330=FACE_OUTER_BOUND('',#1705,.T.);
#1331=FACE_OUTER_BOUND('',#1706,.T.);
#1332=FACE_OUTER_BOUND('',#1707,.T.);
#1333=FACE_OUTER_BOUND('',#1708,.T.);
#1334=FACE_OUTER_BOUND('',#1709,.T.);
#1335=FACE_OUTER_BOUND('',#1710,.T.);
#1336=FACE_OUTER_BOUND('',#1711,.T.);
#1337=FACE_OUTER_BOUND('',#1712,.T.);
#1338=FACE_OUTER_BOUND('',#1713,.T.);
#1339=FACE_OUTER_BOUND('',#1714,.T.);
#1340=FACE_OUTER_BOUND('',#1715,.T.);
#1341=FACE_OUTER_BOUND('',#1716,.T.);
#1342=FACE_OUTER_BOUND('',#1717,.T.);
#1343=FACE_OUTER_BOUND('',#1718,.T.);
#1344=FACE_OUTER_BOUND('',#1719,.T.);
#1345=FACE_OUTER_BOUND('',#1722,.T.);
#1346=FACE_OUTER_BOUND('',#1723,.T.);
#1347=FACE_OUTER_BOUND('',#1724,.T.);
#1348=FACE_OUTER_BOUND('',#1725,.T.);
#1349=FACE_OUTER_BOUND('',#1726,.T.);
#1350=FACE_OUTER_BOUND('',#1727,.T.);
#1351=FACE_OUTER_BOUND('',#1728,.T.);
#1352=FACE_OUTER_BOUND('',#1729,.T.);
#1353=FACE_OUTER_BOUND('',#1731,.T.);
#1354=FACE_OUTER_BOUND('',#1732,.T.);
#1355=FACE_OUTER_BOUND('',#1733,.T.);
#1356=FACE_OUTER_BOUND('',#1734,.T.);
#1357=FACE_OUTER_BOUND('',#1735,.T.);
#1358=FACE_OUTER_BOUND('',#1736,.T.);
#1359=FACE_OUTER_BOUND('',#1737,.T.);
#1360=FACE_OUTER_BOUND('',#1739,.T.);
#1361=FACE_OUTER_BOUND('',#1742,.T.);
#1362=FACE_OUTER_BOUND('',#1743,.T.);
#1363=FACE_OUTER_BOUND('',#1744,.T.);
#1364=FACE_OUTER_BOUND('',#1745,.T.);
#1365=FACE_OUTER_BOUND('',#1746,.T.);
#1366=FACE_OUTER_BOUND('',#1747,.T.);
#1367=FACE_OUTER_BOUND('',#1748,.T.);
#1368=FACE_OUTER_BOUND('',#1749,.T.);
#1369=FACE_OUTER_BOUND('',#1750,.T.);
#1370=FACE_OUTER_BOUND('',#1751,.T.);
#1371=FACE_OUTER_BOUND('',#1752,.T.);
#1372=FACE_OUTER_BOUND('',#1753,.T.);
#1373=FACE_OUTER_BOUND('',#1754,.T.);
#1374=FACE_OUTER_BOUND('',#1755,.T.);
#1375=FACE_OUTER_BOUND('',#1756,.T.);
#1376=FACE_OUTER_BOUND('',#1757,.T.);
#1377=FACE_OUTER_BOUND('',#1758,.T.);
#1378=FACE_OUTER_BOUND('',#1759,.T.);
#1379=FACE_OUTER_BOUND('',#1760,.T.);
#1380=FACE_OUTER_BOUND('',#1761,.T.);
#1381=FACE_OUTER_BOUND('',#1762,.T.);
#1382=FACE_OUTER_BOUND('',#1763,.T.);
#1383=FACE_OUTER_BOUND('',#1764,.T.);
#1384=FACE_OUTER_BOUND('',#1765,.T.);
#1385=FACE_OUTER_BOUND('',#1766,.T.);
#1386=FACE_OUTER_BOUND('',#1767,.T.);
#1387=FACE_OUTER_BOUND('',#1768,.T.);
#1388=FACE_OUTER_BOUND('',#1769,.T.);
#1389=FACE_OUTER_BOUND('',#1770,.T.);
#1390=FACE_OUTER_BOUND('',#1771,.T.);
#1391=FACE_OUTER_BOUND('',#1772,.T.);
#1392=FACE_OUTER_BOUND('',#1773,.T.);
#1393=FACE_OUTER_BOUND('',#1774,.T.);
#1394=FACE_OUTER_BOUND('',#1775,.T.);
#1395=FACE_OUTER_BOUND('',#1776,.T.);
#1396=FACE_OUTER_BOUND('',#1777,.T.);
#1397=FACE_OUTER_BOUND('',#1778,.T.);
#1398=FACE_OUTER_BOUND('',#1779,.T.);
#1399=FACE_OUTER_BOUND('',#1780,.T.);
#1400=FACE_OUTER_BOUND('',#1781,.T.);
#1401=FACE_OUTER_BOUND('',#1782,.T.);
#1402=FACE_OUTER_BOUND('',#1783,.T.);
#1403=FACE_OUTER_BOUND('',#1784,.T.);
#1404=FACE_OUTER_BOUND('',#1785,.T.);
#1405=FACE_OUTER_BOUND('',#1786,.T.);
#1406=FACE_OUTER_BOUND('',#1787,.T.);
#1407=FACE_OUTER_BOUND('',#1788,.T.);
#1408=FACE_OUTER_BOUND('',#1789,.T.);
#1409=FACE_OUTER_BOUND('',#1790,.T.);
#1410=FACE_OUTER_BOUND('',#1791,.T.);
#1411=FACE_OUTER_BOUND('',#1792,.T.);
#1412=FACE_OUTER_BOUND('',#1793,.T.);
#1413=FACE_OUTER_BOUND('',#1794,.T.);
#1414=FACE_OUTER_BOUND('',#1795,.T.);
#1415=FACE_OUTER_BOUND('',#1796,.T.);
#1416=FACE_OUTER_BOUND('',#1797,.T.);
#1417=FACE_OUTER_BOUND('',#1799,.T.);
#1418=FACE_OUTER_BOUND('',#1800,.T.);
#1419=FACE_OUTER_BOUND('',#1801,.T.);
#1420=FACE_OUTER_BOUND('',#1802,.T.);
#1421=FACE_OUTER_BOUND('',#1803,.T.);
#1422=FACE_OUTER_BOUND('',#1804,.T.);
#1423=FACE_OUTER_BOUND('',#1805,.T.);
#1424=FACE_OUTER_BOUND('',#1806,.T.);
#1425=FACE_OUTER_BOUND('',#1807,.T.);
#1426=FACE_OUTER_BOUND('',#1808,.T.);
#1427=FACE_OUTER_BOUND('',#1809,.T.);
#1428=FACE_OUTER_BOUND('',#1810,.T.);
#1429=FACE_OUTER_BOUND('',#1811,.T.);
#1430=FACE_OUTER_BOUND('',#1812,.T.);
#1431=FACE_OUTER_BOUND('',#1813,.T.);
#1432=FACE_OUTER_BOUND('',#1814,.T.);
#1433=FACE_OUTER_BOUND('',#1815,.T.);
#1434=FACE_OUTER_BOUND('',#1816,.T.);
#1435=FACE_OUTER_BOUND('',#1817,.T.);
#1436=FACE_OUTER_BOUND('',#1818,.T.);
#1437=FACE_OUTER_BOUND('',#1819,.T.);
#1438=FACE_OUTER_BOUND('',#1820,.T.);
#1439=FACE_OUTER_BOUND('',#1821,.T.);
#1440=FACE_OUTER_BOUND('',#1822,.T.);
#1441=FACE_OUTER_BOUND('',#1823,.T.);
#1442=FACE_OUTER_BOUND('',#1824,.T.);
#1443=FACE_OUTER_BOUND('',#1825,.T.);
#1444=FACE_OUTER_BOUND('',#1826,.T.);
#1445=FACE_OUTER_BOUND('',#1827,.T.);
#1446=FACE_OUTER_BOUND('',#1828,.T.);
#1447=FACE_OUTER_BOUND('',#1829,.T.);
#1448=FACE_OUTER_BOUND('',#1830,.T.);
#1449=FACE_OUTER_BOUND('',#1831,.T.);
#1450=FACE_OUTER_BOUND('',#1832,.T.);
#1451=FACE_OUTER_BOUND('',#1833,.T.);
#1452=FACE_OUTER_BOUND('',#1834,.T.);
#1453=FACE_OUTER_BOUND('',#1835,.T.);
#1454=FACE_OUTER_BOUND('',#1836,.T.);
#1455=FACE_OUTER_BOUND('',#1837,.T.);
#1456=FACE_OUTER_BOUND('',#1838,.T.);
#1457=FACE_OUTER_BOUND('',#1839,.T.);
#1458=FACE_OUTER_BOUND('',#1840,.T.);
#1459=FACE_OUTER_BOUND('',#1841,.T.);
#1460=FACE_OUTER_BOUND('',#1842,.T.);
#1461=FACE_OUTER_BOUND('',#1843,.T.);
#1462=FACE_OUTER_BOUND('',#1844,.T.);
#1463=FACE_OUTER_BOUND('',#1845,.T.);
#1464=FACE_OUTER_BOUND('',#1846,.T.);
#1465=FACE_OUTER_BOUND('',#1847,.T.);
#1466=FACE_OUTER_BOUND('',#1848,.T.);
#1467=FACE_OUTER_BOUND('',#1849,.T.);
#1468=FACE_OUTER_BOUND('',#1850,.T.);
#1469=FACE_OUTER_BOUND('',#1851,.T.);
#1470=FACE_OUTER_BOUND('',#1852,.T.);
#1471=FACE_OUTER_BOUND('',#1853,.T.);
#1472=FACE_OUTER_BOUND('',#1854,.T.);
#1473=FACE_OUTER_BOUND('',#1855,.T.);
#1474=FACE_OUTER_BOUND('',#1857,.T.);
#1475=FACE_OUTER_BOUND('',#1858,.T.);
#1476=FACE_OUTER_BOUND('',#1859,.T.);
#1477=FACE_OUTER_BOUND('',#1860,.T.);
#1478=FACE_OUTER_BOUND('',#1861,.T.);
#1479=FACE_OUTER_BOUND('',#1862,.T.);
#1480=FACE_OUTER_BOUND('',#1863,.T.);
#1481=FACE_OUTER_BOUND('',#1864,.T.);
#1482=FACE_OUTER_BOUND('',#1865,.T.);
#1483=FACE_OUTER_BOUND('',#1866,.T.);
#1484=FACE_OUTER_BOUND('',#1867,.T.);
#1485=FACE_OUTER_BOUND('',#1868,.T.);
#1486=FACE_OUTER_BOUND('',#1869,.T.);
#1487=FACE_OUTER_BOUND('',#1870,.T.);
#1488=FACE_OUTER_BOUND('',#1871,.T.);
#1489=FACE_OUTER_BOUND('',#1872,.T.);
#1490=FACE_OUTER_BOUND('',#1873,.T.);
#1491=FACE_OUTER_BOUND('',#1874,.T.);
#1492=FACE_OUTER_BOUND('',#1875,.T.);
#1493=FACE_OUTER_BOUND('',#1876,.T.);
#1494=FACE_OUTER_BOUND('',#1877,.T.);
#1495=FACE_OUTER_BOUND('',#1878,.T.);
#1496=FACE_OUTER_BOUND('',#1879,.T.);
#1497=FACE_OUTER_BOUND('',#1880,.T.);
#1498=FACE_OUTER_BOUND('',#1882,.T.);
#1499=FACE_OUTER_BOUND('',#1883,.T.);
#1500=FACE_OUTER_BOUND('',#1884,.T.);
#1501=FACE_OUTER_BOUND('',#1885,.T.);
#1502=FACE_OUTER_BOUND('',#1886,.T.);
#1503=FACE_OUTER_BOUND('',#1887,.T.);
#1504=FACE_OUTER_BOUND('',#1888,.T.);
#1505=FACE_OUTER_BOUND('',#1889,.T.);
#1506=FACE_OUTER_BOUND('',#1890,.T.);
#1507=FACE_OUTER_BOUND('',#1891,.T.);
#1508=FACE_OUTER_BOUND('',#1892,.T.);
#1509=FACE_OUTER_BOUND('',#1893,.T.);
#1510=FACE_OUTER_BOUND('',#1894,.T.);
#1511=FACE_OUTER_BOUND('',#1895,.T.);
#1512=FACE_OUTER_BOUND('',#1896,.T.);
#1513=FACE_OUTER_BOUND('',#1897,.T.);
#1514=FACE_OUTER_BOUND('',#1898,.T.);
#1515=FACE_OUTER_BOUND('',#1899,.T.);
#1516=FACE_OUTER_BOUND('',#1900,.T.);
#1517=FACE_OUTER_BOUND('',#1901,.T.);
#1518=FACE_OUTER_BOUND('',#1902,.T.);
#1519=FACE_OUTER_BOUND('',#1903,.T.);
#1520=FACE_OUTER_BOUND('',#1904,.T.);
#1521=FACE_OUTER_BOUND('',#1905,.T.);
#1522=FACE_OUTER_BOUND('',#1906,.T.);
#1523=FACE_OUTER_BOUND('',#1907,.T.);
#1524=FACE_OUTER_BOUND('',#1908,.T.);
#1525=FACE_OUTER_BOUND('',#1909,.T.);
#1526=FACE_OUTER_BOUND('',#1910,.T.);
#1527=FACE_OUTER_BOUND('',#1911,.T.);
#1528=FACE_OUTER_BOUND('',#1912,.T.);
#1529=FACE_OUTER_BOUND('',#1913,.T.);
#1530=FACE_OUTER_BOUND('',#1914,.T.);
#1531=FACE_OUTER_BOUND('',#1915,.T.);
#1532=FACE_OUTER_BOUND('',#1916,.T.);
#1533=FACE_OUTER_BOUND('',#1917,.T.);
#1534=FACE_OUTER_BOUND('',#1918,.T.);
#1535=FACE_OUTER_BOUND('',#1919,.T.);
#1536=FACE_OUTER_BOUND('',#1920,.T.);
#1537=FACE_OUTER_BOUND('',#1921,.T.);
#1538=FACE_OUTER_BOUND('',#1922,.T.);
#1539=FACE_OUTER_BOUND('',#1923,.T.);
#1540=FACE_OUTER_BOUND('',#1924,.T.);
#1541=FACE_OUTER_BOUND('',#1926,.T.);
#1542=FACE_OUTER_BOUND('',#1927,.T.);
#1543=FACE_OUTER_BOUND('',#1928,.T.);
#1544=FACE_OUTER_BOUND('',#1929,.T.);
#1545=FACE_OUTER_BOUND('',#1930,.T.);
#1546=FACE_OUTER_BOUND('',#1931,.T.);
#1547=FACE_OUTER_BOUND('',#1932,.T.);
#1548=FACE_OUTER_BOUND('',#1933,.T.);
#1549=FACE_OUTER_BOUND('',#1934,.T.);
#1550=FACE_OUTER_BOUND('',#1935,.T.);
#1551=FACE_OUTER_BOUND('',#1936,.T.);
#1552=FACE_OUTER_BOUND('',#1937,.T.);
#1553=FACE_OUTER_BOUND('',#1938,.T.);
#1554=FACE_OUTER_BOUND('',#1939,.T.);
#1555=FACE_OUTER_BOUND('',#1940,.T.);
#1556=FACE_OUTER_BOUND('',#1941,.T.);
#1557=FACE_OUTER_BOUND('',#1942,.T.);
#1558=FACE_OUTER_BOUND('',#1943,.T.);
#1559=FACE_OUTER_BOUND('',#1944,.T.);
#1560=FACE_OUTER_BOUND('',#1945,.T.);
#1561=FACE_OUTER_BOUND('',#1946,.T.);
#1562=FACE_OUTER_BOUND('',#1947,.T.);
#1563=FACE_OUTER_BOUND('',#1948,.T.);
#1564=FACE_OUTER_BOUND('',#1949,.T.);
#1565=FACE_OUTER_BOUND('',#1950,.T.);
#1566=FACE_OUTER_BOUND('',#1951,.T.);
#1567=FACE_OUTER_BOUND('',#1952,.T.);
#1568=FACE_OUTER_BOUND('',#1953,.T.);
#1569=FACE_OUTER_BOUND('',#1954,.T.);
#1570=FACE_OUTER_BOUND('',#1955,.T.);
#1571=EDGE_LOOP('',(#3698,#3699,#3700,#3701,#3702));
#1572=EDGE_LOOP('',(#3703,#3704,#3705,#3706));
#1573=EDGE_LOOP('',(#3707,#3708,#3709,#3710,#3711,#3712));
#1574=EDGE_LOOP('',(#3713,#3714,#3715,#3716));
#1575=EDGE_LOOP('',(#3717,#3718,#3719,#3720,#3721,#3722,#3723,#3724,#3725,
#3726,#3727,#3728,#3729,#3730,#3731,#3732,#3733,#3734,#3735,#3736));
#1576=EDGE_LOOP('',(#3737,#3738,#3739,#3740,#3741,#3742,#3743,#3744));
#1577=EDGE_LOOP('',(#3745,#3746,#3747,#3748,#3749,#3750,#3751,#3752));
#1578=EDGE_LOOP('',(#3753));
#1579=EDGE_LOOP('',(#3754,#3755,#3756,#3757));
#1580=EDGE_LOOP('',(#3758,#3759,#3760,#3761));
#1581=EDGE_LOOP('',(#3762,#3763,#3764,#3765));
#1582=EDGE_LOOP('',(#3766,#3767,#3768,#3769));
#1583=EDGE_LOOP('',(#3770,#3771,#3772,#3773));
#1584=EDGE_LOOP('',(#3774,#3775,#3776,#3777));
#1585=EDGE_LOOP('',(#3778,#3779,#3780,#3781));
#1586=EDGE_LOOP('',(#3782,#3783,#3784,#3785));
#1587=EDGE_LOOP('',(#3786,#3787,#3788,#3789));
#1588=EDGE_LOOP('',(#3790,#3791,#3792,#3793));
#1589=EDGE_LOOP('',(#3794,#3795,#3796,#3797));
#1590=EDGE_LOOP('',(#3798,#3799,#3800,#3801));
#1591=EDGE_LOOP('',(#3802,#3803,#3804,#3805));
#1592=EDGE_LOOP('',(#3806,#3807,#3808,#3809));
#1593=EDGE_LOOP('',(#3810,#3811,#3812,#3813));
#1594=EDGE_LOOP('',(#3814,#3815,#3816,#3817));
#1595=EDGE_LOOP('',(#3818,#3819,#3820,#3821));
#1596=EDGE_LOOP('',(#3822,#3823,#3824,#3825));
#1597=EDGE_LOOP('',(#3826,#3827,#3828,#3829));
#1598=EDGE_LOOP('',(#3830,#3831,#3832,#3833));
#1599=EDGE_LOOP('',(#3834,#3835,#3836,#3837));
#1600=EDGE_LOOP('',(#3838,#3839,#3840,#3841));
#1601=EDGE_LOOP('',(#3842,#3843,#3844,#3845));
#1602=EDGE_LOOP('',(#3846,#3847,#3848,#3849));
#1603=EDGE_LOOP('',(#3850,#3851,#3852,#3853));
#1604=EDGE_LOOP('',(#3854,#3855,#3856,#3857));
#1605=EDGE_LOOP('',(#3858,#3859,#3860,#3861));
#1606=EDGE_LOOP('',(#3862,#3863,#3864,#3865));
#1607=EDGE_LOOP('',(#3866,#3867,#3868,#3869));
#1608=EDGE_LOOP('',(#3870,#3871,#3872,#3873));
#1609=EDGE_LOOP('',(#3874,#3875,#3876,#3877));
#1610=EDGE_LOOP('',(#3878,#3879,#3880,#3881));
#1611=EDGE_LOOP('',(#3882,#3883,#3884,#3885));
#1612=EDGE_LOOP('',(#3886,#3887,#3888,#3889));
#1613=EDGE_LOOP('',(#3890,#3891,#3892,#3893));
#1614=EDGE_LOOP('',(#3894,#3895,#3896,#3897));
#1615=EDGE_LOOP('',(#3898,#3899,#3900,#3901));
#1616=EDGE_LOOP('',(#3902,#3903,#3904,#3905));
#1617=EDGE_LOOP('',(#3906,#3907,#3908,#3909));
#1618=EDGE_LOOP('',(#3910,#3911,#3912,#3913,#3914,#3915,#3916,#3917));
#1619=EDGE_LOOP('',(#3918,#3919,#3920,#3921,#3922,#3923,#3924,#3925,#3926,
#3927,#3928,#3929,#3930,#3931));
#1620=EDGE_LOOP('',(#3932,#3933,#3934,#3935,#3936,#3937,#3938,#3939));
#1621=EDGE_LOOP('',(#3940,#3941,#3942,#3943,#3944,#3945,#3946,#3947));
#1622=EDGE_LOOP('',(#3948,#3949,#3950,#3951));
#1623=EDGE_LOOP('',(#3952,#3953,#3954,#3955));
#1624=EDGE_LOOP('',(#3956,#3957,#3958));
#1625=EDGE_LOOP('',(#3959,#3960,#3961));
#1626=EDGE_LOOP('',(#3962,#3963,#3964));
#1627=EDGE_LOOP('',(#3965,#3966,#3967));
#1628=EDGE_LOOP('',(#3968,#3969,#3970,#3971));
#1629=EDGE_LOOP('',(#3972,#3973,#3974,#3975));
#1630=EDGE_LOOP('',(#3976,#3977,#3978));
#1631=EDGE_LOOP('',(#3979,#3980,#3981,#3982));
#1632=EDGE_LOOP('',(#3983,#3984,#3985,#3986));
#1633=EDGE_LOOP('',(#3987,#3988,#3989,#3990));
#1634=EDGE_LOOP('',(#3991,#3992,#3993,#3994));
#1635=EDGE_LOOP('',(#3995,#3996,#3997,#3998));
#1636=EDGE_LOOP('',(#3999,#4000,#4001,#4002));
#1637=EDGE_LOOP('',(#4003,#4004,#4005,#4006));
#1638=EDGE_LOOP('',(#4007,#4008,#4009,#4010));
#1639=EDGE_LOOP('',(#4011,#4012,#4013,#4014));
#1640=EDGE_LOOP('',(#4015,#4016,#4017,#4018));
#1641=EDGE_LOOP('',(#4019,#4020,#4021,#4022));
#1642=EDGE_LOOP('',(#4023,#4024,#4025,#4026));
#1643=EDGE_LOOP('',(#4027,#4028,#4029,#4030));
#1644=EDGE_LOOP('',(#4031,#4032,#4033,#4034));
#1645=EDGE_LOOP('',(#4035,#4036,#4037,#4038));
#1646=EDGE_LOOP('',(#4039,#4040,#4041,#4042));
#1647=EDGE_LOOP('',(#4043,#4044,#4045,#4046));
#1648=EDGE_LOOP('',(#4047,#4048,#4049,#4050));
#1649=EDGE_LOOP('',(#4051,#4052,#4053,#4054));
#1650=EDGE_LOOP('',(#4055,#4056,#4057,#4058));
#1651=EDGE_LOOP('',(#4059,#4060,#4061,#4062));
#1652=EDGE_LOOP('',(#4063,#4064,#4065,#4066));
#1653=EDGE_LOOP('',(#4067,#4068,#4069,#4070));
#1654=EDGE_LOOP('',(#4071,#4072,#4073,#4074));
#1655=EDGE_LOOP('',(#4075,#4076,#4077,#4078));
#1656=EDGE_LOOP('',(#4079,#4080,#4081,#4082));
#1657=EDGE_LOOP('',(#4083,#4084,#4085,#4086));
#1658=EDGE_LOOP('',(#4087,#4088,#4089,#4090));
#1659=EDGE_LOOP('',(#4091,#4092,#4093,#4094));
#1660=EDGE_LOOP('',(#4095,#4096,#4097,#4098));
#1661=EDGE_LOOP('',(#4099,#4100,#4101,#4102));
#1662=EDGE_LOOP('',(#4103,#4104,#4105,#4106));
#1663=EDGE_LOOP('',(#4107,#4108,#4109,#4110));
#1664=EDGE_LOOP('',(#4111,#4112,#4113,#4114));
#1665=EDGE_LOOP('',(#4115,#4116,#4117,#4118));
#1666=EDGE_LOOP('',(#4119,#4120,#4121,#4122));
#1667=EDGE_LOOP('',(#4123,#4124,#4125,#4126));
#1668=EDGE_LOOP('',(#4127,#4128,#4129,#4130));
#1669=EDGE_LOOP('',(#4131,#4132,#4133));
#1670=EDGE_LOOP('',(#4134,#4135,#4136));
#1671=EDGE_LOOP('',(#4137,#4138,#4139));
#1672=EDGE_LOOP('',(#4140,#4141,#4142,#4143));
#1673=EDGE_LOOP('',(#4144,#4145,#4146,#4147,#4148,#4149));
#1674=EDGE_LOOP('',(#4150,#4151,#4152,#4153,#4154,#4155,#4156,#4157));
#1675=EDGE_LOOP('',(#4158,#4159,#4160,#4161));
#1676=EDGE_LOOP('',(#4162,#4163,#4164,#4165));
#1677=EDGE_LOOP('',(#4166,#4167,#4168,#4169));
#1678=EDGE_LOOP('',(#4170,#4171,#4172,#4173));
#1679=EDGE_LOOP('',(#4174,#4175,#4176,#4177));
#1680=EDGE_LOOP('',(#4178,#4179,#4180,#4181));
#1681=EDGE_LOOP('',(#4182,#4183,#4184,#4185));
#1682=EDGE_LOOP('',(#4186,#4187,#4188,#4189));
#1683=EDGE_LOOP('',(#4190,#4191,#4192,#4193));
#1684=EDGE_LOOP('',(#4194,#4195,#4196,#4197));
#1685=EDGE_LOOP('',(#4198,#4199,#4200,#4201));
#1686=EDGE_LOOP('',(#4202,#4203,#4204,#4205));
#1687=EDGE_LOOP('',(#4206,#4207,#4208,#4209));
#1688=EDGE_LOOP('',(#4210,#4211,#4212,#4213,#4214,#4215));
#1689=EDGE_LOOP('',(#4216,#4217,#4218,#4219,#4220,#4221,#4222,#4223,#4224,
#4225));
#1690=EDGE_LOOP('',(#4226,#4227,#4228,#4229,#4230,#4231));
#1691=EDGE_LOOP('',(#4232,#4233,#4234,#4235,#4236,#4237));
#1692=EDGE_LOOP('',(#4238,#4239,#4240,#4241));
#1693=EDGE_LOOP('',(#4242,#4243,#4244,#4245,#4246,#4247,#4248,#4249,#4250,
#4251,#4252,#4253,#4254,#4255,#4256,#4257,#4258,#4259,#4260,#4261));
#1694=EDGE_LOOP('',(#4262,#4263,#4264,#4265,#4266,#4267,#4268,#4269));
#1695=EDGE_LOOP('',(#4270,#4271,#4272,#4273,#4274,#4275,#4276,#4277));
#1696=EDGE_LOOP('',(#4278,#4279,#4280));
#1697=EDGE_LOOP('',(#4281,#4282,#4283,#4284));
#1698=EDGE_LOOP('',(#4285,#4286,#4287,#4288));
#1699=EDGE_LOOP('',(#4289,#4290,#4291,#4292));
#1700=EDGE_LOOP('',(#4293,#4294,#4295,#4296));
#1701=EDGE_LOOP('',(#4297,#4298,#4299,#4300));
#1702=EDGE_LOOP('',(#4301,#4302,#4303,#4304));
#1703=EDGE_LOOP('',(#4305,#4306,#4307,#4308));
#1704=EDGE_LOOP('',(#4309,#4310,#4311,#4312));
#1705=EDGE_LOOP('',(#4313,#4314,#4315,#4316));
#1706=EDGE_LOOP('',(#4317,#4318,#4319,#4320));
#1707=EDGE_LOOP('',(#4321,#4322,#4323,#4324));
#1708=EDGE_LOOP('',(#4325,#4326,#4327,#4328));
#1709=EDGE_LOOP('',(#4329,#4330,#4331,#4332));
#1710=EDGE_LOOP('',(#4333,#4334,#4335,#4336));
#1711=EDGE_LOOP('',(#4337,#4338,#4339,#4340));
#1712=EDGE_LOOP('',(#4341,#4342,#4343,#4344));
#1713=EDGE_LOOP('',(#4345,#4346,#4347,#4348));
#1714=EDGE_LOOP('',(#4349,#4350,#4351));
#1715=EDGE_LOOP('',(#4352,#4353,#4354,#4355,#4356,#4357));
#1716=EDGE_LOOP('',(#4358,#4359,#4360,#4361,#4362,#4363));
#1717=EDGE_LOOP('',(#4364,#4365,#4366,#4367));
#1718=EDGE_LOOP('',(#4368,#4369,#4370,#4371));
#1719=EDGE_LOOP('',(#4372,#4373,#4374,#4375,#4376,#4377,#4378,#4379,#4380,
#4381,#4382,#4383,#4384,#4385));
#1720=EDGE_LOOP('',(#4386,#4387,#4388,#4389,#4390,#4391,#4392,#4393));
#1721=EDGE_LOOP('',(#4394,#4395,#4396,#4397,#4398,#4399,#4400,#4401));
#1722=EDGE_LOOP('',(#4402,#4403,#4404,#4405,#4406,#4407));
#1723=EDGE_LOOP('',(#4408,#4409,#4410,#4411));
#1724=EDGE_LOOP('',(#4412,#4413,#4414,#4415));
#1725=EDGE_LOOP('',(#4416,#4417,#4418,#4419));
#1726=EDGE_LOOP('',(#4420,#4421,#4422,#4423));
#1727=EDGE_LOOP('',(#4424,#4425,#4426,#4427));
#1728=EDGE_LOOP('',(#4428,#4429,#4430,#4431));
#1729=EDGE_LOOP('',(#4432,#4433,#4434,#4435,#4436,#4437));
#1730=EDGE_LOOP('',(#4438));
#1731=EDGE_LOOP('',(#4439,#4440,#4441,#4442));
#1732=EDGE_LOOP('',(#4443,#4444,#4445,#4446));
#1733=EDGE_LOOP('',(#4447,#4448,#4449,#4450));
#1734=EDGE_LOOP('',(#4451,#4452,#4453,#4454));
#1735=EDGE_LOOP('',(#4455,#4456,#4457,#4458));
#1736=EDGE_LOOP('',(#4459,#4460,#4461,#4462));
#1737=EDGE_LOOP('',(#4463,#4464,#4465,#4466,#4467,#4468));
#1738=EDGE_LOOP('',(#4469));
#1739=EDGE_LOOP('',(#4470,#4471,#4472,#4473,#4474,#4475,#4476,#4477,#4478,
#4479));
#1740=EDGE_LOOP('',(#4480));
#1741=EDGE_LOOP('',(#4481));
#1742=EDGE_LOOP('',(#4482,#4483,#4484,#4485));
#1743=EDGE_LOOP('',(#4486,#4487,#4488,#4489));
#1744=EDGE_LOOP('',(#4490,#4491,#4492,#4493));
#1745=EDGE_LOOP('',(#4494,#4495,#4496,#4497));
#1746=EDGE_LOOP('',(#4498,#4499,#4500,#4501));
#1747=EDGE_LOOP('',(#4502,#4503,#4504,#4505));
#1748=EDGE_LOOP('',(#4506,#4507,#4508,#4509));
#1749=EDGE_LOOP('',(#4510,#4511,#4512,#4513));
#1750=EDGE_LOOP('',(#4514,#4515,#4516,#4517));
#1751=EDGE_LOOP('',(#4518,#4519,#4520,#4521));
#1752=EDGE_LOOP('',(#4522,#4523,#4524,#4525));
#1753=EDGE_LOOP('',(#4526,#4527,#4528,#4529));
#1754=EDGE_LOOP('',(#4530,#4531,#4532,#4533));
#1755=EDGE_LOOP('',(#4534,#4535,#4536,#4537));
#1756=EDGE_LOOP('',(#4538,#4539,#4540,#4541));
#1757=EDGE_LOOP('',(#4542,#4543,#4544,#4545));
#1758=EDGE_LOOP('',(#4546,#4547,#4548,#4549));
#1759=EDGE_LOOP('',(#4550,#4551,#4552,#4553));
#1760=EDGE_LOOP('',(#4554,#4555,#4556,#4557));
#1761=EDGE_LOOP('',(#4558,#4559,#4560,#4561));
#1762=EDGE_LOOP('',(#4562,#4563,#4564,#4565));
#1763=EDGE_LOOP('',(#4566,#4567,#4568,#4569));
#1764=EDGE_LOOP('',(#4570,#4571,#4572,#4573));
#1765=EDGE_LOOP('',(#4574,#4575,#4576,#4577));
#1766=EDGE_LOOP('',(#4578,#4579,#4580,#4581));
#1767=EDGE_LOOP('',(#4582,#4583,#4584,#4585));
#1768=EDGE_LOOP('',(#4586,#4587,#4588,#4589));
#1769=EDGE_LOOP('',(#4590,#4591,#4592,#4593));
#1770=EDGE_LOOP('',(#4594,#4595,#4596,#4597));
#1771=EDGE_LOOP('',(#4598,#4599,#4600,#4601));
#1772=EDGE_LOOP('',(#4602,#4603,#4604,#4605));
#1773=EDGE_LOOP('',(#4606,#4607,#4608,#4609));
#1774=EDGE_LOOP('',(#4610,#4611,#4612,#4613));
#1775=EDGE_LOOP('',(#4614,#4615,#4616,#4617));
#1776=EDGE_LOOP('',(#4618,#4619,#4620,#4621));
#1777=EDGE_LOOP('',(#4622,#4623,#4624,#4625));
#1778=EDGE_LOOP('',(#4626,#4627,#4628,#4629));
#1779=EDGE_LOOP('',(#4630,#4631,#4632,#4633));
#1780=EDGE_LOOP('',(#4634,#4635,#4636,#4637));
#1781=EDGE_LOOP('',(#4638,#4639,#4640,#4641));
#1782=EDGE_LOOP('',(#4642,#4643,#4644,#4645));
#1783=EDGE_LOOP('',(#4646,#4647,#4648,#4649));
#1784=EDGE_LOOP('',(#4650,#4651,#4652,#4653));
#1785=EDGE_LOOP('',(#4654,#4655,#4656,#4657));
#1786=EDGE_LOOP('',(#4658,#4659,#4660,#4661));
#1787=EDGE_LOOP('',(#4662,#4663,#4664,#4665));
#1788=EDGE_LOOP('',(#4666,#4667,#4668,#4669));
#1789=EDGE_LOOP('',(#4670,#4671,#4672,#4673));
#1790=EDGE_LOOP('',(#4674,#4675,#4676,#4677));
#1791=EDGE_LOOP('',(#4678,#4679,#4680,#4681));
#1792=EDGE_LOOP('',(#4682,#4683,#4684,#4685));
#1793=EDGE_LOOP('',(#4686,#4687,#4688,#4689));
#1794=EDGE_LOOP('',(#4690,#4691,#4692,#4693));
#1795=EDGE_LOOP('',(#4694,#4695,#4696,#4697));
#1796=EDGE_LOOP('',(#4698,#4699,#4700,#4701));
#1797=EDGE_LOOP('',(#4702,#4703,#4704,#4705,#4706,#4707,#4708,#4709));
#1798=EDGE_LOOP('',(#4710,#4711,#4712,#4713,#4714,#4715,#4716,#4717));
#1799=EDGE_LOOP('',(#4718,#4719,#4720,#4721));
#1800=EDGE_LOOP('',(#4722,#4723,#4724,#4725));
#1801=EDGE_LOOP('',(#4726,#4727,#4728,#4729));
#1802=EDGE_LOOP('',(#4730,#4731,#4732,#4733));
#1803=EDGE_LOOP('',(#4734,#4735,#4736,#4737));
#1804=EDGE_LOOP('',(#4738,#4739,#4740,#4741));
#1805=EDGE_LOOP('',(#4742,#4743,#4744,#4745));
#1806=EDGE_LOOP('',(#4746,#4747,#4748,#4749));
#1807=EDGE_LOOP('',(#4750,#4751,#4752,#4753));
#1808=EDGE_LOOP('',(#4754,#4755,#4756,#4757));
#1809=EDGE_LOOP('',(#4758,#4759,#4760,#4761));
#1810=EDGE_LOOP('',(#4762,#4763,#4764,#4765));
#1811=EDGE_LOOP('',(#4766,#4767,#4768,#4769));
#1812=EDGE_LOOP('',(#4770,#4771,#4772,#4773));
#1813=EDGE_LOOP('',(#4774,#4775,#4776,#4777));
#1814=EDGE_LOOP('',(#4778,#4779,#4780,#4781));
#1815=EDGE_LOOP('',(#4782,#4783,#4784,#4785));
#1816=EDGE_LOOP('',(#4786,#4787,#4788,#4789));
#1817=EDGE_LOOP('',(#4790,#4791,#4792,#4793));
#1818=EDGE_LOOP('',(#4794,#4795,#4796,#4797));
#1819=EDGE_LOOP('',(#4798,#4799,#4800,#4801));
#1820=EDGE_LOOP('',(#4802,#4803,#4804,#4805));
#1821=EDGE_LOOP('',(#4806,#4807,#4808,#4809));
#1822=EDGE_LOOP('',(#4810,#4811,#4812,#4813));
#1823=EDGE_LOOP('',(#4814,#4815,#4816,#4817));
#1824=EDGE_LOOP('',(#4818,#4819,#4820,#4821));
#1825=EDGE_LOOP('',(#4822,#4823,#4824,#4825));
#1826=EDGE_LOOP('',(#4826,#4827,#4828,#4829));
#1827=EDGE_LOOP('',(#4830,#4831,#4832,#4833));
#1828=EDGE_LOOP('',(#4834,#4835,#4836,#4837));
#1829=EDGE_LOOP('',(#4838,#4839,#4840,#4841));
#1830=EDGE_LOOP('',(#4842,#4843,#4844,#4845));
#1831=EDGE_LOOP('',(#4846,#4847,#4848,#4849));
#1832=EDGE_LOOP('',(#4850,#4851,#4852,#4853));
#1833=EDGE_LOOP('',(#4854,#4855,#4856,#4857));
#1834=EDGE_LOOP('',(#4858,#4859,#4860,#4861));
#1835=EDGE_LOOP('',(#4862,#4863,#4864,#4865));
#1836=EDGE_LOOP('',(#4866,#4867,#4868,#4869));
#1837=EDGE_LOOP('',(#4870,#4871,#4872,#4873));
#1838=EDGE_LOOP('',(#4874,#4875,#4876,#4877));
#1839=EDGE_LOOP('',(#4878,#4879,#4880,#4881));
#1840=EDGE_LOOP('',(#4882,#4883,#4884,#4885));
#1841=EDGE_LOOP('',(#4886,#4887,#4888,#4889));
#1842=EDGE_LOOP('',(#4890,#4891,#4892,#4893));
#1843=EDGE_LOOP('',(#4894,#4895,#4896,#4897));
#1844=EDGE_LOOP('',(#4898,#4899,#4900,#4901));
#1845=EDGE_LOOP('',(#4902,#4903,#4904,#4905));
#1846=EDGE_LOOP('',(#4906,#4907,#4908,#4909));
#1847=EDGE_LOOP('',(#4910,#4911,#4912,#4913));
#1848=EDGE_LOOP('',(#4914,#4915,#4916,#4917));
#1849=EDGE_LOOP('',(#4918,#4919,#4920,#4921));
#1850=EDGE_LOOP('',(#4922,#4923,#4924,#4925));
#1851=EDGE_LOOP('',(#4926,#4927,#4928,#4929));
#1852=EDGE_LOOP('',(#4930,#4931,#4932,#4933));
#1853=EDGE_LOOP('',(#4934,#4935,#4936,#4937));
#1854=EDGE_LOOP('',(#4938,#4939,#4940,#4941));
#1855=EDGE_LOOP('',(#4942,#4943,#4944,#4945,#4946,#4947,#4948,#4949));
#1856=EDGE_LOOP('',(#4950,#4951,#4952,#4953,#4954,#4955,#4956,#4957));
#1857=EDGE_LOOP('',(#4958,#4959,#4960,#4961));
#1858=EDGE_LOOP('',(#4962,#4963,#4964,#4965));
#1859=EDGE_LOOP('',(#4966,#4967,#4968,#4969));
#1860=EDGE_LOOP('',(#4970,#4971,#4972,#4973));
#1861=EDGE_LOOP('',(#4974,#4975,#4976,#4977));
#1862=EDGE_LOOP('',(#4978,#4979,#4980,#4981));
#1863=EDGE_LOOP('',(#4982,#4983,#4984,#4985));
#1864=EDGE_LOOP('',(#4986,#4987,#4988,#4989));
#1865=EDGE_LOOP('',(#4990,#4991,#4992,#4993));
#1866=EDGE_LOOP('',(#4994,#4995,#4996,#4997));
#1867=EDGE_LOOP('',(#4998,#4999,#5000,#5001));
#1868=EDGE_LOOP('',(#5002,#5003,#5004,#5005));
#1869=EDGE_LOOP('',(#5006,#5007,#5008,#5009));
#1870=EDGE_LOOP('',(#5010,#5011,#5012,#5013));
#1871=EDGE_LOOP('',(#5014,#5015,#5016,#5017));
#1872=EDGE_LOOP('',(#5018,#5019,#5020,#5021));
#1873=EDGE_LOOP('',(#5022,#5023,#5024,#5025));
#1874=EDGE_LOOP('',(#5026,#5027,#5028,#5029));
#1875=EDGE_LOOP('',(#5030,#5031,#5032,#5033));
#1876=EDGE_LOOP('',(#5034,#5035,#5036,#5037));
#1877=EDGE_LOOP('',(#5038,#5039,#5040,#5041));
#1878=EDGE_LOOP('',(#5042,#5043,#5044,#5045));
#1879=EDGE_LOOP('',(#5046,#5047,#5048,#5049));
#1880=EDGE_LOOP('',(#5050,#5051,#5052,#5053,#5054,#5055,#5056,#5057));
#1881=EDGE_LOOP('',(#5058,#5059,#5060,#5061,#5062,#5063,#5064,#5065));
#1882=EDGE_LOOP('',(#5066,#5067,#5068,#5069));
#1883=EDGE_LOOP('',(#5070,#5071,#5072,#5073));
#1884=EDGE_LOOP('',(#5074,#5075,#5076,#5077));
#1885=EDGE_LOOP('',(#5078,#5079,#5080,#5081));
#1886=EDGE_LOOP('',(#5082,#5083,#5084,#5085));
#1887=EDGE_LOOP('',(#5086,#5087,#5088,#5089));
#1888=EDGE_LOOP('',(#5090,#5091,#5092,#5093));
#1889=EDGE_LOOP('',(#5094,#5095,#5096,#5097));
#1890=EDGE_LOOP('',(#5098,#5099,#5100,#5101,#5102,#5103,#5104,#5105));
#1891=EDGE_LOOP('',(#5106,#5107,#5108));
#1892=EDGE_LOOP('',(#5109,#5110,#5111));
#1893=EDGE_LOOP('',(#5112,#5113,#5114));
#1894=EDGE_LOOP('',(#5115,#5116,#5117));
#1895=EDGE_LOOP('',(#5118,#5119,#5120,#5121));
#1896=EDGE_LOOP('',(#5122,#5123,#5124,#5125));
#1897=EDGE_LOOP('',(#5126,#5127,#5128,#5129));
#1898=EDGE_LOOP('',(#5130,#5131,#5132,#5133));
#1899=EDGE_LOOP('',(#5134,#5135,#5136,#5137));
#1900=EDGE_LOOP('',(#5138,#5139,#5140,#5141));
#1901=EDGE_LOOP('',(#5142,#5143,#5144,#5145));
#1902=EDGE_LOOP('',(#5146,#5147,#5148,#5149));
#1903=EDGE_LOOP('',(#5150,#5151,#5152,#5153));
#1904=EDGE_LOOP('',(#5154,#5155,#5156,#5157));
#1905=EDGE_LOOP('',(#5158,#5159,#5160,#5161));
#1906=EDGE_LOOP('',(#5162,#5163,#5164,#5165));
#1907=EDGE_LOOP('',(#5166,#5167,#5168,#5169));
#1908=EDGE_LOOP('',(#5170,#5171,#5172,#5173));
#1909=EDGE_LOOP('',(#5174,#5175,#5176,#5177));
#1910=EDGE_LOOP('',(#5178,#5179,#5180,#5181));
#1911=EDGE_LOOP('',(#5182,#5183,#5184,#5185));
#1912=EDGE_LOOP('',(#5186,#5187,#5188,#5189));
#1913=EDGE_LOOP('',(#5190,#5191,#5192,#5193));
#1914=EDGE_LOOP('',(#5194,#5195,#5196,#5197));
#1915=EDGE_LOOP('',(#5198,#5199,#5200,#5201));
#1916=EDGE_LOOP('',(#5202,#5203,#5204,#5205));
#1917=EDGE_LOOP('',(#5206,#5207,#5208,#5209));
#1918=EDGE_LOOP('',(#5210,#5211,#5212,#5213));
#1919=EDGE_LOOP('',(#5214,#5215,#5216,#5217));
#1920=EDGE_LOOP('',(#5218,#5219,#5220,#5221));
#1921=EDGE_LOOP('',(#5222,#5223,#5224,#5225));
#1922=EDGE_LOOP('',(#5226,#5227,#5228,#5229));
#1923=EDGE_LOOP('',(#5230,#5231,#5232,#5233));
#1924=EDGE_LOOP('',(#5234,#5235,#5236,#5237,#5238,#5239,#5240,#5241));
#1925=EDGE_LOOP('',(#5242,#5243,#5244,#5245,#5246,#5247,#5248,#5249));
#1926=EDGE_LOOP('',(#5250,#5251,#5252,#5253));
#1927=EDGE_LOOP('',(#5254,#5255,#5256,#5257));
#1928=EDGE_LOOP('',(#5258,#5259,#5260,#5261));
#1929=EDGE_LOOP('',(#5262,#5263,#5264,#5265));
#1930=EDGE_LOOP('',(#5266,#5267,#5268,#5269));
#1931=EDGE_LOOP('',(#5270,#5271,#5272,#5273));
#1932=EDGE_LOOP('',(#5274,#5275,#5276,#5277));
#1933=EDGE_LOOP('',(#5278,#5279,#5280,#5281));
#1934=EDGE_LOOP('',(#5282,#5283,#5284,#5285));
#1935=EDGE_LOOP('',(#5286,#5287,#5288,#5289));
#1936=EDGE_LOOP('',(#5290,#5291,#5292,#5293,#5294,#5295,#5296,#5297));
#1937=EDGE_LOOP('',(#5298,#5299,#5300));
#1938=EDGE_LOOP('',(#5301,#5302,#5303));
#1939=EDGE_LOOP('',(#5304,#5305,#5306,#5307));
#1940=EDGE_LOOP('',(#5308,#5309,#5310));
#1941=EDGE_LOOP('',(#5311,#5312,#5313));
#1942=EDGE_LOOP('',(#5314,#5315,#5316,#5317));
#1943=EDGE_LOOP('',(#5318,#5319,#5320,#5321));
#1944=EDGE_LOOP('',(#5322,#5323,#5324,#5325));
#1945=EDGE_LOOP('',(#5326,#5327,#5328,#5329));
#1946=EDGE_LOOP('',(#5330,#5331,#5332,#5333));
#1947=EDGE_LOOP('',(#5334,#5335,#5336,#5337));
#1948=EDGE_LOOP('',(#5338,#5339,#5340,#5341));
#1949=EDGE_LOOP('',(#5342,#5343,#5344,#5345));
#1950=EDGE_LOOP('',(#5346,#5347,#5348,#5349));
#1951=EDGE_LOOP('',(#5350,#5351,#5352,#5353));
#1952=EDGE_LOOP('',(#5354,#5355,#5356,#5357));
#1953=EDGE_LOOP('',(#5358,#5359,#5360,#5361));
#1954=EDGE_LOOP('',(#5362,#5363,#5364,#5365));
#1955=EDGE_LOOP('',(#5366,#5367,#5368,#5369));
#1956=B_SPLINE_CURVE_WITH_KNOTS('',3,(#8534,#8535,#8536,#8537,#8538,#8539,
#8540,#8541,#8542,#8543),.UNSPECIFIED.,.F.,.F.,(4,1,1,1,1,1,1,4),(-7.21049645448426,
-6.49711697590103,-5.7837374973178,-5.07035801873456,-4.35697854015133,
-3.6435990615681,-3.28690932227649,-3.14475663981532),.UNSPECIFIED.);
#1957=B_SPLINE_CURVE_WITH_KNOTS('',3,(#8545,#8546,#8547,#8548,#8549),
 .UNSPECIFIED.,.F.,.F.,(4,1,4),(-3.14481818024512,-2.93021958298487,-2.21684010440164),
 .UNSPECIFIED.);
#1958=B_SPLINE_CURVE_WITH_KNOTS('',3,(#8552,#8553,#8554,#8555,#8556,#8557,
#8558,#8559,#8560,#8561,#8562,#8563,#8564,#8565,#8566,#8567,#8568,#8569,
#8570,#8571,#8572,#8573,#8574,#8575,#8576,#8577,#8578,#8579,#8580,#8581,
#8582,#8583,#8584,#8585,#8586,#8587,#8588,#8589,#8590,#8591,#8592,#8593,
#8594,#8595,#8596,#8597,#8598,#8599,#8600,#8601,#8602,#8603,#8604,#8605,
#8606,#8607,#8608,#8609,#8610,#8611,#8612,#8613,#8614,#8615,#8616,#8617,
#8618,#8619,#8620,#8621,#8622,#8623,#8624,#8625,#8626,#8627,#8628,#8629,
#8630,#8631,#8632,#8633,#8634,#8635,#8636,#8637,#8638,#8639,#8640,#8641,
#8642,#8643,#8644,#8645,#8646,#8647,#8648,#8649,#8650,#8651,#8652,#8653,
#8654,#8655,#8656,#8657,#8658,#8659,#8660,#8661,#8662,#8663,#8664,#8665,
#8666,#8667,#8668,#8669,#8670,#8671,#8672,#8673,#8674,#8675,#8676,#8677,
#8678,#8679,#8680,#8681,#8682,#8683,#8684),.UNSPECIFIED.,.F.,.F.,(4,3,3,
3,3,3,3,3,3,3,3,3,3,3,3,3,3,3,3,3,3,3,3,3,3,3,3,3,3,3,3,3,3,3,3,3,3,3,3,
3,3,3,3,3,4),(2.21684010440164,2.35889009774937,2.51489209926339,2.66894395881254,
2.75382525770718,2.90165560793913,2.93030292820544,3.07676086178653,3.13925149639112,
3.28693512552501,3.51479021924388,3.64364778131968,3.7754629457253,3.89966170825026,
4.07733193563627,4.25090395857053,4.29561025953242,4.35695791668449,4.49773476199726,
4.64013273605987,4.69174037670819,4.8115911613421,4.93177808664872,5.0517183130531,
5.07031599096939,5.08438260157535,5.2200705487319,5.35696839114608,5.47412755418196,
5.60290104497093,5.73163927140622,5.78370597564424,5.86209811348431,6.0139003127256,
6.16920353874768,6.2491768047355,6.37306465250928,6.49695250028306,6.61759712092952,
6.6360332752089,6.7794305400753,6.92592727350543,7.02325366186534,7.18146680040487,
7.21049645448426),.UNSPECIFIED.);
#1959=B_SPLINE_CURVE_WITH_KNOTS('',3,(#8721,#8722,#8723,#8724,#8725,#8726),
 .UNSPECIFIED.,.F.,.F.,(4,1,1,4),(-0.323907630788114,-0.231362593596326,
-0.138817556157796,-3.75766114004692E-16),.UNSPECIFIED.);
#1960=B_SPLINE_CURVE_WITH_KNOTS('',3,(#8727,#8728,#8729,#8730,#8731,#8732),
 .UNSPECIFIED.,.F.,.F.,(4,1,1,4),(3.75766114004692E-16,0.138817556157796,
0.231362593596326,0.323907631034856),.UNSPECIFIED.);
#1961=B_SPLINE_CURVE_WITH_KNOTS('',3,(#8812,#8813,#8814,#8815,#8816,#8817,
#8818,#8819,#8820,#8821,#8822),.UNSPECIFIED.,.T.,.F.,(4,1,1,1,1,1,1,1,4),
(-3.14159265358979,-2.24399475256414,-1.34639685153848,-0.448798950512828,
-0.224399475256414,0.448798950512828,1.34639685153848,2.24399475256414,
3.14159265358979),.UNSPECIFIED.);
#1962=B_SPLINE_CURVE_WITH_KNOTS('',3,(#8823,#8824,#8825,#8826,#8827,#8828,
#8829,#8830,#8831,#8832,#8833),.UNSPECIFIED.,.T.,.F.,(4,1,1,1,1,1,1,1,4),
(-3.14159265358979,-2.24399475256414,-1.34639685153848,-0.448798950512828,
0.224399475256414,0.448798950512828,1.34639685153848,2.24399475256414,3.14159265358979),
 .UNSPECIFIED.);
#1963=B_SPLINE_CURVE_WITH_KNOTS('',3,(#9316,#9317,#9318,#9319,#9320,#9321),
 .UNSPECIFIED.,.F.,.F.,(4,1,1,4),(-0.722599485248004,-0.51614248946286,
-0.309685493677716,0.),.UNSPECIFIED.);
#1964=B_SPLINE_CURVE_WITH_KNOTS('',3,(#9324,#9325,#9326,#9327,#9328,#9329),
 .UNSPECIFIED.,.F.,.F.,(4,1,1,4),(0.,0.309685493677716,0.51614248946286,
0.722599485248004),.UNSPECIFIED.);
#1965=B_SPLINE_CURVE_WITH_KNOTS('',3,(#9376,#9377,#9378,#9379,#9380,#9381),
 .UNSPECIFIED.,.F.,.F.,(4,1,1,4),(-0.722578471195236,-0.516127479425169,
-0.309676487655101,0.),.UNSPECIFIED.);
#1966=B_SPLINE_CURVE_WITH_KNOTS('',3,(#9384,#9385,#9386,#9387,#9388,#9389),
 .UNSPECIFIED.,.F.,.F.,(4,1,1,4),(0.,0.309676487655101,0.516127479425169,
0.722578471195236),.UNSPECIFIED.);
#1967=CIRCLE('',#5761,0.5);
#1968=CIRCLE('',#5762,0.499999999999999);
#1969=CIRCLE('',#5764,0.5);
#1970=CIRCLE('',#5766,2.5);
#1971=CIRCLE('',#5767,2.5);
#1972=CIRCLE('',#5768,2.5);
#1973=CIRCLE('',#5769,3.5);
#1974=CIRCLE('',#5770,3.5);
#1975=CIRCLE('',#5771,2.5);
#1976=CIRCLE('',#5772,2.5);
#1977=CIRCLE('',#5773,2.5);
#1978=CIRCLE('',#5774,1.);
#1979=CIRCLE('',#5775,1.);
#1980=CIRCLE('',#5776,1.);
#1981=CIRCLE('',#5777,1.);
#1982=CIRCLE('',#5778,1.);
#1983=CIRCLE('',#5779,1.);
#1984=CIRCLE('',#5780,1.);
#1985=CIRCLE('',#5781,1.);
#1986=CIRCLE('',#5783,0.500000000000002);
#1987=CIRCLE('',#5788,0.5);
#1988=CIRCLE('',#5791,0.500000000000003);
#1989=CIRCLE('',#5792,3.);
#1990=CIRCLE('',#5793,2.5);
#1991=CIRCLE('',#5795,0.5);
#1992=CIRCLE('',#5797,0.500000000000003);
#1993=CIRCLE('',#5798,3.);
#1994=CIRCLE('',#5799,2.5);
#1995=CIRCLE('',#5801,0.5);
#1996=CIRCLE('',#5803,0.500000000000007);
#1997=CIRCLE('',#5804,3.);
#1998=CIRCLE('',#5805,3.5);
#1999=CIRCLE('',#5807,0.499999999999999);
#2000=CIRCLE('',#5809,0.500000000000007);
#2001=CIRCLE('',#5810,3.);
#2002=CIRCLE('',#5811,3.5);
#2003=CIRCLE('',#5813,0.5);
#2004=CIRCLE('',#5815,0.500000000000003);
#2005=CIRCLE('',#5816,3.);
#2006=CIRCLE('',#5817,2.5);
#2007=CIRCLE('',#5819,0.5);
#2008=CIRCLE('',#5821,0.500000000000003);
#2009=CIRCLE('',#5822,3.);
#2010=CIRCLE('',#5823,2.5);
#2011=CIRCLE('',#5828,0.499999999999996);
#2012=CIRCLE('',#5829,3.);
#2013=CIRCLE('',#5830,2.5);
#2014=CIRCLE('',#5832,0.499999999999999);
#2015=CIRCLE('',#5834,0.499999999999996);
#2016=CIRCLE('',#5835,3.);
#2017=CIRCLE('',#5836,2.5);
#2018=CIRCLE('',#5838,0.5);
#2019=CIRCLE('',#5840,0.500000000000003);
#2020=CIRCLE('',#5841,3.);
#2021=CIRCLE('',#5842,3.5);
#2022=CIRCLE('',#5844,0.499999999999999);
#2023=CIRCLE('',#5846,0.500000000000003);
#2024=CIRCLE('',#5847,3.);
#2025=CIRCLE('',#5848,3.5);
#2026=CIRCLE('',#5850,0.5);
#2027=CIRCLE('',#5852,0.499999999999996);
#2028=CIRCLE('',#5853,3.);
#2029=CIRCLE('',#5854,2.5);
#2030=CIRCLE('',#5856,0.499999999999999);
#2031=CIRCLE('',#5858,0.499999999999996);
#2032=CIRCLE('',#5859,3.);
#2033=CIRCLE('',#5860,2.5);
#2034=CIRCLE('',#5863,3.);
#2035=CIRCLE('',#5866,3.);
#2036=CIRCLE('',#5869,3.);
#2037=CIRCLE('',#5872,3.);
#2038=CIRCLE('',#5875,3.);
#2039=CIRCLE('',#5878,3.);
#2040=CIRCLE('',#5881,1.5);
#2041=CIRCLE('',#5882,1.5);
#2042=CIRCLE('',#5883,1.5);
#2043=CIRCLE('',#5884,1.5);
#2044=CIRCLE('',#5885,1.5);
#2045=CIRCLE('',#5886,1.5);
#2046=CIRCLE('',#5887,1.5);
#2047=CIRCLE('',#5888,1.5);
#2048=CIRCLE('',#5891,0.5);
#2049=CIRCLE('',#5892,0.5);
#2050=CIRCLE('',#5896,0.499999999999997);
#2051=CIRCLE('',#5897,0.5);
#2052=CIRCLE('',#5898,0.5);
#2053=CIRCLE('',#5900,0.5);
#2054=CIRCLE('',#5901,0.500000000000001);
#2055=CIRCLE('',#5902,0.500000000000017);
#2056=CIRCLE('',#5904,0.5);
#2057=CIRCLE('',#5905,0.5);
#2058=CIRCLE('',#5906,0.5);
#2059=CIRCLE('',#5908,0.5);
#2060=CIRCLE('',#5909,10.);
#2061=CIRCLE('',#5910,0.499999999999999);
#2062=CIRCLE('',#5911,9.5);
#2063=CIRCLE('',#5914,0.5);
#2064=CIRCLE('',#5915,0.5);
#2065=CIRCLE('',#5916,0.5);
#2066=CIRCLE('',#5919,0.5);
#2067=CIRCLE('',#5921,0.500000000000003);
#2068=CIRCLE('',#5922,9.5);
#2069=CIRCLE('',#5923,10.);
#2070=CIRCLE('',#5925,0.499999999999998);
#2071=CIRCLE('',#5927,0.5);
#2072=CIRCLE('',#5928,0.499999999999998);
#2073=CIRCLE('',#5930,2.5);
#2074=CIRCLE('',#5931,3.);
#2075=CIRCLE('',#5933,0.500000000000002);
#2076=CIRCLE('',#5934,0.499999999999999);
#2077=CIRCLE('',#5936,0.5);
#2078=CIRCLE('',#5937,6.5);
#2079=CIRCLE('',#5938,6.);
#2080=CIRCLE('',#5941,0.500000000000001);
#2081=CIRCLE('',#5942,0.5);
#2082=CIRCLE('',#5944,0.5);
#2083=CIRCLE('',#5945,6.);
#2084=CIRCLE('',#5946,6.5);
#2085=CIRCLE('',#5949,0.500000000000017);
#2086=CIRCLE('',#5950,5.);
#2087=CIRCLE('',#5951,5.5);
#2088=CIRCLE('',#5953,0.5);
#2089=CIRCLE('',#5955,0.500000000000013);
#2090=CIRCLE('',#5956,3.);
#2091=CIRCLE('',#5957,2.5);
#2092=CIRCLE('',#5959,0.5);
#2093=CIRCLE('',#5961,0.5);
#2094=CIRCLE('',#5962,3.);
#2095=CIRCLE('',#5963,2.5);
#2096=CIRCLE('',#5965,0.5);
#2097=CIRCLE('',#5967,0.5);
#2098=CIRCLE('',#5968,3.);
#2099=CIRCLE('',#5969,2.5);
#2100=CIRCLE('',#5971,0.5);
#2101=CIRCLE('',#5973,0.500000000000005);
#2102=CIRCLE('',#5974,3.);
#2103=CIRCLE('',#5975,3.5);
#2104=CIRCLE('',#5977,0.5);
#2105=CIRCLE('',#5979,0.500000000000005);
#2106=CIRCLE('',#5980,3.);
#2107=CIRCLE('',#5981,3.5);
#2108=CIRCLE('',#5983,0.5);
#2109=CIRCLE('',#5985,0.5);
#2110=CIRCLE('',#5986,3.);
#2111=CIRCLE('',#5987,2.5);
#2112=CIRCLE('',#5989,0.5);
#2113=CIRCLE('',#5991,0.5);
#2114=CIRCLE('',#5992,3.);
#2115=CIRCLE('',#5993,2.5);
#2116=CIRCLE('',#5995,0.5);
#2117=CIRCLE('',#5997,0.500000000000013);
#2118=CIRCLE('',#5998,3.);
#2119=CIRCLE('',#5999,2.5);
#2120=CIRCLE('',#6001,0.5);
#2121=CIRCLE('',#6003,5.);
#2122=CIRCLE('',#6004,5.5);
#2123=CIRCLE('',#6007,0.5);
#2124=CIRCLE('',#6009,0.5);
#2125=CIRCLE('',#6010,3.);
#2126=CIRCLE('',#6011,2.5);
#2127=CIRCLE('',#6013,0.5);
#2128=CIRCLE('',#6015,0.5);
#2129=CIRCLE('',#6016,0.499999999999999);
#2130=CIRCLE('',#6020,0.5);
#2131=CIRCLE('',#6022,0.5);
#2132=CIRCLE('',#6038,3.);
#2133=CIRCLE('',#6046,1.5);
#2134=CIRCLE('',#6047,1.5);
#2135=CIRCLE('',#6048,1.5);
#2136=CIRCLE('',#6049,1.5);
#2137=CIRCLE('',#6050,1.5);
#2138=CIRCLE('',#6051,1.5);
#2139=CIRCLE('',#6052,1.5);
#2140=CIRCLE('',#6053,1.5);
#2141=CIRCLE('',#6054,0.500000000000002);
#2142=CIRCLE('',#6058,0.5);
#2143=CIRCLE('',#6060,0.5);
#2144=CIRCLE('',#6061,3.);
#2145=CIRCLE('',#6063,0.5);
#2146=CIRCLE('',#6065,0.500000000000003);
#2147=CIRCLE('',#6067,0.499999999999998);
#2148=CIRCLE('',#6069,0.499999999999998);
#2149=CIRCLE('',#6071,0.500000000000002);
#2150=CIRCLE('',#6073,0.5);
#2151=CIRCLE('',#6075,0.5);
#2152=CIRCLE('',#6077,0.499999999999999);
#2153=CIRCLE('',#6079,0.5);
#2154=CIRCLE('',#6081,0.500000000000003);
#2155=CIRCLE('',#6083,0.499999999999998);
#2156=CIRCLE('',#6085,0.5);
#2157=CIRCLE('',#6087,0.5);
#2158=CIRCLE('',#6089,0.5);
#2159=CIRCLE('',#6091,0.5);
#2160=CIRCLE('',#6097,1.5);
#2161=CIRCLE('',#6098,1.5);
#2162=CIRCLE('',#6099,1.5);
#2163=CIRCLE('',#6100,1.5);
#2164=CIRCLE('',#6101,1.5);
#2165=CIRCLE('',#6102,1.5);
#2166=CIRCLE('',#6103,1.5);
#2167=CIRCLE('',#6104,1.5);
#2168=CIRCLE('',#6106,2.5);
#2169=CIRCLE('',#6114,1.25);
#2170=CIRCLE('',#6122,1.25);
#2171=CIRCLE('',#6124,1.25);
#2172=CIRCLE('',#6125,1.25);
#2173=CIRCLE('',#6137,0.499999999999998);
#2174=CIRCLE('',#6138,0.500000000000005);
#2175=CIRCLE('',#6139,1.);
#2176=CIRCLE('',#6141,0.5);
#2177=CIRCLE('',#6143,0.500000000000003);
#2178=CIRCLE('',#6144,1.);
#2179=CIRCLE('',#6146,0.5);
#2180=CIRCLE('',#6148,0.500000000000003);
#2181=CIRCLE('',#6149,1.);
#2182=CIRCLE('',#6151,0.5);
#2183=CIRCLE('',#6153,0.500000000000005);
#2184=CIRCLE('',#6154,1.);
#2185=CIRCLE('',#6158,1.);
#2186=CIRCLE('',#6161,1.);
#2187=CIRCLE('',#6163,0.499999999999998);
#2188=CIRCLE('',#6164,0.500000000000006);
#2189=CIRCLE('',#6166,0.499999999999999);
#2190=CIRCLE('',#6168,0.500000000000007);
#2191=CIRCLE('',#6169,1.);
#2192=CIRCLE('',#6171,0.500000000000002);
#2193=CIRCLE('',#6173,0.500000000000007);
#2194=CIRCLE('',#6174,1.);
#2195=CIRCLE('',#6176,0.500000000000002);
#2196=CIRCLE('',#6178,0.500000000000006);
#2197=CIRCLE('',#6182,0.499999999999998);
#2198=CIRCLE('',#6183,0.500000000000002);
#2199=CIRCLE('',#6184,1.);
#2200=CIRCLE('',#6186,0.499999999999998);
#2201=CIRCLE('',#6188,0.5);
#2202=CIRCLE('',#6189,1.);
#2203=CIRCLE('',#6191,0.499999999999998);
#2204=CIRCLE('',#6193,0.5);
#2205=CIRCLE('',#6194,1.);
#2206=CIRCLE('',#6196,0.499999999999999);
#2207=CIRCLE('',#6198,0.500000000000002);
#2208=CIRCLE('',#6199,1.);
#2209=CIRCLE('',#6203,1.);
#2210=CIRCLE('',#6206,1.);
#2211=CIRCLE('',#6208,0.5);
#2212=CIRCLE('',#6209,0.5);
#2213=CIRCLE('',#6211,0.5);
#2214=CIRCLE('',#6212,1.5);
#2215=CIRCLE('',#6214,0.5);
#2216=CIRCLE('',#6216,0.5);
#2217=CIRCLE('',#6217,1.5);
#2218=CIRCLE('',#6219,0.5);
#2219=CIRCLE('',#6221,0.5);
#2220=CIRCLE('',#6222,1.);
#2221=CIRCLE('',#6223,1.5);
#2222=CIRCLE('',#6225,0.5);
#2223=CIRCLE('',#6227,1.);
#2224=CIRCLE('',#6228,1.5);
#2225=CIRCLE('',#6234,1.);
#2226=CIRCLE('',#6235,1.);
#2227=CIRCLE('',#6236,1.);
#2228=CIRCLE('',#6237,1.);
#2229=CIRCLE('',#6250,0.5);
#2230=CIRCLE('',#6251,0.500000000000005);
#2231=CIRCLE('',#6252,1.);
#2232=CIRCLE('',#6254,0.5);
#2233=CIRCLE('',#6256,0.500000000000005);
#2234=CIRCLE('',#6257,1.);
#2235=CIRCLE('',#6259,0.5);
#2236=CIRCLE('',#6261,0.500000000000003);
#2237=CIRCLE('',#6262,1.);
#2238=CIRCLE('',#6264,0.5);
#2239=CIRCLE('',#6266,0.500000000000003);
#2240=CIRCLE('',#6267,1.);
#2241=CIRCLE('',#6271,1.);
#2242=CIRCLE('',#6274,1.);
#2243=CIRCLE('',#6276,0.5);
#2244=CIRCLE('',#6277,0.500000000000006);
#2245=CIRCLE('',#6278,1.);
#2246=CIRCLE('',#6280,0.499999999999999);
#2247=CIRCLE('',#6282,0.500000000000006);
#2248=CIRCLE('',#6284,0.500000000000002);
#2249=CIRCLE('',#6286,0.500000000000007);
#2250=CIRCLE('',#6288,0.500000000000002);
#2251=CIRCLE('',#6290,0.500000000000007);
#2252=CIRCLE('',#6291,1.);
#2253=CIRCLE('',#6297,0.5);
#2254=CIRCLE('',#6298,0.500000000000002);
#2255=CIRCLE('',#6299,1.);
#2256=CIRCLE('',#6301,0.499999999999999);
#2257=CIRCLE('',#6303,0.500000000000002);
#2258=CIRCLE('',#6304,1.);
#2259=CIRCLE('',#6306,0.5);
#2260=CIRCLE('',#6308,0.5);
#2261=CIRCLE('',#6309,1.);
#2262=CIRCLE('',#6311,0.499999999999998);
#2263=CIRCLE('',#6313,0.5);
#2264=CIRCLE('',#6314,1.);
#2265=CIRCLE('',#6318,1.);
#2266=CIRCLE('',#6321,1.);
#2267=CIRCLE('',#6323,0.5);
#2268=CIRCLE('',#6324,0.5);
#2269=CIRCLE('',#6326,0.5);
#2270=CIRCLE('',#6327,1.5);
#2271=CIRCLE('',#6329,0.5);
#2272=CIRCLE('',#6331,0.5);
#2273=CIRCLE('',#6332,1.);
#2274=CIRCLE('',#6333,1.5);
#2275=CIRCLE('',#6335,0.5);
#2276=CIRCLE('',#6337,0.5);
#2277=CIRCLE('',#6338,1.);
#2278=CIRCLE('',#6339,1.5);
#2279=CIRCLE('',#6341,0.5);
#2280=CIRCLE('',#6343,1.5);
#2281=CIRCLE('',#6347,1.);
#2282=CIRCLE('',#6348,1.);
#2283=CIRCLE('',#6349,1.);
#2284=CIRCLE('',#6350,1.);
#2285=CIRCLE('',#6363,0.499999999999998);
#2286=CIRCLE('',#6364,0.5);
#2287=CIRCLE('',#6365,0.500000000000003);
#2288=CIRCLE('',#6366,0.5);
#2289=CIRCLE('',#6367,1.);
#2290=CIRCLE('',#6369,0.5);
#2291=CIRCLE('',#6370,0.499999999999999);
#2292=CIRCLE('',#6371,0.5);
#2293=CIRCLE('',#6372,1.);
#2294=CIRCLE('',#6374,0.5);
#2295=CIRCLE('',#6375,0.500000000000003);
#2296=CIRCLE('',#6376,0.5);
#2297=CIRCLE('',#6377,1.);
#2298=CIRCLE('',#6379,0.499999999999998);
#2299=CIRCLE('',#6380,1.);
#2300=CIRCLE('',#6381,0.5);
#2301=CIRCLE('',#6383,1.);
#2302=CIRCLE('',#6386,1.);
#2303=CIRCLE('',#6389,1.);
#2304=CIRCLE('',#6390,1.);
#2305=CIRCLE('',#6391,1.);
#2306=CIRCLE('',#6392,1.);
#2307=CIRCLE('',#6393,0.500000000000003);
#2308=CIRCLE('',#6394,0.5);
#2309=CIRCLE('',#6395,0.500000000000003);
#2310=CIRCLE('',#6397,0.5);
#2311=CIRCLE('',#6398,0.499999999999998);
#2312=CIRCLE('',#6399,1.);
#2313=CIRCLE('',#6400,0.5);
#2314=CIRCLE('',#6402,0.5);
#2315=CIRCLE('',#6403,0.499999999999998);
#2316=CIRCLE('',#6404,1.);
#2317=CIRCLE('',#6405,0.5);
#2318=CIRCLE('',#6407,0.5);
#2319=CIRCLE('',#6408,0.500000000000003);
#2320=CIRCLE('',#6409,0.5);
#2321=CIRCLE('',#6413,0.999999999999999);
#2322=CIRCLE('',#6414,1.);
#2323=CIRCLE('',#6415,1.);
#2324=CIRCLE('',#6417,1.);
#2325=CIRCLE('',#6418,1.);
#2326=CIRCLE('',#6419,0.999999999999999);
#2327=CIRCLE('',#6421,1.);
#2328=CIRCLE('',#6422,1.);
#2329=CIRCLE('',#6423,1.);
#2330=CIRCLE('',#6425,1.);
#2331=CIRCLE('',#6426,1.);
#2332=CIRCLE('',#6427,1.);
#2333=CIRCLE('',#6446,0.5);
#2334=CIRCLE('',#6447,0.5);
#2335=CIRCLE('',#6448,0.5);
#2336=CIRCLE('',#6449,1.);
#2337=CIRCLE('',#6450,0.5);
#2338=CIRCLE('',#6452,0.5);
#2339=CIRCLE('',#6453,0.5);
#2340=CIRCLE('',#6454,1.);
#2341=CIRCLE('',#6455,0.5);
#2342=CIRCLE('',#6457,0.5);
#2343=CIRCLE('',#6458,0.5);
#2344=CIRCLE('',#6459,1.);
#2345=CIRCLE('',#6460,0.5);
#2346=CIRCLE('',#6462,0.5);
#2347=CIRCLE('',#6463,1.);
#2348=CIRCLE('',#6464,0.5);
#2349=CIRCLE('',#6466,1.);
#2350=CIRCLE('',#6469,1.);
#2351=CIRCLE('',#6472,1.);
#2352=CIRCLE('',#6473,1.);
#2353=CIRCLE('',#6474,1.);
#2354=CIRCLE('',#6475,1.);
#2355=CIRCLE('',#6476,0.499999999999999);
#2356=CIRCLE('',#6477,0.5);
#2357=CIRCLE('',#6478,0.500000000000003);
#2358=CIRCLE('',#6479,1.);
#2359=CIRCLE('',#6481,0.500000000000003);
#2360=CIRCLE('',#6482,0.500000000000003);
#2361=CIRCLE('',#6483,1.);
#2362=CIRCLE('',#6484,0.5);
#2363=CIRCLE('',#6486,0.5);
#2364=CIRCLE('',#6487,0.499999999999998);
#2365=CIRCLE('',#6488,0.5);
#2366=CIRCLE('',#6490,0.499999999999998);
#2367=CIRCLE('',#6491,0.499999999999998);
#2368=CIRCLE('',#6492,0.5);
#2369=CIRCLE('',#6498,1.);
#2370=CIRCLE('',#6499,0.999999999999999);
#2371=CIRCLE('',#6500,1.);
#2372=CIRCLE('',#6502,1.);
#2373=CIRCLE('',#6503,1.);
#2374=CIRCLE('',#6504,1.);
#2375=CIRCLE('',#6507,1.);
#2376=CIRCLE('',#6508,1.);
#2377=CIRCLE('',#6509,1.);
#2378=CIRCLE('',#6511,1.);
#2379=CIRCLE('',#6512,1.);
#2380=CIRCLE('',#6513,1.);
#2381=VERTEX_POINT('',#8530);
#2382=VERTEX_POINT('',#8531);
#2383=VERTEX_POINT('',#8533);
#2384=VERTEX_POINT('',#8544);
#2385=VERTEX_POINT('',#8550);
#2386=VERTEX_POINT('',#8734);
#2387=VERTEX_POINT('',#8736);
#2388=VERTEX_POINT('',#8738);
#2389=VERTEX_POINT('',#8740);
#2390=VERTEX_POINT('',#8809);
#2391=VERTEX_POINT('',#8810);
#2392=VERTEX_POINT('',#8835);
#2393=VERTEX_POINT('',#8836);
#2394=VERTEX_POINT('',#8838);
#2395=VERTEX_POINT('',#8840);
#2396=VERTEX_POINT('',#8842);
#2397=VERTEX_POINT('',#8844);
#2398=VERTEX_POINT('',#8846);
#2399=VERTEX_POINT('',#8848);
#2400=VERTEX_POINT('',#8850);
#2401=VERTEX_POINT('',#8852);
#2402=VERTEX_POINT('',#8854);
#2403=VERTEX_POINT('',#8856);
#2404=VERTEX_POINT('',#8858);
#2405=VERTEX_POINT('',#8860);
#2406=VERTEX_POINT('',#8862);
#2407=VERTEX_POINT('',#8864);
#2408=VERTEX_POINT('',#8866);
#2409=VERTEX_POINT('',#8868);
#2410=VERTEX_POINT('',#8870);
#2411=VERTEX_POINT('',#8872);
#2412=VERTEX_POINT('',#8875);
#2413=VERTEX_POINT('',#8876);
#2414=VERTEX_POINT('',#8878);
#2415=VERTEX_POINT('',#8880);
#2416=VERTEX_POINT('',#8882);
#2417=VERTEX_POINT('',#8884);
#2418=VERTEX_POINT('',#8886);
#2419=VERTEX_POINT('',#8888);
#2420=VERTEX_POINT('',#8891);
#2421=VERTEX_POINT('',#8892);
#2422=VERTEX_POINT('',#8894);
#2423=VERTEX_POINT('',#8896);
#2424=VERTEX_POINT('',#8898);
#2425=VERTEX_POINT('',#8900);
#2426=VERTEX_POINT('',#8902);
#2427=VERTEX_POINT('',#8904);
#2428=VERTEX_POINT('',#8908);
#2429=VERTEX_POINT('',#8909);
#2430=VERTEX_POINT('',#8911);
#2431=VERTEX_POINT('',#8913);
#2432=VERTEX_POINT('',#8917);
#2433=VERTEX_POINT('',#8919);
#2434=VERTEX_POINT('',#8923);
#2435=VERTEX_POINT('',#8924);
#2436=VERTEX_POINT('',#8926);
#2437=VERTEX_POINT('',#8928);
#2438=VERTEX_POINT('',#8932);
#2439=VERTEX_POINT('',#8933);
#2440=VERTEX_POINT('',#8938);
#2441=VERTEX_POINT('',#8939);
#2442=VERTEX_POINT('',#8944);
#2443=VERTEX_POINT('',#8945);
#2444=VERTEX_POINT('',#8950);
#2445=VERTEX_POINT('',#8951);
#2446=VERTEX_POINT('',#8956);
#2447=VERTEX_POINT('',#8957);
#2448=VERTEX_POINT('',#8962);
#2449=VERTEX_POINT('',#8963);
#2450=VERTEX_POINT('',#8968);
#2451=VERTEX_POINT('',#8969);
#2452=VERTEX_POINT('',#8974);
#2453=VERTEX_POINT('',#8975);
#2454=VERTEX_POINT('',#8980);
#2455=VERTEX_POINT('',#8981);
#2456=VERTEX_POINT('',#8986);
#2457=VERTEX_POINT('',#8987);
#2458=VERTEX_POINT('',#8992);
#2459=VERTEX_POINT('',#8993);
#2460=VERTEX_POINT('',#9001);
#2461=VERTEX_POINT('',#9003);
#2462=VERTEX_POINT('',#9007);
#2463=VERTEX_POINT('',#9008);
#2464=VERTEX_POINT('',#9013);
#2465=VERTEX_POINT('',#9014);
#2466=VERTEX_POINT('',#9019);
#2467=VERTEX_POINT('',#9020);
#2468=VERTEX_POINT('',#9025);
#2469=VERTEX_POINT('',#9026);
#2470=VERTEX_POINT('',#9031);
#2471=VERTEX_POINT('',#9032);
#2472=VERTEX_POINT('',#9037);
#2473=VERTEX_POINT('',#9038);
#2474=VERTEX_POINT('',#9043);
#2475=VERTEX_POINT('',#9044);
#2476=VERTEX_POINT('',#9049);
#2477=VERTEX_POINT('',#9050);
#2478=VERTEX_POINT('',#9055);
#2479=VERTEX_POINT('',#9056);
#2480=VERTEX_POINT('',#9061);
#2481=VERTEX_POINT('',#9062);
#2482=VERTEX_POINT('',#9067);
#2483=VERTEX_POINT('',#9068);
#2484=VERTEX_POINT('',#9076);
#2485=VERTEX_POINT('',#9078);
#2486=VERTEX_POINT('',#9082);
#2487=VERTEX_POINT('',#9086);
#2488=VERTEX_POINT('',#9090);
#2489=VERTEX_POINT('',#9094);
#2490=VERTEX_POINT('',#9098);
#2491=VERTEX_POINT('',#9102);
#2492=VERTEX_POINT('',#9106);
#2493=VERTEX_POINT('',#9110);
#2494=VERTEX_POINT('',#9114);
#2495=VERTEX_POINT('',#9118);
#2496=VERTEX_POINT('',#9122);
#2497=VERTEX_POINT('',#9124);
#2498=VERTEX_POINT('',#9126);
#2499=VERTEX_POINT('',#9131);
#2500=VERTEX_POINT('',#9132);
#2501=VERTEX_POINT('',#9134);
#2502=VERTEX_POINT('',#9136);
#2503=VERTEX_POINT('',#9138);
#2504=VERTEX_POINT('',#9140);
#2505=VERTEX_POINT('',#9142);
#2506=VERTEX_POINT('',#9144);
#2507=VERTEX_POINT('',#9147);
#2508=VERTEX_POINT('',#9148);
#2509=VERTEX_POINT('',#9150);
#2510=VERTEX_POINT('',#9152);
#2511=VERTEX_POINT('',#9154);
#2512=VERTEX_POINT('',#9156);
#2513=VERTEX_POINT('',#9158);
#2514=VERTEX_POINT('',#9160);
#2515=VERTEX_POINT('',#9166);
#2516=VERTEX_POINT('',#9167);
#2517=VERTEX_POINT('',#9169);
#2518=VERTEX_POINT('',#9171);
#2519=VERTEX_POINT('',#9207);
#2520=VERTEX_POINT('',#9208);
#2521=VERTEX_POINT('',#9210);
#2522=VERTEX_POINT('',#9214);
#2523=VERTEX_POINT('',#9215);
#2524=VERTEX_POINT('',#9217);
#2525=VERTEX_POINT('',#9221);
#2526=VERTEX_POINT('',#9222);
#2527=VERTEX_POINT('',#9224);
#2528=VERTEX_POINT('',#9228);
#2529=VERTEX_POINT('',#9229);
#2530=VERTEX_POINT('',#9231);
#2531=VERTEX_POINT('',#9233);
#2532=VERTEX_POINT('',#9240);
#2533=VERTEX_POINT('',#9241);
#2534=VERTEX_POINT('',#9243);
#2535=VERTEX_POINT('',#9250);
#2536=VERTEX_POINT('',#9251);
#2537=VERTEX_POINT('',#9256);
#2538=VERTEX_POINT('',#9257);
#2539=VERTEX_POINT('',#9262);
#2540=VERTEX_POINT('',#9263);
#2541=VERTEX_POINT('',#9268);
#2542=VERTEX_POINT('',#9269);
#2543=VERTEX_POINT('',#9271);
#2544=VERTEX_POINT('',#9273);
#2545=VERTEX_POINT('',#9280);
#2546=VERTEX_POINT('',#9281);
#2547=VERTEX_POINT('',#9315);
#2548=VERTEX_POINT('',#9322);
#2549=VERTEX_POINT('',#9331);
#2550=VERTEX_POINT('',#9332);
#2551=VERTEX_POINT('',#9340);
#2552=VERTEX_POINT('',#9341);
#2553=VERTEX_POINT('',#9375);
#2554=VERTEX_POINT('',#9382);
#2555=VERTEX_POINT('',#9391);
#2556=VERTEX_POINT('',#9392);
#2557=VERTEX_POINT('',#9400);
#2558=VERTEX_POINT('',#9405);
#2559=VERTEX_POINT('',#9409);
#2560=VERTEX_POINT('',#9410);
#2561=VERTEX_POINT('',#9415);
#2562=VERTEX_POINT('',#9416);
#2563=VERTEX_POINT('',#9421);
#2564=VERTEX_POINT('',#9422);
#2565=VERTEX_POINT('',#9427);
#2566=VERTEX_POINT('',#9428);
#2567=VERTEX_POINT('',#9433);
#2568=VERTEX_POINT('',#9434);
#2569=VERTEX_POINT('',#9439);
#2570=VERTEX_POINT('',#9440);
#2571=VERTEX_POINT('',#9445);
#2572=VERTEX_POINT('',#9446);
#2573=VERTEX_POINT('',#9451);
#2574=VERTEX_POINT('',#9452);
#2575=VERTEX_POINT('',#9457);
#2576=VERTEX_POINT('',#9458);
#2577=VERTEX_POINT('',#9463);
#2578=VERTEX_POINT('',#9464);
#2579=VERTEX_POINT('',#9469);
#2580=VERTEX_POINT('',#9470);
#2581=VERTEX_POINT('',#9475);
#2582=VERTEX_POINT('',#9476);
#2583=VERTEX_POINT('',#9481);
#2584=VERTEX_POINT('',#9486);
#2585=VERTEX_POINT('',#9490);
#2586=VERTEX_POINT('',#9491);
#2587=VERTEX_POINT('',#9496);
#2588=VERTEX_POINT('',#9497);
#2589=VERTEX_POINT('',#9508);
#2590=VERTEX_POINT('',#9509);
#2591=VERTEX_POINT('',#9514);
#2592=VERTEX_POINT('',#9515);
#2593=VERTEX_POINT('',#9520);
#2594=VERTEX_POINT('',#9525);
#2595=VERTEX_POINT('',#9527);
#2596=VERTEX_POINT('',#9529);
#2597=VERTEX_POINT('',#9573);
#2598=VERTEX_POINT('',#9599);
#2599=VERTEX_POINT('',#9603);
#2600=VERTEX_POINT('',#9607);
#2601=VERTEX_POINT('',#9612);
#2602=VERTEX_POINT('',#9613);
#2603=VERTEX_POINT('',#9615);
#2604=VERTEX_POINT('',#9617);
#2605=VERTEX_POINT('',#9619);
#2606=VERTEX_POINT('',#9621);
#2607=VERTEX_POINT('',#9624);
#2608=VERTEX_POINT('',#9625);
#2609=VERTEX_POINT('',#9627);
#2610=VERTEX_POINT('',#9629);
#2611=VERTEX_POINT('',#9631);
#2612=VERTEX_POINT('',#9633);
#2613=VERTEX_POINT('',#9639);
#2614=VERTEX_POINT('',#9640);
#2615=VERTEX_POINT('',#9642);
#2616=VERTEX_POINT('',#9644);
#2617=VERTEX_POINT('',#9646);
#2618=VERTEX_POINT('',#9648);
#2619=VERTEX_POINT('',#9650);
#2620=VERTEX_POINT('',#9652);
#2621=VERTEX_POINT('',#9655);
#2622=VERTEX_POINT('',#9656);
#2623=VERTEX_POINT('',#9658);
#2624=VERTEX_POINT('',#9660);
#2625=VERTEX_POINT('',#9662);
#2626=VERTEX_POINT('',#9664);
#2627=VERTEX_POINT('',#9666);
#2628=VERTEX_POINT('',#9668);
#2629=VERTEX_POINT('',#9702);
#2630=VERTEX_POINT('',#9778);
#2631=VERTEX_POINT('',#9779);
#2632=VERTEX_POINT('',#9781);
#2633=VERTEX_POINT('',#9783);
#2634=VERTEX_POINT('',#9785);
#2635=VERTEX_POINT('',#9787);
#2636=VERTEX_POINT('',#9789);
#2637=VERTEX_POINT('',#9791);
#2638=VERTEX_POINT('',#9794);
#2639=VERTEX_POINT('',#9795);
#2640=VERTEX_POINT('',#9797);
#2641=VERTEX_POINT('',#9799);
#2642=VERTEX_POINT('',#9801);
#2643=VERTEX_POINT('',#9803);
#2644=VERTEX_POINT('',#9805);
#2645=VERTEX_POINT('',#9807);
#2646=VERTEX_POINT('',#9813);
#2647=VERTEX_POINT('',#9815);
#2648=VERTEX_POINT('',#9819);
#2649=VERTEX_POINT('',#9823);
#2650=VERTEX_POINT('',#9827);
#2651=VERTEX_POINT('',#9831);
#2652=VERTEX_POINT('',#9837);
#2653=VERTEX_POINT('',#9840);
#2654=VERTEX_POINT('',#9842);
#2655=VERTEX_POINT('',#9846);
#2656=VERTEX_POINT('',#9850);
#2657=VERTEX_POINT('',#9854);
#2658=VERTEX_POINT('',#9858);
#2659=VERTEX_POINT('',#9864);
#2660=VERTEX_POINT('',#9867);
#2661=VERTEX_POINT('',#9869);
#2662=VERTEX_POINT('',#9890);
#2663=VERTEX_POINT('',#9892);
#2664=VERTEX_POINT('',#9896);
#2665=VERTEX_POINT('',#9900);
#2666=VERTEX_POINT('',#9904);
#2667=VERTEX_POINT('',#9908);
#2668=VERTEX_POINT('',#9912);
#2669=VERTEX_POINT('',#9916);
#2670=VERTEX_POINT('',#9922);
#2671=VERTEX_POINT('',#9924);
#2672=VERTEX_POINT('',#9928);
#2673=VERTEX_POINT('',#9932);
#2674=VERTEX_POINT('',#9936);
#2675=VERTEX_POINT('',#9945);
#2676=VERTEX_POINT('',#9949);
#2677=VERTEX_POINT('',#9953);
#2678=VERTEX_POINT('',#9965);
#2679=VERTEX_POINT('',#9967);
#2680=VERTEX_POINT('',#9971);
#2681=VERTEX_POINT('',#9975);
#2682=VERTEX_POINT('',#9979);
#2683=VERTEX_POINT('',#9983);
#2684=VERTEX_POINT('',#9987);
#2685=VERTEX_POINT('',#9991);
#2686=VERTEX_POINT('',#9997);
#2687=VERTEX_POINT('',#9999);
#2688=VERTEX_POINT('',#10003);
#2689=VERTEX_POINT('',#10007);
#2690=VERTEX_POINT('',#10011);
#2691=VERTEX_POINT('',#10015);
#2692=VERTEX_POINT('',#10016);
#2693=VERTEX_POINT('',#10018);
#2694=VERTEX_POINT('',#10023);
#2695=VERTEX_POINT('',#10027);
#2696=VERTEX_POINT('',#10031);
#2697=VERTEX_POINT('',#10035);
#2698=VERTEX_POINT('',#10039);
#2699=VERTEX_POINT('',#10040);
#2700=VERTEX_POINT('',#10045);
#2701=VERTEX_POINT('',#10046);
#2702=VERTEX_POINT('',#10061);
#2703=VERTEX_POINT('',#10062);
#2704=VERTEX_POINT('',#10064);
#2705=VERTEX_POINT('',#10066);
#2706=VERTEX_POINT('',#10068);
#2707=VERTEX_POINT('',#10070);
#2708=VERTEX_POINT('',#10072);
#2709=VERTEX_POINT('',#10074);
#2710=VERTEX_POINT('',#10099);
#2711=VERTEX_POINT('',#10101);
#2712=VERTEX_POINT('',#10105);
#2713=VERTEX_POINT('',#10109);
#2714=VERTEX_POINT('',#10113);
#2715=VERTEX_POINT('',#10117);
#2716=VERTEX_POINT('',#10121);
#2717=VERTEX_POINT('',#10125);
#2718=VERTEX_POINT('',#10131);
#2719=VERTEX_POINT('',#10133);
#2720=VERTEX_POINT('',#10137);
#2721=VERTEX_POINT('',#10141);
#2722=VERTEX_POINT('',#10145);
#2723=VERTEX_POINT('',#10149);
#2724=VERTEX_POINT('',#10151);
#2725=VERTEX_POINT('',#10166);
#2726=VERTEX_POINT('',#10178);
#2727=VERTEX_POINT('',#10180);
#2728=VERTEX_POINT('',#10184);
#2729=VERTEX_POINT('',#10188);
#2730=VERTEX_POINT('',#10192);
#2731=VERTEX_POINT('',#10196);
#2732=VERTEX_POINT('',#10200);
#2733=VERTEX_POINT('',#10204);
#2734=VERTEX_POINT('',#10210);
#2735=VERTEX_POINT('',#10212);
#2736=VERTEX_POINT('',#10216);
#2737=VERTEX_POINT('',#10220);
#2738=VERTEX_POINT('',#10224);
#2739=VERTEX_POINT('',#10228);
#2740=VERTEX_POINT('',#10230);
#2741=VERTEX_POINT('',#10234);
#2742=VERTEX_POINT('',#10238);
#2743=VERTEX_POINT('',#10242);
#2744=VERTEX_POINT('',#10243);
#2745=VERTEX_POINT('',#10248);
#2746=VERTEX_POINT('',#10249);
#2747=VERTEX_POINT('',#10254);
#2748=VERTEX_POINT('',#10255);
#2749=VERTEX_POINT('',#10260);
#2750=VERTEX_POINT('',#10271);
#2751=VERTEX_POINT('',#10272);
#2752=VERTEX_POINT('',#10274);
#2753=VERTEX_POINT('',#10276);
#2754=VERTEX_POINT('',#10278);
#2755=VERTEX_POINT('',#10280);
#2756=VERTEX_POINT('',#10282);
#2757=VERTEX_POINT('',#10284);
#2758=VERTEX_POINT('',#10308);
#2759=VERTEX_POINT('',#10309);
#2760=VERTEX_POINT('',#10311);
#2761=VERTEX_POINT('',#10313);
#2762=VERTEX_POINT('',#10325);
#2763=VERTEX_POINT('',#10326);
#2764=VERTEX_POINT('',#10331);
#2765=VERTEX_POINT('',#10332);
#2766=VERTEX_POINT('',#10345);
#2767=VERTEX_POINT('',#10346);
#2768=VERTEX_POINT('',#10351);
#2769=VERTEX_POINT('',#10352);
#2770=VERTEX_POINT('',#10365);
#2771=VERTEX_POINT('',#10366);
#2772=VERTEX_POINT('',#10371);
#2773=VERTEX_POINT('',#10372);
#2774=VERTEX_POINT('',#10388);
#2775=VERTEX_POINT('',#10390);
#2776=VERTEX_POINT('',#10394);
#2777=VERTEX_POINT('',#10398);
#2778=VERTEX_POINT('',#10402);
#2779=VERTEX_POINT('',#10406);
#2780=VERTEX_POINT('',#10407);
#2781=VERTEX_POINT('',#10409);
#2782=VERTEX_POINT('',#10411);
#2783=VERTEX_POINT('',#10413);
#2784=VERTEX_POINT('',#10415);
#2785=VERTEX_POINT('',#10417);
#2786=VERTEX_POINT('',#10419);
#2787=VERTEX_POINT('',#10431);
#2788=VERTEX_POINT('',#10433);
#2789=VERTEX_POINT('',#10437);
#2790=VERTEX_POINT('',#10438);
#2791=VERTEX_POINT('',#10451);
#2792=VERTEX_POINT('',#10452);
#2793=VERTEX_POINT('',#10457);
#2794=VERTEX_POINT('',#10458);
#2795=VERTEX_POINT('',#10471);
#2796=VERTEX_POINT('',#10476);
#2797=VERTEX_POINT('',#10488);
#2798=VERTEX_POINT('',#10495);
#2799=VERTEX_POINT('',#10496);
#2800=VERTEX_POINT('',#10498);
#2801=VERTEX_POINT('',#10502);
#2802=VERTEX_POINT('',#10503);
#2803=VERTEX_POINT('',#10505);
#2804=VERTEX_POINT('',#10509);
#2805=VERTEX_POINT('',#10510);
#2806=VERTEX_POINT('',#10512);
#2807=VERTEX_POINT('',#10516);
#2808=VERTEX_POINT('',#10517);
#2809=VERTEX_POINT('',#10519);
#2810=VERTEX_POINT('',#10559);
#2811=VERTEX_POINT('',#10560);
#2812=VERTEX_POINT('',#10562);
#2813=VERTEX_POINT('',#10564);
#2814=VERTEX_POINT('',#10576);
#2815=VERTEX_POINT('',#10577);
#2816=VERTEX_POINT('',#10582);
#2817=VERTEX_POINT('',#10583);
#2818=VERTEX_POINT('',#10596);
#2819=VERTEX_POINT('',#10597);
#2820=VERTEX_POINT('',#10602);
#2821=VERTEX_POINT('',#10603);
#2822=VERTEX_POINT('',#10616);
#2823=VERTEX_POINT('',#10617);
#2824=VERTEX_POINT('',#10622);
#2825=VERTEX_POINT('',#10623);
#2826=VERTEX_POINT('',#10639);
#2827=VERTEX_POINT('',#10641);
#2828=VERTEX_POINT('',#10645);
#2829=VERTEX_POINT('',#10649);
#2830=VERTEX_POINT('',#10653);
#2831=VERTEX_POINT('',#10657);
#2832=VERTEX_POINT('',#10658);
#2833=VERTEX_POINT('',#10660);
#2834=VERTEX_POINT('',#10662);
#2835=VERTEX_POINT('',#10664);
#2836=VERTEX_POINT('',#10666);
#2837=VERTEX_POINT('',#10668);
#2838=VERTEX_POINT('',#10670);
#2839=VERTEX_POINT('',#10682);
#2840=VERTEX_POINT('',#10683);
#2841=VERTEX_POINT('',#10685);
#2842=VERTEX_POINT('',#10687);
#2843=VERTEX_POINT('',#10691);
#2844=VERTEX_POINT('',#10692);
#2845=VERTEX_POINT('',#10705);
#2846=VERTEX_POINT('',#10710);
#2847=VERTEX_POINT('',#10722);
#2848=VERTEX_POINT('',#10726);
#2849=VERTEX_POINT('',#10738);
#2850=VERTEX_POINT('',#10750);
#2851=VERTEX_POINT('',#10751);
#2852=VERTEX_POINT('',#10753);
#2853=VERTEX_POINT('',#10757);
#2854=VERTEX_POINT('',#10758);
#2855=VERTEX_POINT('',#10760);
#2856=VERTEX_POINT('',#10767);
#2857=VERTEX_POINT('',#10768);
#2858=VERTEX_POINT('',#10770);
#2859=VERTEX_POINT('',#10774);
#2860=VERTEX_POINT('',#10775);
#2861=VERTEX_POINT('',#10777);
#2862=EDGE_CURVE('',#2381,#2382,#1967,.T.);
#2863=EDGE_CURVE('',#2382,#2383,#1956,.T.);
#2864=EDGE_CURVE('',#2383,#2384,#1957,.T.);
#2865=EDGE_CURVE('',#2384,#2385,#1968,.T.);
#2866=EDGE_CURVE('',#2385,#2381,#1958,.T.);
#2867=EDGE_CURVE('',#2381,#2385,#1959,.T.);
#2868=EDGE_CURVE('',#2384,#2382,#1960,.T.);
#2869=EDGE_CURVE('',#2386,#2385,#318,.T.);
#2870=EDGE_CURVE('',#2387,#2386,#319,.T.);
#2871=EDGE_CURVE('',#2388,#2387,#320,.T.);
#2872=EDGE_CURVE('',#2389,#2388,#321,.T.);
#2873=EDGE_CURVE('',#2381,#2389,#322,.T.);
#2874=EDGE_CURVE('',#2390,#2391,#1969,.T.);
#2875=EDGE_CURVE('',#2391,#2391,#1961,.T.);
#2876=EDGE_CURVE('',#2390,#2390,#1962,.T.);
#2877=EDGE_CURVE('',#2392,#2393,#323,.T.);
#2878=EDGE_CURVE('',#2394,#2392,#324,.T.);
#2879=EDGE_CURVE('',#2395,#2394,#325,.T.);
#2880=EDGE_CURVE('',#2396,#2395,#326,.T.);
#2881=EDGE_CURVE('',#2397,#2396,#327,.T.);
#2882=EDGE_CURVE('',#2398,#2397,#1970,.T.);
#2883=EDGE_CURVE('',#2399,#2398,#328,.T.);
#2884=EDGE_CURVE('',#2400,#2399,#1971,.T.);
#2885=EDGE_CURVE('',#2401,#2400,#329,.T.);
#2886=EDGE_CURVE('',#2402,#2401,#1972,.T.);
#2887=EDGE_CURVE('',#2403,#2402,#330,.T.);
#2888=EDGE_CURVE('',#2404,#2403,#1973,.T.);
#2889=EDGE_CURVE('',#2405,#2404,#331,.T.);
#2890=EDGE_CURVE('',#2406,#2405,#1974,.T.);
#2891=EDGE_CURVE('',#2407,#2406,#332,.T.);
#2892=EDGE_CURVE('',#2408,#2407,#1975,.T.);
#2893=EDGE_CURVE('',#2409,#2408,#333,.T.);
#2894=EDGE_CURVE('',#2410,#2409,#1976,.T.);
#2895=EDGE_CURVE('',#2411,#2410,#334,.T.);
#2896=EDGE_CURVE('',#2393,#2411,#1977,.T.);
#2897=EDGE_CURVE('',#2412,#2413,#335,.T.);
#2898=EDGE_CURVE('',#2414,#2413,#1978,.T.);
#2899=EDGE_CURVE('',#2414,#2415,#336,.T.);
#2900=EDGE_CURVE('',#2416,#2415,#1979,.T.);
#2901=EDGE_CURVE('',#2416,#2417,#337,.T.);
#2902=EDGE_CURVE('',#2418,#2417,#1980,.T.);
#2903=EDGE_CURVE('',#2418,#2419,#338,.T.);
#2904=EDGE_CURVE('',#2412,#2419,#1981,.T.);
#2905=EDGE_CURVE('',#2420,#2421,#339,.T.);
#2906=EDGE_CURVE('',#2422,#2421,#1982,.T.);
#2907=EDGE_CURVE('',#2422,#2423,#340,.T.);
#2908=EDGE_CURVE('',#2424,#2423,#1983,.T.);
#2909=EDGE_CURVE('',#2424,#2425,#341,.T.);
#2910=EDGE_CURVE('',#2426,#2425,#1984,.T.);
#2911=EDGE_CURVE('',#2426,#2427,#342,.T.);
#2912=EDGE_CURVE('',#2420,#2427,#1985,.T.);
#2913=EDGE_CURVE('',#2428,#2429,#343,.T.);
#2914=EDGE_CURVE('',#2429,#2430,#1986,.T.);
#2915=EDGE_CURVE('',#2430,#2431,#344,.T.);
#2916=EDGE_CURVE('',#2431,#2428,#118,.T.);
#2917=EDGE_CURVE('',#2431,#2432,#345,.T.);
#2918=EDGE_CURVE('',#2432,#2433,#119,.T.);
#2919=EDGE_CURVE('',#2433,#2428,#346,.T.);
#2920=EDGE_CURVE('',#2434,#2435,#347,.T.);
#2921=EDGE_CURVE('',#2435,#2436,#1987,.T.);
#2922=EDGE_CURVE('',#2436,#2437,#348,.T.);
#2923=EDGE_CURVE('',#2437,#2434,#120,.T.);
#2924=EDGE_CURVE('',#2438,#2439,#1988,.T.);
#2925=EDGE_CURVE('',#2439,#2436,#1989,.T.);
#2926=EDGE_CURVE('',#2435,#2438,#1990,.T.);
#2927=EDGE_CURVE('',#2440,#2441,#1991,.T.);
#2928=EDGE_CURVE('',#2441,#2439,#349,.T.);
#2929=EDGE_CURVE('',#2438,#2440,#350,.T.);
#2930=EDGE_CURVE('',#2442,#2443,#1992,.T.);
#2931=EDGE_CURVE('',#2443,#2441,#1993,.T.);
#2932=EDGE_CURVE('',#2440,#2442,#1994,.T.);
#2933=EDGE_CURVE('',#2444,#2445,#1995,.T.);
#2934=EDGE_CURVE('',#2445,#2443,#351,.T.);
#2935=EDGE_CURVE('',#2442,#2444,#352,.T.);
#2936=EDGE_CURVE('',#2446,#2447,#1996,.T.);
#2937=EDGE_CURVE('',#2447,#2445,#1997,.T.);
#2938=EDGE_CURVE('',#2444,#2446,#1998,.T.);
#2939=EDGE_CURVE('',#2448,#2449,#1999,.T.);
#2940=EDGE_CURVE('',#2449,#2447,#353,.T.);
#2941=EDGE_CURVE('',#2446,#2448,#354,.T.);
#2942=EDGE_CURVE('',#2450,#2451,#2000,.T.);
#2943=EDGE_CURVE('',#2451,#2449,#2001,.T.);
#2944=EDGE_CURVE('',#2448,#2450,#2002,.T.);
#2945=EDGE_CURVE('',#2452,#2453,#2003,.T.);
#2946=EDGE_CURVE('',#2453,#2451,#355,.T.);
#2947=EDGE_CURVE('',#2450,#2452,#356,.T.);
#2948=EDGE_CURVE('',#2454,#2455,#2004,.T.);
#2949=EDGE_CURVE('',#2455,#2453,#2005,.T.);
#2950=EDGE_CURVE('',#2452,#2454,#2006,.T.);
#2951=EDGE_CURVE('',#2456,#2457,#2007,.T.);
#2952=EDGE_CURVE('',#2457,#2455,#357,.T.);
#2953=EDGE_CURVE('',#2454,#2456,#358,.T.);
#2954=EDGE_CURVE('',#2458,#2459,#2008,.T.);
#2955=EDGE_CURVE('',#2459,#2457,#2009,.T.);
#2956=EDGE_CURVE('',#2456,#2458,#2010,.T.);
#2957=EDGE_CURVE('',#2432,#2459,#359,.T.);
#2958=EDGE_CURVE('',#2458,#2433,#360,.T.);
#2959=EDGE_CURVE('',#2460,#2434,#361,.T.);
#2960=EDGE_CURVE('',#2437,#2461,#362,.T.);
#2961=EDGE_CURVE('',#2461,#2460,#121,.T.);
#2962=EDGE_CURVE('',#2462,#2463,#2011,.T.);
#2963=EDGE_CURVE('',#2463,#2430,#2012,.T.);
#2964=EDGE_CURVE('',#2429,#2462,#2013,.T.);
#2965=EDGE_CURVE('',#2464,#2465,#2014,.T.);
#2966=EDGE_CURVE('',#2465,#2463,#363,.T.);
#2967=EDGE_CURVE('',#2462,#2464,#364,.T.);
#2968=EDGE_CURVE('',#2466,#2467,#2015,.T.);
#2969=EDGE_CURVE('',#2467,#2465,#2016,.T.);
#2970=EDGE_CURVE('',#2464,#2466,#2017,.T.);
#2971=EDGE_CURVE('',#2468,#2469,#2018,.T.);
#2972=EDGE_CURVE('',#2469,#2467,#365,.T.);
#2973=EDGE_CURVE('',#2466,#2468,#366,.T.);
#2974=EDGE_CURVE('',#2470,#2471,#2019,.T.);
#2975=EDGE_CURVE('',#2471,#2469,#2020,.T.);
#2976=EDGE_CURVE('',#2468,#2470,#2021,.T.);
#2977=EDGE_CURVE('',#2472,#2473,#2022,.T.);
#2978=EDGE_CURVE('',#2473,#2471,#367,.T.);
#2979=EDGE_CURVE('',#2470,#2472,#368,.T.);
#2980=EDGE_CURVE('',#2474,#2475,#2023,.T.);
#2981=EDGE_CURVE('',#2475,#2473,#2024,.T.);
#2982=EDGE_CURVE('',#2472,#2474,#2025,.T.);
#2983=EDGE_CURVE('',#2476,#2477,#2026,.T.);
#2984=EDGE_CURVE('',#2477,#2475,#369,.T.);
#2985=EDGE_CURVE('',#2474,#2476,#370,.T.);
#2986=EDGE_CURVE('',#2478,#2479,#2027,.T.);
#2987=EDGE_CURVE('',#2479,#2477,#2028,.T.);
#2988=EDGE_CURVE('',#2476,#2478,#2029,.T.);
#2989=EDGE_CURVE('',#2480,#2481,#2030,.T.);
#2990=EDGE_CURVE('',#2481,#2479,#371,.T.);
#2991=EDGE_CURVE('',#2478,#2480,#372,.T.);
#2992=EDGE_CURVE('',#2482,#2483,#2031,.T.);
#2993=EDGE_CURVE('',#2483,#2481,#2032,.T.);
#2994=EDGE_CURVE('',#2480,#2482,#2033,.T.);
#2995=EDGE_CURVE('',#2461,#2483,#373,.T.);
#2996=EDGE_CURVE('',#2482,#2460,#374,.T.);
#2997=EDGE_CURVE('',#2463,#2484,#375,.T.);
#2998=EDGE_CURVE('',#2485,#2484,#2034,.T.);
#2999=EDGE_CURVE('',#2485,#2430,#376,.T.);
#3000=EDGE_CURVE('',#2486,#2465,#377,.T.);
#3001=EDGE_CURVE('',#2484,#2486,#378,.T.);
#3002=EDGE_CURVE('',#2467,#2487,#379,.T.);
#3003=EDGE_CURVE('',#2486,#2487,#2035,.T.);
#3004=EDGE_CURVE('',#2488,#2469,#380,.T.);
#3005=EDGE_CURVE('',#2487,#2488,#381,.T.);
#3006=EDGE_CURVE('',#2471,#2489,#382,.T.);
#3007=EDGE_CURVE('',#2488,#2489,#2036,.T.);
#3008=EDGE_CURVE('',#2490,#2473,#383,.T.);
#3009=EDGE_CURVE('',#2489,#2490,#384,.T.);
#3010=EDGE_CURVE('',#2475,#2491,#385,.T.);
#3011=EDGE_CURVE('',#2490,#2491,#2037,.T.);
#3012=EDGE_CURVE('',#2492,#2477,#386,.T.);
#3013=EDGE_CURVE('',#2491,#2492,#387,.T.);
#3014=EDGE_CURVE('',#2479,#2493,#388,.T.);
#3015=EDGE_CURVE('',#2492,#2493,#2038,.T.);
#3016=EDGE_CURVE('',#2494,#2481,#389,.T.);
#3017=EDGE_CURVE('',#2493,#2494,#390,.T.);
#3018=EDGE_CURVE('',#2483,#2495,#391,.T.);
#3019=EDGE_CURVE('',#2494,#2495,#2039,.T.);
#3020=EDGE_CURVE('',#2496,#2436,#392,.T.);
#3021=EDGE_CURVE('',#2497,#2496,#393,.T.);
#3022=EDGE_CURVE('',#2498,#2497,#394,.T.);
#3023=EDGE_CURVE('',#2495,#2498,#395,.T.);
#3024=EDGE_CURVE('',#2434,#2433,#396,.T.);
#3025=EDGE_CURVE('',#2499,#2500,#2040,.T.);
#3026=EDGE_CURVE('',#2501,#2499,#397,.T.);
#3027=EDGE_CURVE('',#2502,#2501,#2041,.T.);
#3028=EDGE_CURVE('',#2503,#2502,#398,.T.);
#3029=EDGE_CURVE('',#2504,#2503,#2042,.T.);
#3030=EDGE_CURVE('',#2505,#2504,#399,.T.);
#3031=EDGE_CURVE('',#2506,#2505,#2043,.T.);
#3032=EDGE_CURVE('',#2500,#2506,#400,.T.);
#3033=EDGE_CURVE('',#2507,#2508,#2044,.T.);
#3034=EDGE_CURVE('',#2509,#2507,#401,.T.);
#3035=EDGE_CURVE('',#2510,#2509,#2045,.T.);
#3036=EDGE_CURVE('',#2511,#2510,#402,.T.);
#3037=EDGE_CURVE('',#2512,#2511,#2046,.T.);
#3038=EDGE_CURVE('',#2513,#2512,#403,.T.);
#3039=EDGE_CURVE('',#2514,#2513,#2047,.T.);
#3040=EDGE_CURVE('',#2508,#2514,#404,.T.);
#3041=EDGE_CURVE('',#2460,#2428,#405,.T.);
#3042=EDGE_CURVE('',#2515,#2516,#2048,.T.);
#3043=EDGE_CURVE('',#2516,#2517,#406,.T.);
#3044=EDGE_CURVE('',#2517,#2518,#2049,.T.);
#3045=EDGE_CURVE('',#2518,#2515,#407,.T.);
#3046=EDGE_CURVE('',#2517,#2395,#122,.T.);
#3047=EDGE_CURVE('',#2395,#2518,#123,.T.);
#3048=EDGE_CURVE('',#2519,#2520,#2050,.F.);
#3049=EDGE_CURVE('',#2521,#2519,#2051,.F.);
#3050=EDGE_CURVE('',#2520,#2521,#2052,.F.);
#3051=EDGE_CURVE('',#2522,#2523,#2053,.F.);
#3052=EDGE_CURVE('',#2524,#2522,#2054,.F.);
#3053=EDGE_CURVE('',#2523,#2524,#2055,.F.);
#3054=EDGE_CURVE('',#2525,#2526,#2056,.F.);
#3055=EDGE_CURVE('',#2527,#2525,#2057,.F.);
#3056=EDGE_CURVE('',#2526,#2527,#2058,.F.);
#3057=EDGE_CURVE('',#2528,#2529,#2059,.T.);
#3058=EDGE_CURVE('',#2529,#2530,#2060,.T.);
#3059=EDGE_CURVE('',#2530,#2531,#2061,.T.);
#3060=EDGE_CURVE('',#2531,#2528,#2062,.T.);
#3061=EDGE_CURVE('',#2530,#2527,#408,.T.);
#3062=EDGE_CURVE('',#2525,#2531,#409,.T.);
#3063=EDGE_CURVE('',#2532,#2533,#2063,.F.);
#3064=EDGE_CURVE('',#2534,#2532,#2064,.F.);
#3065=EDGE_CURVE('',#2533,#2534,#2065,.F.);
#3066=EDGE_CURVE('',#2532,#2526,#410,.T.);
#3067=EDGE_CURVE('',#2527,#2534,#411,.T.);
#3068=EDGE_CURVE('',#2535,#2536,#2066,.T.);
#3069=EDGE_CURVE('',#2536,#2533,#412,.T.);
#3070=EDGE_CURVE('',#2534,#2535,#413,.T.);
#3071=EDGE_CURVE('',#2537,#2538,#2067,.T.);
#3072=EDGE_CURVE('',#2538,#2536,#2068,.T.);
#3073=EDGE_CURVE('',#2535,#2537,#2069,.T.);
#3074=EDGE_CURVE('',#2539,#2540,#2070,.T.);
#3075=EDGE_CURVE('',#2540,#2538,#414,.T.);
#3076=EDGE_CURVE('',#2537,#2539,#415,.T.);
#3077=EDGE_CURVE('',#2541,#2542,#2071,.T.);
#3078=EDGE_CURVE('',#2542,#2543,#416,.T.);
#3079=EDGE_CURVE('',#2543,#2544,#2072,.T.);
#3080=EDGE_CURVE('',#2544,#2541,#417,.T.);
#3081=EDGE_CURVE('',#2541,#2540,#2073,.T.);
#3082=EDGE_CURVE('',#2539,#2542,#2074,.T.);
#3083=EDGE_CURVE('',#2545,#2546,#2075,.T.);
#3084=EDGE_CURVE('',#2546,#2524,#418,.T.);
#3085=EDGE_CURVE('',#2522,#2545,#419,.T.);
#3086=EDGE_CURVE('',#2545,#2547,#1963,.T.);
#3087=EDGE_CURVE('',#2547,#2548,#2076,.T.);
#3088=EDGE_CURVE('',#2548,#2546,#1964,.T.);
#3089=EDGE_CURVE('',#2549,#2550,#2077,.T.);
#3090=EDGE_CURVE('',#2550,#2548,#2078,.T.);
#3091=EDGE_CURVE('',#2547,#2549,#2079,.T.);
#3092=EDGE_CURVE('',#2533,#2550,#420,.T.);
#3093=EDGE_CURVE('',#2549,#2532,#421,.T.);
#3094=EDGE_CURVE('',#2551,#2552,#2080,.T.);
#3095=EDGE_CURVE('',#2552,#2519,#422,.T.);
#3096=EDGE_CURVE('',#2520,#2551,#423,.T.);
#3097=EDGE_CURVE('',#2551,#2553,#1965,.T.);
#3098=EDGE_CURVE('',#2553,#2554,#2081,.T.);
#3099=EDGE_CURVE('',#2554,#2552,#1966,.T.);
#3100=EDGE_CURVE('',#2555,#2556,#2082,.T.);
#3101=EDGE_CURVE('',#2556,#2554,#2083,.T.);
#3102=EDGE_CURVE('',#2553,#2555,#2084,.T.);
#3103=EDGE_CURVE('',#2526,#2556,#424,.T.);
#3104=EDGE_CURVE('',#2555,#2525,#425,.T.);
#3105=EDGE_CURVE('',#2557,#2388,#2085,.T.);
#3106=EDGE_CURVE('',#2388,#2520,#2086,.T.);
#3107=EDGE_CURVE('',#2521,#2557,#2087,.T.);
#3108=EDGE_CURVE('',#2558,#2389,#2088,.T.);
#3109=EDGE_CURVE('',#2557,#2558,#426,.T.);
#3110=EDGE_CURVE('',#2559,#2560,#2089,.T.);
#3111=EDGE_CURVE('',#2560,#2389,#2090,.T.);
#3112=EDGE_CURVE('',#2558,#2559,#2091,.T.);
#3113=EDGE_CURVE('',#2561,#2562,#2092,.T.);
#3114=EDGE_CURVE('',#2562,#2560,#427,.T.);
#3115=EDGE_CURVE('',#2559,#2561,#428,.T.);
#3116=EDGE_CURVE('',#2563,#2564,#2093,.T.);
#3117=EDGE_CURVE('',#2564,#2562,#2094,.T.);
#3118=EDGE_CURVE('',#2561,#2563,#2095,.T.);
#3119=EDGE_CURVE('',#2565,#2566,#2096,.T.);
#3120=EDGE_CURVE('',#2566,#2564,#429,.T.);
#3121=EDGE_CURVE('',#2563,#2565,#430,.T.);
#3122=EDGE_CURVE('',#2567,#2568,#2097,.T.);
#3123=EDGE_CURVE('',#2568,#2566,#2098,.T.);
#3124=EDGE_CURVE('',#2565,#2567,#2099,.T.);
#3125=EDGE_CURVE('',#2569,#2570,#2100,.T.);
#3126=EDGE_CURVE('',#2570,#2568,#431,.T.);
#3127=EDGE_CURVE('',#2567,#2569,#432,.T.);
#3128=EDGE_CURVE('',#2571,#2572,#2101,.T.);
#3129=EDGE_CURVE('',#2572,#2570,#2102,.T.);
#3130=EDGE_CURVE('',#2569,#2571,#2103,.T.);
#3131=EDGE_CURVE('',#2573,#2574,#2104,.T.);
#3132=EDGE_CURVE('',#2574,#2572,#433,.T.);
#3133=EDGE_CURVE('',#2571,#2573,#434,.T.);
#3134=EDGE_CURVE('',#2575,#2576,#2105,.T.);
#3135=EDGE_CURVE('',#2576,#2574,#2106,.T.);
#3136=EDGE_CURVE('',#2573,#2575,#2107,.T.);
#3137=EDGE_CURVE('',#2577,#2578,#2108,.T.);
#3138=EDGE_CURVE('',#2578,#2576,#435,.T.);
#3139=EDGE_CURVE('',#2575,#2577,#436,.T.);
#3140=EDGE_CURVE('',#2579,#2580,#2109,.T.);
#3141=EDGE_CURVE('',#2580,#2578,#2110,.T.);
#3142=EDGE_CURVE('',#2577,#2579,#2111,.T.);
#3143=EDGE_CURVE('',#2581,#2582,#2112,.T.);
#3144=EDGE_CURVE('',#2582,#2580,#437,.T.);
#3145=EDGE_CURVE('',#2579,#2581,#438,.T.);
#3146=EDGE_CURVE('',#2583,#2496,#2113,.T.);
#3147=EDGE_CURVE('',#2496,#2582,#2114,.T.);
#3148=EDGE_CURVE('',#2581,#2583,#2115,.T.);
#3149=EDGE_CURVE('',#2584,#2497,#2116,.T.);
#3150=EDGE_CURVE('',#2583,#2584,#439,.T.);
#3151=EDGE_CURVE('',#2585,#2586,#2117,.T.);
#3152=EDGE_CURVE('',#2586,#2497,#2118,.T.);
#3153=EDGE_CURVE('',#2584,#2585,#2119,.T.);
#3154=EDGE_CURVE('',#2587,#2588,#2120,.T.);
#3155=EDGE_CURVE('',#2588,#2586,#440,.T.);
#3156=EDGE_CURVE('',#2585,#2587,#441,.T.);
#3157=EDGE_CURVE('',#2524,#2588,#2121,.T.);
#3158=EDGE_CURVE('',#2587,#2523,#2122,.T.);
#3159=EDGE_CURVE('',#2523,#2521,#442,.T.);
#3160=EDGE_CURVE('',#2519,#2522,#443,.T.);
#3161=EDGE_CURVE('',#2589,#2590,#2123,.T.);
#3162=EDGE_CURVE('',#2590,#2529,#444,.T.);
#3163=EDGE_CURVE('',#2528,#2589,#445,.T.);
#3164=EDGE_CURVE('',#2591,#2592,#2124,.T.);
#3165=EDGE_CURVE('',#2592,#2590,#2125,.T.);
#3166=EDGE_CURVE('',#2589,#2591,#2126,.T.);
#3167=EDGE_CURVE('',#2516,#2593,#2127,.T.);
#3168=EDGE_CURVE('',#2593,#2592,#446,.T.);
#3169=EDGE_CURVE('',#2591,#2516,#447,.T.);
#3170=EDGE_CURVE('',#2544,#2594,#2128,.T.);
#3171=EDGE_CURVE('',#2594,#2595,#448,.T.);
#3172=EDGE_CURVE('',#2595,#2596,#2129,.T.);
#3173=EDGE_CURVE('',#2596,#2544,#449,.T.);
#3174=EDGE_CURVE('',#2595,#2394,#124,.T.);
#3175=EDGE_CURVE('',#2394,#2596,#125,.T.);
#3176=EDGE_CURVE('',#2543,#2594,#2130,.T.);
#3177=EDGE_CURVE('',#2515,#2593,#2131,.T.);
#3178=EDGE_CURVE('',#2545,#2552,#450,.T.);
#3179=EDGE_CURVE('',#2556,#2549,#451,.T.);
#3180=EDGE_CURVE('',#2597,#2485,#452,.T.);
#3181=EDGE_CURVE('',#2560,#2597,#453,.T.);
#3182=EDGE_CURVE('',#2459,#2562,#454,.T.);
#3183=EDGE_CURVE('',#2564,#2457,#455,.T.);
#3184=EDGE_CURVE('',#2455,#2566,#456,.T.);
#3185=EDGE_CURVE('',#2568,#2453,#457,.T.);
#3186=EDGE_CURVE('',#2451,#2570,#458,.T.);
#3187=EDGE_CURVE('',#2572,#2449,#459,.T.);
#3188=EDGE_CURVE('',#2447,#2574,#460,.T.);
#3189=EDGE_CURVE('',#2576,#2445,#461,.T.);
#3190=EDGE_CURVE('',#2443,#2578,#462,.T.);
#3191=EDGE_CURVE('',#2580,#2441,#463,.T.);
#3192=EDGE_CURVE('',#2439,#2582,#464,.T.);
#3193=EDGE_CURVE('',#2586,#2598,#465,.T.);
#3194=EDGE_CURVE('',#2498,#2598,#2132,.T.);
#3195=EDGE_CURVE('',#2599,#2588,#466,.T.);
#3196=EDGE_CURVE('',#2598,#2599,#467,.T.);
#3197=EDGE_CURVE('',#2548,#2600,#468,.T.);
#3198=EDGE_CURVE('',#2599,#2600,#126,.T.);
#3199=EDGE_CURVE('',#2600,#2596,#469,.T.);
#3200=EDGE_CURVE('',#2601,#2602,#470,.T.);
#3201=EDGE_CURVE('',#2602,#2603,#471,.T.);
#3202=EDGE_CURVE('',#2603,#2604,#472,.T.);
#3203=EDGE_CURVE('',#2604,#2605,#473,.T.);
#3204=EDGE_CURVE('',#2605,#2606,#474,.T.);
#3205=EDGE_CURVE('',#2606,#2601,#475,.T.);
#3206=EDGE_CURVE('',#2607,#2608,#476,.T.);
#3207=EDGE_CURVE('',#2608,#2609,#477,.T.);
#3208=EDGE_CURVE('',#2609,#2610,#478,.T.);
#3209=EDGE_CURVE('',#2610,#2611,#479,.T.);
#3210=EDGE_CURVE('',#2611,#2612,#480,.T.);
#3211=EDGE_CURVE('',#2612,#2607,#481,.T.);
#3212=EDGE_CURVE('',#2600,#2392,#127,.T.);
#3213=EDGE_CURVE('',#2613,#2614,#2133,.T.);
#3214=EDGE_CURVE('',#2615,#2613,#482,.T.);
#3215=EDGE_CURVE('',#2616,#2615,#2134,.T.);
#3216=EDGE_CURVE('',#2617,#2616,#483,.T.);
#3217=EDGE_CURVE('',#2618,#2617,#2135,.T.);
#3218=EDGE_CURVE('',#2619,#2618,#484,.T.);
#3219=EDGE_CURVE('',#2620,#2619,#2136,.T.);
#3220=EDGE_CURVE('',#2614,#2620,#485,.T.);
#3221=EDGE_CURVE('',#2621,#2622,#2137,.T.);
#3222=EDGE_CURVE('',#2623,#2621,#486,.T.);
#3223=EDGE_CURVE('',#2624,#2623,#2138,.T.);
#3224=EDGE_CURVE('',#2625,#2624,#487,.T.);
#3225=EDGE_CURVE('',#2626,#2625,#2139,.T.);
#3226=EDGE_CURVE('',#2627,#2626,#488,.T.);
#3227=EDGE_CURVE('',#2628,#2627,#2140,.T.);
#3228=EDGE_CURVE('',#2622,#2628,#489,.T.);
#3229=EDGE_CURVE('',#2387,#2396,#2141,.T.);
#3230=EDGE_CURVE('',#2396,#2629,#128,.T.);
#3231=EDGE_CURVE('',#2629,#2387,#129,.T.);
#3232=EDGE_CURVE('',#2386,#2397,#2142,.T.);
#3233=EDGE_CURVE('',#2597,#2398,#2143,.T.);
#3234=EDGE_CURVE('',#2386,#2597,#2144,.T.);
#3235=EDGE_CURVE('',#2485,#2399,#2145,.T.);
#3236=EDGE_CURVE('',#2484,#2400,#2146,.T.);
#3237=EDGE_CURVE('',#2486,#2401,#2147,.T.);
#3238=EDGE_CURVE('',#2487,#2402,#2148,.T.);
#3239=EDGE_CURVE('',#2488,#2403,#2149,.T.);
#3240=EDGE_CURVE('',#2489,#2404,#2150,.T.);
#3241=EDGE_CURVE('',#2490,#2405,#2151,.T.);
#3242=EDGE_CURVE('',#2491,#2406,#2152,.T.);
#3243=EDGE_CURVE('',#2492,#2407,#2153,.T.);
#3244=EDGE_CURVE('',#2493,#2408,#2154,.T.);
#3245=EDGE_CURVE('',#2494,#2409,#2155,.T.);
#3246=EDGE_CURVE('',#2495,#2410,#2156,.T.);
#3247=EDGE_CURVE('',#2498,#2411,#2157,.T.);
#3248=EDGE_CURVE('',#2598,#2393,#2158,.T.);
#3249=EDGE_CURVE('',#2599,#2392,#2159,.T.);
#3250=EDGE_CURVE('',#2629,#2553,#490,.T.);
#3251=EDGE_CURVE('',#2517,#2629,#491,.T.);
#3252=EDGE_CURVE('',#2595,#2518,#492,.T.);
#3253=EDGE_CURVE('',#2630,#2631,#2160,.T.);
#3254=EDGE_CURVE('',#2632,#2630,#493,.T.);
#3255=EDGE_CURVE('',#2633,#2632,#2161,.T.);
#3256=EDGE_CURVE('',#2634,#2633,#494,.T.);
#3257=EDGE_CURVE('',#2635,#2634,#2162,.T.);
#3258=EDGE_CURVE('',#2636,#2635,#495,.T.);
#3259=EDGE_CURVE('',#2637,#2636,#2163,.T.);
#3260=EDGE_CURVE('',#2631,#2637,#496,.T.);
#3261=EDGE_CURVE('',#2638,#2639,#2164,.T.);
#3262=EDGE_CURVE('',#2640,#2638,#497,.T.);
#3263=EDGE_CURVE('',#2641,#2640,#2165,.T.);
#3264=EDGE_CURVE('',#2642,#2641,#498,.T.);
#3265=EDGE_CURVE('',#2643,#2642,#2166,.T.);
#3266=EDGE_CURVE('',#2644,#2643,#499,.T.);
#3267=EDGE_CURVE('',#2645,#2644,#2167,.T.);
#3268=EDGE_CURVE('',#2639,#2645,#500,.T.);
#3269=EDGE_CURVE('',#2383,#2391,#2168,.T.);
#3270=EDGE_CURVE('',#2607,#2646,#501,.T.);
#3271=EDGE_CURVE('',#2646,#2647,#502,.T.);
#3272=EDGE_CURVE('',#2608,#2647,#503,.T.);
#3273=EDGE_CURVE('',#2612,#2648,#504,.T.);
#3274=EDGE_CURVE('',#2648,#2646,#505,.T.);
#3275=EDGE_CURVE('',#2611,#2649,#506,.T.);
#3276=EDGE_CURVE('',#2649,#2648,#507,.T.);
#3277=EDGE_CURVE('',#2610,#2650,#508,.T.);
#3278=EDGE_CURVE('',#2650,#2649,#509,.T.);
#3279=EDGE_CURVE('',#2609,#2651,#510,.T.);
#3280=EDGE_CURVE('',#2651,#2650,#511,.T.);
#3281=EDGE_CURVE('',#2647,#2651,#512,.T.);
#3282=EDGE_CURVE('',#2652,#2652,#2169,.T.);
#3283=EDGE_CURVE('',#2601,#2653,#513,.T.);
#3284=EDGE_CURVE('',#2653,#2654,#514,.T.);
#3285=EDGE_CURVE('',#2602,#2654,#515,.T.);
#3286=EDGE_CURVE('',#2606,#2655,#516,.T.);
#3287=EDGE_CURVE('',#2655,#2653,#517,.T.);
#3288=EDGE_CURVE('',#2605,#2656,#518,.T.);
#3289=EDGE_CURVE('',#2656,#2655,#519,.T.);
#3290=EDGE_CURVE('',#2604,#2657,#520,.T.);
#3291=EDGE_CURVE('',#2657,#2656,#521,.T.);
#3292=EDGE_CURVE('',#2603,#2658,#522,.T.);
#3293=EDGE_CURVE('',#2658,#2657,#523,.T.);
#3294=EDGE_CURVE('',#2654,#2658,#524,.T.);
#3295=EDGE_CURVE('',#2659,#2659,#2170,.T.);
#3296=EDGE_CURVE('',#2660,#2660,#2171,.T.);
#3297=EDGE_CURVE('',#2661,#2661,#2172,.T.);
#3298=EDGE_CURVE('',#2515,#2594,#525,.T.);
#3299=EDGE_CURVE('',#2659,#2660,#526,.T.);
#3300=EDGE_CURVE('',#2652,#2661,#527,.T.);
#3301=EDGE_CURVE('',#2593,#2543,#528,.T.);
#3302=EDGE_CURVE('',#2592,#2542,#529,.T.);
#3303=EDGE_CURVE('',#2590,#2539,#530,.T.);
#3304=EDGE_CURVE('',#2529,#2537,#531,.T.);
#3305=EDGE_CURVE('',#2530,#2535,#532,.T.);
#3306=EDGE_CURVE('',#2662,#2613,#2173,.T.);
#3307=EDGE_CURVE('',#2614,#2663,#2174,.T.);
#3308=EDGE_CURVE('',#2663,#2662,#2175,.T.);
#3309=EDGE_CURVE('',#2620,#2664,#2176,.T.);
#3310=EDGE_CURVE('',#2664,#2663,#533,.T.);
#3311=EDGE_CURVE('',#2619,#2665,#2177,.T.);
#3312=EDGE_CURVE('',#2665,#2664,#2178,.T.);
#3313=EDGE_CURVE('',#2618,#2666,#2179,.T.);
#3314=EDGE_CURVE('',#2666,#2665,#534,.T.);
#3315=EDGE_CURVE('',#2617,#2667,#2180,.T.);
#3316=EDGE_CURVE('',#2667,#2666,#2181,.T.);
#3317=EDGE_CURVE('',#2616,#2668,#2182,.T.);
#3318=EDGE_CURVE('',#2668,#2667,#535,.T.);
#3319=EDGE_CURVE('',#2615,#2669,#2183,.T.);
#3320=EDGE_CURVE('',#2669,#2668,#2184,.T.);
#3321=EDGE_CURVE('',#2662,#2669,#536,.T.);
#3322=EDGE_CURVE('',#2670,#2668,#537,.T.);
#3323=EDGE_CURVE('',#2671,#2670,#538,.T.);
#3324=EDGE_CURVE('',#2667,#2671,#539,.T.);
#3325=EDGE_CURVE('',#2669,#2672,#540,.T.);
#3326=EDGE_CURVE('',#2670,#2672,#2185,.T.);
#3327=EDGE_CURVE('',#2673,#2662,#541,.T.);
#3328=EDGE_CURVE('',#2672,#2673,#542,.T.);
#3329=EDGE_CURVE('',#2663,#2674,#543,.T.);
#3330=EDGE_CURVE('',#2673,#2674,#2186,.T.);
#3331=EDGE_CURVE('',#2672,#2507,#2187,.T.);
#3332=EDGE_CURVE('',#2508,#2670,#2188,.T.);
#3333=EDGE_CURVE('',#2514,#2671,#2189,.T.);
#3334=EDGE_CURVE('',#2513,#2675,#2190,.T.);
#3335=EDGE_CURVE('',#2675,#2671,#2191,.T.);
#3336=EDGE_CURVE('',#2512,#2676,#2192,.T.);
#3337=EDGE_CURVE('',#2676,#2675,#544,.T.);
#3338=EDGE_CURVE('',#2511,#2677,#2193,.T.);
#3339=EDGE_CURVE('',#2677,#2676,#2194,.T.);
#3340=EDGE_CURVE('',#2510,#2674,#2195,.T.);
#3341=EDGE_CURVE('',#2674,#2677,#545,.T.);
#3342=EDGE_CURVE('',#2509,#2673,#2196,.T.);
#3343=EDGE_CURVE('',#2677,#2664,#546,.T.);
#3344=EDGE_CURVE('',#2678,#2630,#2197,.T.);
#3345=EDGE_CURVE('',#2631,#2679,#2198,.T.);
#3346=EDGE_CURVE('',#2679,#2678,#2199,.T.);
#3347=EDGE_CURVE('',#2637,#2680,#2200,.T.);
#3348=EDGE_CURVE('',#2680,#2679,#547,.T.);
#3349=EDGE_CURVE('',#2636,#2681,#2201,.T.);
#3350=EDGE_CURVE('',#2681,#2680,#2202,.T.);
#3351=EDGE_CURVE('',#2635,#2682,#2203,.T.);
#3352=EDGE_CURVE('',#2682,#2681,#548,.T.);
#3353=EDGE_CURVE('',#2634,#2683,#2204,.T.);
#3354=EDGE_CURVE('',#2683,#2682,#2205,.T.);
#3355=EDGE_CURVE('',#2633,#2684,#2206,.T.);
#3356=EDGE_CURVE('',#2684,#2683,#549,.T.);
#3357=EDGE_CURVE('',#2632,#2685,#2207,.T.);
#3358=EDGE_CURVE('',#2685,#2684,#2208,.T.);
#3359=EDGE_CURVE('',#2678,#2685,#550,.T.);
#3360=EDGE_CURVE('',#2686,#2684,#551,.T.);
#3361=EDGE_CURVE('',#2687,#2686,#552,.T.);
#3362=EDGE_CURVE('',#2683,#2687,#553,.T.);
#3363=EDGE_CURVE('',#2685,#2688,#554,.T.);
#3364=EDGE_CURVE('',#2686,#2688,#2209,.T.);
#3365=EDGE_CURVE('',#2689,#2678,#555,.T.);
#3366=EDGE_CURVE('',#2688,#2689,#556,.T.);
#3367=EDGE_CURVE('',#2679,#2690,#557,.T.);
#3368=EDGE_CURVE('',#2689,#2690,#2210,.T.);
#3369=EDGE_CURVE('',#2691,#2692,#2211,.T.);
#3370=EDGE_CURVE('',#2692,#2693,#558,.T.);
#3371=EDGE_CURVE('',#2693,#2690,#2212,.T.);
#3372=EDGE_CURVE('',#2690,#2691,#559,.T.);
#3373=EDGE_CURVE('',#2694,#2689,#2213,.T.);
#3374=EDGE_CURVE('',#2693,#2694,#2214,.T.);
#3375=EDGE_CURVE('',#2695,#2688,#2215,.T.);
#3376=EDGE_CURVE('',#2694,#2695,#560,.T.);
#3377=EDGE_CURVE('',#2696,#2686,#2216,.T.);
#3378=EDGE_CURVE('',#2695,#2696,#2217,.T.);
#3379=EDGE_CURVE('',#2697,#2687,#2218,.T.);
#3380=EDGE_CURVE('',#2696,#2697,#561,.T.);
#3381=EDGE_CURVE('',#2698,#2699,#2219,.T.);
#3382=EDGE_CURVE('',#2699,#2687,#2220,.T.);
#3383=EDGE_CURVE('',#2697,#2698,#2221,.T.);
#3384=EDGE_CURVE('',#2700,#2701,#2222,.T.);
#3385=EDGE_CURVE('',#2701,#2699,#562,.T.);
#3386=EDGE_CURVE('',#2698,#2700,#563,.T.);
#3387=EDGE_CURVE('',#2691,#2701,#2223,.T.);
#3388=EDGE_CURVE('',#2700,#2692,#2224,.T.);
#3389=EDGE_CURVE('',#2699,#2682,#564,.T.);
#3390=EDGE_CURVE('',#2681,#2701,#565,.T.);
#3391=EDGE_CURVE('',#2691,#2680,#566,.T.);
#3392=EDGE_CURVE('',#2702,#2703,#2225,.T.);
#3393=EDGE_CURVE('',#2703,#2704,#567,.T.);
#3394=EDGE_CURVE('',#2704,#2705,#2226,.T.);
#3395=EDGE_CURVE('',#2705,#2706,#568,.T.);
#3396=EDGE_CURVE('',#2706,#2707,#2227,.T.);
#3397=EDGE_CURVE('',#2707,#2708,#569,.T.);
#3398=EDGE_CURVE('',#2708,#2709,#2228,.T.);
#3399=EDGE_CURVE('',#2709,#2702,#570,.T.);
#3400=EDGE_CURVE('',#2665,#2676,#571,.T.);
#3401=EDGE_CURVE('',#2675,#2666,#572,.T.);
#3402=EDGE_CURVE('',#2702,#2416,#573,.T.);
#3403=EDGE_CURVE('',#2415,#2703,#574,.T.);
#3404=EDGE_CURVE('',#2417,#2709,#575,.T.);
#3405=EDGE_CURVE('',#2704,#2414,#576,.T.);
#3406=EDGE_CURVE('',#2413,#2705,#577,.T.);
#3407=EDGE_CURVE('',#2706,#2412,#578,.T.);
#3408=EDGE_CURVE('',#2419,#2707,#579,.T.);
#3409=EDGE_CURVE('',#2708,#2418,#580,.T.);
#3410=EDGE_CURVE('',#2710,#2621,#2229,.T.);
#3411=EDGE_CURVE('',#2622,#2711,#2230,.T.);
#3412=EDGE_CURVE('',#2711,#2710,#2231,.T.);
#3413=EDGE_CURVE('',#2628,#2712,#2232,.T.);
#3414=EDGE_CURVE('',#2712,#2711,#581,.T.);
#3415=EDGE_CURVE('',#2627,#2713,#2233,.T.);
#3416=EDGE_CURVE('',#2713,#2712,#2234,.T.);
#3417=EDGE_CURVE('',#2626,#2714,#2235,.T.);
#3418=EDGE_CURVE('',#2714,#2713,#582,.T.);
#3419=EDGE_CURVE('',#2625,#2715,#2236,.T.);
#3420=EDGE_CURVE('',#2715,#2714,#2237,.T.);
#3421=EDGE_CURVE('',#2624,#2716,#2238,.T.);
#3422=EDGE_CURVE('',#2716,#2715,#583,.T.);
#3423=EDGE_CURVE('',#2623,#2717,#2239,.T.);
#3424=EDGE_CURVE('',#2717,#2716,#2240,.T.);
#3425=EDGE_CURVE('',#2710,#2717,#584,.T.);
#3426=EDGE_CURVE('',#2718,#2716,#585,.T.);
#3427=EDGE_CURVE('',#2719,#2718,#586,.T.);
#3428=EDGE_CURVE('',#2715,#2719,#587,.T.);
#3429=EDGE_CURVE('',#2717,#2720,#588,.T.);
#3430=EDGE_CURVE('',#2718,#2720,#2241,.T.);
#3431=EDGE_CURVE('',#2721,#2710,#589,.T.);
#3432=EDGE_CURVE('',#2720,#2721,#590,.T.);
#3433=EDGE_CURVE('',#2711,#2722,#591,.T.);
#3434=EDGE_CURVE('',#2721,#2722,#2242,.T.);
#3435=EDGE_CURVE('',#2723,#2499,#2243,.T.);
#3436=EDGE_CURVE('',#2500,#2724,#2244,.T.);
#3437=EDGE_CURVE('',#2724,#2723,#2245,.T.);
#3438=EDGE_CURVE('',#2506,#2722,#2246,.T.);
#3439=EDGE_CURVE('',#2722,#2724,#592,.T.);
#3440=EDGE_CURVE('',#2505,#2721,#2247,.T.);
#3441=EDGE_CURVE('',#2504,#2720,#2248,.T.);
#3442=EDGE_CURVE('',#2503,#2718,#2249,.T.);
#3443=EDGE_CURVE('',#2502,#2719,#2250,.T.);
#3444=EDGE_CURVE('',#2501,#2725,#2251,.T.);
#3445=EDGE_CURVE('',#2725,#2719,#2252,.T.);
#3446=EDGE_CURVE('',#2723,#2725,#593,.T.);
#3447=EDGE_CURVE('',#2725,#2714,#594,.T.);
#3448=EDGE_CURVE('',#2713,#2723,#595,.T.);
#3449=EDGE_CURVE('',#2724,#2712,#596,.T.);
#3450=EDGE_CURVE('',#2726,#2638,#2253,.T.);
#3451=EDGE_CURVE('',#2639,#2727,#2254,.T.);
#3452=EDGE_CURVE('',#2727,#2726,#2255,.T.);
#3453=EDGE_CURVE('',#2645,#2728,#2256,.T.);
#3454=EDGE_CURVE('',#2728,#2727,#597,.T.);
#3455=EDGE_CURVE('',#2644,#2729,#2257,.T.);
#3456=EDGE_CURVE('',#2729,#2728,#2258,.T.);
#3457=EDGE_CURVE('',#2643,#2730,#2259,.T.);
#3458=EDGE_CURVE('',#2730,#2729,#598,.T.);
#3459=EDGE_CURVE('',#2642,#2731,#2260,.T.);
#3460=EDGE_CURVE('',#2731,#2730,#2261,.T.);
#3461=EDGE_CURVE('',#2641,#2732,#2262,.T.);
#3462=EDGE_CURVE('',#2732,#2731,#599,.T.);
#3463=EDGE_CURVE('',#2640,#2733,#2263,.T.);
#3464=EDGE_CURVE('',#2733,#2732,#2264,.T.);
#3465=EDGE_CURVE('',#2726,#2733,#600,.T.);
#3466=EDGE_CURVE('',#2734,#2732,#601,.T.);
#3467=EDGE_CURVE('',#2735,#2734,#602,.T.);
#3468=EDGE_CURVE('',#2731,#2735,#603,.T.);
#3469=EDGE_CURVE('',#2733,#2736,#604,.T.);
#3470=EDGE_CURVE('',#2734,#2736,#2265,.T.);
#3471=EDGE_CURVE('',#2737,#2726,#605,.T.);
#3472=EDGE_CURVE('',#2736,#2737,#606,.T.);
#3473=EDGE_CURVE('',#2727,#2738,#607,.T.);
#3474=EDGE_CURVE('',#2737,#2738,#2266,.T.);
#3475=EDGE_CURVE('',#2737,#2739,#2267,.T.);
#3476=EDGE_CURVE('',#2739,#2740,#608,.T.);
#3477=EDGE_CURVE('',#2740,#2736,#2268,.T.);
#3478=EDGE_CURVE('',#2741,#2734,#2269,.T.);
#3479=EDGE_CURVE('',#2740,#2741,#2270,.T.);
#3480=EDGE_CURVE('',#2742,#2735,#2271,.T.);
#3481=EDGE_CURVE('',#2741,#2742,#609,.T.);
#3482=EDGE_CURVE('',#2743,#2744,#2272,.T.);
#3483=EDGE_CURVE('',#2744,#2735,#2273,.T.);
#3484=EDGE_CURVE('',#2742,#2743,#2274,.T.);
#3485=EDGE_CURVE('',#2745,#2746,#2275,.T.);
#3486=EDGE_CURVE('',#2746,#2744,#610,.T.);
#3487=EDGE_CURVE('',#2743,#2745,#611,.T.);
#3488=EDGE_CURVE('',#2747,#2748,#2276,.T.);
#3489=EDGE_CURVE('',#2748,#2746,#2277,.T.);
#3490=EDGE_CURVE('',#2745,#2747,#2278,.T.);
#3491=EDGE_CURVE('',#2749,#2738,#2279,.T.);
#3492=EDGE_CURVE('',#2738,#2748,#612,.T.);
#3493=EDGE_CURVE('',#2747,#2749,#613,.T.);
#3494=EDGE_CURVE('',#2749,#2739,#2280,.T.);
#3495=EDGE_CURVE('',#2729,#2746,#614,.T.);
#3496=EDGE_CURVE('',#2748,#2728,#615,.T.);
#3497=EDGE_CURVE('',#2750,#2751,#2281,.T.);
#3498=EDGE_CURVE('',#2752,#2751,#616,.T.);
#3499=EDGE_CURVE('',#2752,#2753,#2282,.T.);
#3500=EDGE_CURVE('',#2754,#2753,#617,.T.);
#3501=EDGE_CURVE('',#2754,#2755,#2283,.T.);
#3502=EDGE_CURVE('',#2756,#2755,#618,.T.);
#3503=EDGE_CURVE('',#2756,#2757,#2284,.T.);
#3504=EDGE_CURVE('',#2750,#2757,#619,.T.);
#3505=EDGE_CURVE('',#2744,#2730,#620,.T.);
#3506=EDGE_CURVE('',#2750,#2426,#621,.T.);
#3507=EDGE_CURVE('',#2425,#2751,#622,.T.);
#3508=EDGE_CURVE('',#2752,#2424,#623,.T.);
#3509=EDGE_CURVE('',#2756,#2420,#624,.T.);
#3510=EDGE_CURVE('',#2427,#2757,#625,.T.);
#3511=EDGE_CURVE('',#2754,#2422,#626,.T.);
#3512=EDGE_CURVE('',#2421,#2755,#627,.T.);
#3513=EDGE_CURVE('',#2423,#2753,#628,.T.);
#3514=EDGE_CURVE('',#2758,#2759,#2285,.T.);
#3515=EDGE_CURVE('',#2759,#2760,#629,.T.);
#3516=EDGE_CURVE('',#2760,#2761,#2286,.T.);
#3517=EDGE_CURVE('',#2761,#2758,#630,.T.);
#3518=EDGE_CURVE('',#2762,#2763,#2287,.T.);
#3519=EDGE_CURVE('',#2763,#2761,#2288,.T.);
#3520=EDGE_CURVE('',#2760,#2762,#2289,.T.);
#3521=EDGE_CURVE('',#2764,#2765,#2290,.T.);
#3522=EDGE_CURVE('',#2765,#2763,#631,.T.);
#3523=EDGE_CURVE('',#2762,#2764,#632,.T.);
#3524=EDGE_CURVE('',#2766,#2767,#2291,.T.);
#3525=EDGE_CURVE('',#2767,#2765,#2292,.T.);
#3526=EDGE_CURVE('',#2764,#2766,#2293,.T.);
#3527=EDGE_CURVE('',#2768,#2769,#2294,.T.);
#3528=EDGE_CURVE('',#2769,#2767,#633,.T.);
#3529=EDGE_CURVE('',#2766,#2768,#634,.T.);
#3530=EDGE_CURVE('',#2770,#2771,#2295,.T.);
#3531=EDGE_CURVE('',#2771,#2769,#2296,.T.);
#3532=EDGE_CURVE('',#2768,#2770,#2297,.T.);
#3533=EDGE_CURVE('',#2772,#2773,#2298,.T.);
#3534=EDGE_CURVE('',#2773,#2771,#635,.T.);
#3535=EDGE_CURVE('',#2770,#2772,#636,.T.);
#3536=EDGE_CURVE('',#2772,#2759,#2299,.T.);
#3537=EDGE_CURVE('',#2758,#2773,#2300,.T.);
#3538=EDGE_CURVE('',#2764,#2774,#637,.T.);
#3539=EDGE_CURVE('',#2775,#2774,#2301,.T.);
#3540=EDGE_CURVE('',#2775,#2766,#638,.T.);
#3541=EDGE_CURVE('',#2776,#2762,#639,.T.);
#3542=EDGE_CURVE('',#2774,#2776,#640,.T.);
#3543=EDGE_CURVE('',#2760,#2777,#641,.T.);
#3544=EDGE_CURVE('',#2776,#2777,#2302,.T.);
#3545=EDGE_CURVE('',#2778,#2759,#642,.T.);
#3546=EDGE_CURVE('',#2777,#2778,#643,.T.);
#3547=EDGE_CURVE('',#2779,#2780,#644,.T.);
#3548=EDGE_CURVE('',#2781,#2779,#2303,.F.);
#3549=EDGE_CURVE('',#2782,#2781,#645,.T.);
#3550=EDGE_CURVE('',#2783,#2782,#2304,.F.);
#3551=EDGE_CURVE('',#2784,#2783,#646,.T.);
#3552=EDGE_CURVE('',#2785,#2784,#2305,.F.);
#3553=EDGE_CURVE('',#2786,#2785,#647,.T.);
#3554=EDGE_CURVE('',#2780,#2786,#2306,.F.);
#3555=EDGE_CURVE('',#2774,#2787,#2307,.T.);
#3556=EDGE_CURVE('',#2787,#2788,#2308,.T.);
#3557=EDGE_CURVE('',#2788,#2775,#2309,.T.);
#3558=EDGE_CURVE('',#2789,#2790,#2310,.T.);
#3559=EDGE_CURVE('',#2790,#2775,#648,.T.);
#3560=EDGE_CURVE('',#2788,#2789,#649,.T.);
#3561=EDGE_CURVE('',#2791,#2792,#2311,.T.);
#3562=EDGE_CURVE('',#2792,#2790,#2312,.T.);
#3563=EDGE_CURVE('',#2789,#2791,#2313,.T.);
#3564=EDGE_CURVE('',#2793,#2794,#2314,.T.);
#3565=EDGE_CURVE('',#2794,#2792,#650,.T.);
#3566=EDGE_CURVE('',#2791,#2793,#651,.T.);
#3567=EDGE_CURVE('',#2795,#2778,#2315,.T.);
#3568=EDGE_CURVE('',#2778,#2794,#2316,.T.);
#3569=EDGE_CURVE('',#2793,#2795,#2317,.T.);
#3570=EDGE_CURVE('',#2796,#2777,#2318,.T.);
#3571=EDGE_CURVE('',#2795,#2796,#652,.T.);
#3572=EDGE_CURVE('',#2797,#2776,#2319,.T.);
#3573=EDGE_CURVE('',#2796,#2797,#2320,.T.);
#3574=EDGE_CURVE('',#2797,#2787,#653,.T.);
#3575=EDGE_CURVE('',#2798,#2799,#2321,.F.);
#3576=EDGE_CURVE('',#2800,#2798,#2322,.F.);
#3577=EDGE_CURVE('',#2799,#2800,#2323,.F.);
#3578=EDGE_CURVE('',#2801,#2802,#2324,.F.);
#3579=EDGE_CURVE('',#2803,#2801,#2325,.F.);
#3580=EDGE_CURVE('',#2802,#2803,#2326,.F.);
#3581=EDGE_CURVE('',#2804,#2805,#2327,.F.);
#3582=EDGE_CURVE('',#2806,#2804,#2328,.F.);
#3583=EDGE_CURVE('',#2805,#2806,#2329,.F.);
#3584=EDGE_CURVE('',#2807,#2808,#2330,.F.);
#3585=EDGE_CURVE('',#2809,#2807,#2331,.F.);
#3586=EDGE_CURVE('',#2808,#2809,#2332,.F.);
#3587=EDGE_CURVE('',#2807,#2806,#654,.T.);
#3588=EDGE_CURVE('',#2804,#2809,#655,.T.);
#3589=EDGE_CURVE('',#2801,#2808,#656,.T.);
#3590=EDGE_CURVE('',#2809,#2803,#657,.T.);
#3591=EDGE_CURVE('',#2779,#2807,#658,.T.);
#3592=EDGE_CURVE('',#2808,#2781,#659,.T.);
#3593=EDGE_CURVE('',#2786,#2805,#660,.T.);
#3594=EDGE_CURVE('',#2806,#2780,#661,.T.);
#3595=EDGE_CURVE('',#2805,#2799,#662,.T.);
#3596=EDGE_CURVE('',#2800,#2804,#663,.T.);
#3597=EDGE_CURVE('',#2798,#2802,#664,.T.);
#3598=EDGE_CURVE('',#2803,#2800,#665,.T.);
#3599=EDGE_CURVE('',#2782,#2801,#666,.T.);
#3600=EDGE_CURVE('',#2802,#2783,#667,.T.);
#3601=EDGE_CURVE('',#2784,#2798,#668,.T.);
#3602=EDGE_CURVE('',#2799,#2785,#669,.T.);
#3603=EDGE_CURVE('',#2768,#2790,#670,.T.);
#3604=EDGE_CURVE('',#2792,#2770,#671,.T.);
#3605=EDGE_CURVE('',#2772,#2794,#672,.T.);
#3606=EDGE_CURVE('',#2810,#2811,#2333,.T.);
#3607=EDGE_CURVE('',#2811,#2812,#673,.T.);
#3608=EDGE_CURVE('',#2812,#2813,#2334,.T.);
#3609=EDGE_CURVE('',#2813,#2810,#674,.T.);
#3610=EDGE_CURVE('',#2814,#2815,#2335,.T.);
#3611=EDGE_CURVE('',#2815,#2813,#2336,.T.);
#3612=EDGE_CURVE('',#2812,#2814,#2337,.T.);
#3613=EDGE_CURVE('',#2816,#2817,#2338,.T.);
#3614=EDGE_CURVE('',#2817,#2815,#675,.T.);
#3615=EDGE_CURVE('',#2814,#2816,#676,.T.);
#3616=EDGE_CURVE('',#2818,#2819,#2339,.T.);
#3617=EDGE_CURVE('',#2819,#2817,#2340,.T.);
#3618=EDGE_CURVE('',#2816,#2818,#2341,.T.);
#3619=EDGE_CURVE('',#2820,#2821,#2342,.T.);
#3620=EDGE_CURVE('',#2821,#2819,#677,.T.);
#3621=EDGE_CURVE('',#2818,#2820,#678,.T.);
#3622=EDGE_CURVE('',#2822,#2823,#2343,.T.);
#3623=EDGE_CURVE('',#2823,#2821,#2344,.T.);
#3624=EDGE_CURVE('',#2820,#2822,#2345,.T.);
#3625=EDGE_CURVE('',#2824,#2825,#2346,.T.);
#3626=EDGE_CURVE('',#2825,#2823,#679,.T.);
#3627=EDGE_CURVE('',#2822,#2824,#680,.T.);
#3628=EDGE_CURVE('',#2810,#2825,#2347,.T.);
#3629=EDGE_CURVE('',#2824,#2811,#2348,.T.);
#3630=EDGE_CURVE('',#2823,#2826,#681,.T.);
#3631=EDGE_CURVE('',#2827,#2826,#2349,.T.);
#3632=EDGE_CURVE('',#2827,#2821,#682,.T.);
#3633=EDGE_CURVE('',#2828,#2825,#683,.T.);
#3634=EDGE_CURVE('',#2826,#2828,#684,.T.);
#3635=EDGE_CURVE('',#2810,#2829,#685,.T.);
#3636=EDGE_CURVE('',#2828,#2829,#2350,.T.);
#3637=EDGE_CURVE('',#2830,#2813,#686,.T.);
#3638=EDGE_CURVE('',#2829,#2830,#687,.T.);
#3639=EDGE_CURVE('',#2831,#2832,#2351,.F.);
#3640=EDGE_CURVE('',#2833,#2831,#688,.T.);
#3641=EDGE_CURVE('',#2834,#2833,#2352,.F.);
#3642=EDGE_CURVE('',#2835,#2834,#689,.T.);
#3643=EDGE_CURVE('',#2836,#2835,#2353,.F.);
#3644=EDGE_CURVE('',#2837,#2836,#690,.T.);
#3645=EDGE_CURVE('',#2838,#2837,#2354,.F.);
#3646=EDGE_CURVE('',#2832,#2838,#691,.T.);
#3647=EDGE_CURVE('',#2839,#2840,#2355,.T.);
#3648=EDGE_CURVE('',#2840,#2841,#2356,.T.);
#3649=EDGE_CURVE('',#2841,#2842,#2357,.T.);
#3650=EDGE_CURVE('',#2842,#2839,#2358,.T.);
#3651=EDGE_CURVE('',#2843,#2844,#2359,.T.);
#3652=EDGE_CURVE('',#2844,#2842,#692,.T.);
#3653=EDGE_CURVE('',#2841,#2843,#693,.T.);
#3654=EDGE_CURVE('',#2845,#2830,#2360,.T.);
#3655=EDGE_CURVE('',#2830,#2844,#2361,.T.);
#3656=EDGE_CURVE('',#2843,#2845,#2362,.T.);
#3657=EDGE_CURVE('',#2846,#2829,#2363,.T.);
#3658=EDGE_CURVE('',#2845,#2846,#694,.T.);
#3659=EDGE_CURVE('',#2847,#2828,#2364,.T.);
#3660=EDGE_CURVE('',#2846,#2847,#2365,.T.);
#3661=EDGE_CURVE('',#2848,#2826,#2366,.T.);
#3662=EDGE_CURVE('',#2847,#2848,#695,.T.);
#3663=EDGE_CURVE('',#2849,#2827,#2367,.T.);
#3664=EDGE_CURVE('',#2848,#2849,#2368,.T.);
#3665=EDGE_CURVE('',#2849,#2840,#696,.T.);
#3666=EDGE_CURVE('',#2839,#2827,#697,.T.);
#3667=EDGE_CURVE('',#2819,#2839,#698,.T.);
#3668=EDGE_CURVE('',#2842,#2817,#699,.T.);
#3669=EDGE_CURVE('',#2850,#2851,#2369,.F.);
#3670=EDGE_CURVE('',#2852,#2850,#2370,.F.);
#3671=EDGE_CURVE('',#2851,#2852,#2371,.F.);
#3672=EDGE_CURVE('',#2853,#2854,#2372,.F.);
#3673=EDGE_CURVE('',#2855,#2853,#2373,.F.);
#3674=EDGE_CURVE('',#2854,#2855,#2374,.F.);
#3675=EDGE_CURVE('',#2853,#2852,#700,.T.);
#3676=EDGE_CURVE('',#2850,#2855,#701,.T.);
#3677=EDGE_CURVE('',#2856,#2857,#2375,.F.);
#3678=EDGE_CURVE('',#2858,#2856,#2376,.F.);
#3679=EDGE_CURVE('',#2857,#2858,#2377,.F.);
#3680=EDGE_CURVE('',#2859,#2860,#2378,.F.);
#3681=EDGE_CURVE('',#2861,#2859,#2379,.F.);
#3682=EDGE_CURVE('',#2860,#2861,#2380,.F.);
#3683=EDGE_CURVE('',#2859,#2854,#702,.T.);
#3684=EDGE_CURVE('',#2855,#2861,#703,.T.);
#3685=EDGE_CURVE('',#2856,#2860,#704,.T.);
#3686=EDGE_CURVE('',#2861,#2858,#705,.T.);
#3687=EDGE_CURVE('',#2835,#2859,#706,.T.);
#3688=EDGE_CURVE('',#2860,#2836,#707,.T.);
#3689=EDGE_CURVE('',#2851,#2857,#708,.T.);
#3690=EDGE_CURVE('',#2858,#2850,#709,.T.);
#3691=EDGE_CURVE('',#2837,#2856,#710,.T.);
#3692=EDGE_CURVE('',#2857,#2838,#711,.T.);
#3693=EDGE_CURVE('',#2833,#2853,#712,.T.);
#3694=EDGE_CURVE('',#2854,#2834,#713,.T.);
#3695=EDGE_CURVE('',#2832,#2851,#714,.T.);
#3696=EDGE_CURVE('',#2852,#2831,#715,.T.);
#3697=EDGE_CURVE('',#2815,#2844,#716,.T.);
#3698=ORIENTED_EDGE('',*,*,#2862,.T.);
#3699=ORIENTED_EDGE('',*,*,#2863,.T.);
#3700=ORIENTED_EDGE('',*,*,#2864,.T.);
#3701=ORIENTED_EDGE('',*,*,#2865,.T.);
#3702=ORIENTED_EDGE('',*,*,#2866,.T.);
#3703=ORIENTED_EDGE('',*,*,#2862,.F.);
#3704=ORIENTED_EDGE('',*,*,#2867,.T.);
#3705=ORIENTED_EDGE('',*,*,#2865,.F.);
#3706=ORIENTED_EDGE('',*,*,#2868,.T.);
#3707=ORIENTED_EDGE('',*,*,#2866,.F.);
#3708=ORIENTED_EDGE('',*,*,#2869,.F.);
#3709=ORIENTED_EDGE('',*,*,#2870,.F.);
#3710=ORIENTED_EDGE('',*,*,#2871,.F.);
#3711=ORIENTED_EDGE('',*,*,#2872,.F.);
#3712=ORIENTED_EDGE('',*,*,#2873,.F.);
#3713=ORIENTED_EDGE('',*,*,#2874,.T.);
#3714=ORIENTED_EDGE('',*,*,#2875,.T.);
#3715=ORIENTED_EDGE('',*,*,#2874,.F.);
#3716=ORIENTED_EDGE('',*,*,#2876,.T.);
#3717=ORIENTED_EDGE('',*,*,#2877,.F.);
#3718=ORIENTED_EDGE('',*,*,#2878,.F.);
#3719=ORIENTED_EDGE('',*,*,#2879,.F.);
#3720=ORIENTED_EDGE('',*,*,#2880,.F.);
#3721=ORIENTED_EDGE('',*,*,#2881,.F.);
#3722=ORIENTED_EDGE('',*,*,#2882,.F.);
#3723=ORIENTED_EDGE('',*,*,#2883,.F.);
#3724=ORIENTED_EDGE('',*,*,#2884,.F.);
#3725=ORIENTED_EDGE('',*,*,#2885,.F.);
#3726=ORIENTED_EDGE('',*,*,#2886,.F.);
#3727=ORIENTED_EDGE('',*,*,#2887,.F.);
#3728=ORIENTED_EDGE('',*,*,#2888,.F.);
#3729=ORIENTED_EDGE('',*,*,#2889,.F.);
#3730=ORIENTED_EDGE('',*,*,#2890,.F.);
#3731=ORIENTED_EDGE('',*,*,#2891,.F.);
#3732=ORIENTED_EDGE('',*,*,#2892,.F.);
#3733=ORIENTED_EDGE('',*,*,#2893,.F.);
#3734=ORIENTED_EDGE('',*,*,#2894,.F.);
#3735=ORIENTED_EDGE('',*,*,#2895,.F.);
#3736=ORIENTED_EDGE('',*,*,#2896,.F.);
#3737=ORIENTED_EDGE('',*,*,#2897,.T.);
#3738=ORIENTED_EDGE('',*,*,#2898,.F.);
#3739=ORIENTED_EDGE('',*,*,#2899,.T.);
#3740=ORIENTED_EDGE('',*,*,#2900,.F.);
#3741=ORIENTED_EDGE('',*,*,#2901,.T.);
#3742=ORIENTED_EDGE('',*,*,#2902,.F.);
#3743=ORIENTED_EDGE('',*,*,#2903,.T.);
#3744=ORIENTED_EDGE('',*,*,#2904,.F.);
#3745=ORIENTED_EDGE('',*,*,#2905,.T.);
#3746=ORIENTED_EDGE('',*,*,#2906,.F.);
#3747=ORIENTED_EDGE('',*,*,#2907,.T.);
#3748=ORIENTED_EDGE('',*,*,#2908,.F.);
#3749=ORIENTED_EDGE('',*,*,#2909,.T.);
#3750=ORIENTED_EDGE('',*,*,#2910,.F.);
#3751=ORIENTED_EDGE('',*,*,#2911,.T.);
#3752=ORIENTED_EDGE('',*,*,#2912,.F.);
#3753=ORIENTED_EDGE('',*,*,#2876,.F.);
#3754=ORIENTED_EDGE('',*,*,#2913,.T.);
#3755=ORIENTED_EDGE('',*,*,#2914,.T.);
#3756=ORIENTED_EDGE('',*,*,#2915,.T.);
#3757=ORIENTED_EDGE('',*,*,#2916,.T.);
#3758=ORIENTED_EDGE('',*,*,#2917,.T.);
#3759=ORIENTED_EDGE('',*,*,#2918,.T.);
#3760=ORIENTED_EDGE('',*,*,#2919,.T.);
#3761=ORIENTED_EDGE('',*,*,#2916,.F.);
#3762=ORIENTED_EDGE('',*,*,#2920,.T.);
#3763=ORIENTED_EDGE('',*,*,#2921,.T.);
#3764=ORIENTED_EDGE('',*,*,#2922,.T.);
#3765=ORIENTED_EDGE('',*,*,#2923,.T.);
#3766=ORIENTED_EDGE('',*,*,#2924,.T.);
#3767=ORIENTED_EDGE('',*,*,#2925,.T.);
#3768=ORIENTED_EDGE('',*,*,#2921,.F.);
#3769=ORIENTED_EDGE('',*,*,#2926,.T.);
#3770=ORIENTED_EDGE('',*,*,#2927,.T.);
#3771=ORIENTED_EDGE('',*,*,#2928,.T.);
#3772=ORIENTED_EDGE('',*,*,#2924,.F.);
#3773=ORIENTED_EDGE('',*,*,#2929,.T.);
#3774=ORIENTED_EDGE('',*,*,#2930,.T.);
#3775=ORIENTED_EDGE('',*,*,#2931,.T.);
#3776=ORIENTED_EDGE('',*,*,#2927,.F.);
#3777=ORIENTED_EDGE('',*,*,#2932,.T.);
#3778=ORIENTED_EDGE('',*,*,#2933,.T.);
#3779=ORIENTED_EDGE('',*,*,#2934,.T.);
#3780=ORIENTED_EDGE('',*,*,#2930,.F.);
#3781=ORIENTED_EDGE('',*,*,#2935,.T.);
#3782=ORIENTED_EDGE('',*,*,#2936,.T.);
#3783=ORIENTED_EDGE('',*,*,#2937,.T.);
#3784=ORIENTED_EDGE('',*,*,#2933,.F.);
#3785=ORIENTED_EDGE('',*,*,#2938,.T.);
#3786=ORIENTED_EDGE('',*,*,#2939,.T.);
#3787=ORIENTED_EDGE('',*,*,#2940,.T.);
#3788=ORIENTED_EDGE('',*,*,#2936,.F.);
#3789=ORIENTED_EDGE('',*,*,#2941,.T.);
#3790=ORIENTED_EDGE('',*,*,#2942,.T.);
#3791=ORIENTED_EDGE('',*,*,#2943,.T.);
#3792=ORIENTED_EDGE('',*,*,#2939,.F.);
#3793=ORIENTED_EDGE('',*,*,#2944,.T.);
#3794=ORIENTED_EDGE('',*,*,#2945,.T.);
#3795=ORIENTED_EDGE('',*,*,#2946,.T.);
#3796=ORIENTED_EDGE('',*,*,#2942,.F.);
#3797=ORIENTED_EDGE('',*,*,#2947,.T.);
#3798=ORIENTED_EDGE('',*,*,#2948,.T.);
#3799=ORIENTED_EDGE('',*,*,#2949,.T.);
#3800=ORIENTED_EDGE('',*,*,#2945,.F.);
#3801=ORIENTED_EDGE('',*,*,#2950,.T.);
#3802=ORIENTED_EDGE('',*,*,#2951,.T.);
#3803=ORIENTED_EDGE('',*,*,#2952,.T.);
#3804=ORIENTED_EDGE('',*,*,#2948,.F.);
#3805=ORIENTED_EDGE('',*,*,#2953,.T.);
#3806=ORIENTED_EDGE('',*,*,#2954,.T.);
#3807=ORIENTED_EDGE('',*,*,#2955,.T.);
#3808=ORIENTED_EDGE('',*,*,#2951,.F.);
#3809=ORIENTED_EDGE('',*,*,#2956,.T.);
#3810=ORIENTED_EDGE('',*,*,#2957,.T.);
#3811=ORIENTED_EDGE('',*,*,#2954,.F.);
#3812=ORIENTED_EDGE('',*,*,#2958,.T.);
#3813=ORIENTED_EDGE('',*,*,#2918,.F.);
#3814=ORIENTED_EDGE('',*,*,#2959,.T.);
#3815=ORIENTED_EDGE('',*,*,#2923,.F.);
#3816=ORIENTED_EDGE('',*,*,#2960,.T.);
#3817=ORIENTED_EDGE('',*,*,#2961,.T.);
#3818=ORIENTED_EDGE('',*,*,#2962,.T.);
#3819=ORIENTED_EDGE('',*,*,#2963,.T.);
#3820=ORIENTED_EDGE('',*,*,#2914,.F.);
#3821=ORIENTED_EDGE('',*,*,#2964,.T.);
#3822=ORIENTED_EDGE('',*,*,#2965,.T.);
#3823=ORIENTED_EDGE('',*,*,#2966,.T.);
#3824=ORIENTED_EDGE('',*,*,#2962,.F.);
#3825=ORIENTED_EDGE('',*,*,#2967,.T.);
#3826=ORIENTED_EDGE('',*,*,#2968,.T.);
#3827=ORIENTED_EDGE('',*,*,#2969,.T.);
#3828=ORIENTED_EDGE('',*,*,#2965,.F.);
#3829=ORIENTED_EDGE('',*,*,#2970,.T.);
#3830=ORIENTED_EDGE('',*,*,#2971,.T.);
#3831=ORIENTED_EDGE('',*,*,#2972,.T.);
#3832=ORIENTED_EDGE('',*,*,#2968,.F.);
#3833=ORIENTED_EDGE('',*,*,#2973,.T.);
#3834=ORIENTED_EDGE('',*,*,#2974,.T.);
#3835=ORIENTED_EDGE('',*,*,#2975,.T.);
#3836=ORIENTED_EDGE('',*,*,#2971,.F.);
#3837=ORIENTED_EDGE('',*,*,#2976,.T.);
#3838=ORIENTED_EDGE('',*,*,#2977,.T.);
#3839=ORIENTED_EDGE('',*,*,#2978,.T.);
#3840=ORIENTED_EDGE('',*,*,#2974,.F.);
#3841=ORIENTED_EDGE('',*,*,#2979,.T.);
#3842=ORIENTED_EDGE('',*,*,#2980,.T.);
#3843=ORIENTED_EDGE('',*,*,#2981,.T.);
#3844=ORIENTED_EDGE('',*,*,#2977,.F.);
#3845=ORIENTED_EDGE('',*,*,#2982,.T.);
#3846=ORIENTED_EDGE('',*,*,#2983,.T.);
#3847=ORIENTED_EDGE('',*,*,#2984,.T.);
#3848=ORIENTED_EDGE('',*,*,#2980,.F.);
#3849=ORIENTED_EDGE('',*,*,#2985,.T.);
#3850=ORIENTED_EDGE('',*,*,#2986,.T.);
#3851=ORIENTED_EDGE('',*,*,#2987,.T.);
#3852=ORIENTED_EDGE('',*,*,#2983,.F.);
#3853=ORIENTED_EDGE('',*,*,#2988,.T.);
#3854=ORIENTED_EDGE('',*,*,#2989,.T.);
#3855=ORIENTED_EDGE('',*,*,#2990,.T.);
#3856=ORIENTED_EDGE('',*,*,#2986,.F.);
#3857=ORIENTED_EDGE('',*,*,#2991,.T.);
#3858=ORIENTED_EDGE('',*,*,#2992,.T.);
#3859=ORIENTED_EDGE('',*,*,#2993,.T.);
#3860=ORIENTED_EDGE('',*,*,#2989,.F.);
#3861=ORIENTED_EDGE('',*,*,#2994,.T.);
#3862=ORIENTED_EDGE('',*,*,#2995,.T.);
#3863=ORIENTED_EDGE('',*,*,#2992,.F.);
#3864=ORIENTED_EDGE('',*,*,#2996,.T.);
#3865=ORIENTED_EDGE('',*,*,#2961,.F.);
#3866=ORIENTED_EDGE('',*,*,#2963,.F.);
#3867=ORIENTED_EDGE('',*,*,#2997,.T.);
#3868=ORIENTED_EDGE('',*,*,#2998,.F.);
#3869=ORIENTED_EDGE('',*,*,#2999,.T.);
#3870=ORIENTED_EDGE('',*,*,#2966,.F.);
#3871=ORIENTED_EDGE('',*,*,#3000,.F.);
#3872=ORIENTED_EDGE('',*,*,#3001,.F.);
#3873=ORIENTED_EDGE('',*,*,#2997,.F.);
#3874=ORIENTED_EDGE('',*,*,#2969,.F.);
#3875=ORIENTED_EDGE('',*,*,#3002,.T.);
#3876=ORIENTED_EDGE('',*,*,#3003,.F.);
#3877=ORIENTED_EDGE('',*,*,#3000,.T.);
#3878=ORIENTED_EDGE('',*,*,#2972,.F.);
#3879=ORIENTED_EDGE('',*,*,#3004,.F.);
#3880=ORIENTED_EDGE('',*,*,#3005,.F.);
#3881=ORIENTED_EDGE('',*,*,#3002,.F.);
#3882=ORIENTED_EDGE('',*,*,#2975,.F.);
#3883=ORIENTED_EDGE('',*,*,#3006,.T.);
#3884=ORIENTED_EDGE('',*,*,#3007,.F.);
#3885=ORIENTED_EDGE('',*,*,#3004,.T.);
#3886=ORIENTED_EDGE('',*,*,#2978,.F.);
#3887=ORIENTED_EDGE('',*,*,#3008,.F.);
#3888=ORIENTED_EDGE('',*,*,#3009,.F.);
#3889=ORIENTED_EDGE('',*,*,#3006,.F.);
#3890=ORIENTED_EDGE('',*,*,#2981,.F.);
#3891=ORIENTED_EDGE('',*,*,#3010,.T.);
#3892=ORIENTED_EDGE('',*,*,#3011,.F.);
#3893=ORIENTED_EDGE('',*,*,#3008,.T.);
#3894=ORIENTED_EDGE('',*,*,#2984,.F.);
#3895=ORIENTED_EDGE('',*,*,#3012,.F.);
#3896=ORIENTED_EDGE('',*,*,#3013,.F.);
#3897=ORIENTED_EDGE('',*,*,#3010,.F.);
#3898=ORIENTED_EDGE('',*,*,#2987,.F.);
#3899=ORIENTED_EDGE('',*,*,#3014,.T.);
#3900=ORIENTED_EDGE('',*,*,#3015,.F.);
#3901=ORIENTED_EDGE('',*,*,#3012,.T.);
#3902=ORIENTED_EDGE('',*,*,#2990,.F.);
#3903=ORIENTED_EDGE('',*,*,#3016,.F.);
#3904=ORIENTED_EDGE('',*,*,#3017,.F.);
#3905=ORIENTED_EDGE('',*,*,#3014,.F.);
#3906=ORIENTED_EDGE('',*,*,#2993,.F.);
#3907=ORIENTED_EDGE('',*,*,#3018,.T.);
#3908=ORIENTED_EDGE('',*,*,#3019,.F.);
#3909=ORIENTED_EDGE('',*,*,#3016,.T.);
#3910=ORIENTED_EDGE('',*,*,#2995,.F.);
#3911=ORIENTED_EDGE('',*,*,#2960,.F.);
#3912=ORIENTED_EDGE('',*,*,#2922,.F.);
#3913=ORIENTED_EDGE('',*,*,#3020,.F.);
#3914=ORIENTED_EDGE('',*,*,#3021,.F.);
#3915=ORIENTED_EDGE('',*,*,#3022,.F.);
#3916=ORIENTED_EDGE('',*,*,#3023,.F.);
#3917=ORIENTED_EDGE('',*,*,#3018,.F.);
#3918=ORIENTED_EDGE('',*,*,#2958,.F.);
#3919=ORIENTED_EDGE('',*,*,#2956,.F.);
#3920=ORIENTED_EDGE('',*,*,#2953,.F.);
#3921=ORIENTED_EDGE('',*,*,#2950,.F.);
#3922=ORIENTED_EDGE('',*,*,#2947,.F.);
#3923=ORIENTED_EDGE('',*,*,#2944,.F.);
#3924=ORIENTED_EDGE('',*,*,#2941,.F.);
#3925=ORIENTED_EDGE('',*,*,#2938,.F.);
#3926=ORIENTED_EDGE('',*,*,#2935,.F.);
#3927=ORIENTED_EDGE('',*,*,#2932,.F.);
#3928=ORIENTED_EDGE('',*,*,#2929,.F.);
#3929=ORIENTED_EDGE('',*,*,#2926,.F.);
#3930=ORIENTED_EDGE('',*,*,#2920,.F.);
#3931=ORIENTED_EDGE('',*,*,#3024,.T.);
#3932=ORIENTED_EDGE('',*,*,#3025,.F.);
#3933=ORIENTED_EDGE('',*,*,#3026,.F.);
#3934=ORIENTED_EDGE('',*,*,#3027,.F.);
#3935=ORIENTED_EDGE('',*,*,#3028,.F.);
#3936=ORIENTED_EDGE('',*,*,#3029,.F.);
#3937=ORIENTED_EDGE('',*,*,#3030,.F.);
#3938=ORIENTED_EDGE('',*,*,#3031,.F.);
#3939=ORIENTED_EDGE('',*,*,#3032,.F.);
#3940=ORIENTED_EDGE('',*,*,#3033,.F.);
#3941=ORIENTED_EDGE('',*,*,#3034,.F.);
#3942=ORIENTED_EDGE('',*,*,#3035,.F.);
#3943=ORIENTED_EDGE('',*,*,#3036,.F.);
#3944=ORIENTED_EDGE('',*,*,#3037,.F.);
#3945=ORIENTED_EDGE('',*,*,#3038,.F.);
#3946=ORIENTED_EDGE('',*,*,#3039,.F.);
#3947=ORIENTED_EDGE('',*,*,#3040,.F.);
#3948=ORIENTED_EDGE('',*,*,#2919,.F.);
#3949=ORIENTED_EDGE('',*,*,#3024,.F.);
#3950=ORIENTED_EDGE('',*,*,#2959,.F.);
#3951=ORIENTED_EDGE('',*,*,#3041,.T.);
#3952=ORIENTED_EDGE('',*,*,#3042,.T.);
#3953=ORIENTED_EDGE('',*,*,#3043,.T.);
#3954=ORIENTED_EDGE('',*,*,#3044,.T.);
#3955=ORIENTED_EDGE('',*,*,#3045,.T.);
#3956=ORIENTED_EDGE('',*,*,#3044,.F.);
#3957=ORIENTED_EDGE('',*,*,#3046,.T.);
#3958=ORIENTED_EDGE('',*,*,#3047,.T.);
#3959=ORIENTED_EDGE('',*,*,#3048,.F.);
#3960=ORIENTED_EDGE('',*,*,#3049,.F.);
#3961=ORIENTED_EDGE('',*,*,#3050,.F.);
#3962=ORIENTED_EDGE('',*,*,#3051,.F.);
#3963=ORIENTED_EDGE('',*,*,#3052,.F.);
#3964=ORIENTED_EDGE('',*,*,#3053,.F.);
#3965=ORIENTED_EDGE('',*,*,#3054,.F.);
#3966=ORIENTED_EDGE('',*,*,#3055,.F.);
#3967=ORIENTED_EDGE('',*,*,#3056,.F.);
#3968=ORIENTED_EDGE('',*,*,#3057,.T.);
#3969=ORIENTED_EDGE('',*,*,#3058,.T.);
#3970=ORIENTED_EDGE('',*,*,#3059,.T.);
#3971=ORIENTED_EDGE('',*,*,#3060,.T.);
#3972=ORIENTED_EDGE('',*,*,#3059,.F.);
#3973=ORIENTED_EDGE('',*,*,#3061,.T.);
#3974=ORIENTED_EDGE('',*,*,#3055,.T.);
#3975=ORIENTED_EDGE('',*,*,#3062,.T.);
#3976=ORIENTED_EDGE('',*,*,#3063,.F.);
#3977=ORIENTED_EDGE('',*,*,#3064,.F.);
#3978=ORIENTED_EDGE('',*,*,#3065,.F.);
#3979=ORIENTED_EDGE('',*,*,#3064,.T.);
#3980=ORIENTED_EDGE('',*,*,#3066,.T.);
#3981=ORIENTED_EDGE('',*,*,#3056,.T.);
#3982=ORIENTED_EDGE('',*,*,#3067,.T.);
#3983=ORIENTED_EDGE('',*,*,#3068,.T.);
#3984=ORIENTED_EDGE('',*,*,#3069,.T.);
#3985=ORIENTED_EDGE('',*,*,#3065,.T.);
#3986=ORIENTED_EDGE('',*,*,#3070,.T.);
#3987=ORIENTED_EDGE('',*,*,#3071,.T.);
#3988=ORIENTED_EDGE('',*,*,#3072,.T.);
#3989=ORIENTED_EDGE('',*,*,#3068,.F.);
#3990=ORIENTED_EDGE('',*,*,#3073,.T.);
#3991=ORIENTED_EDGE('',*,*,#3074,.T.);
#3992=ORIENTED_EDGE('',*,*,#3075,.T.);
#3993=ORIENTED_EDGE('',*,*,#3071,.F.);
#3994=ORIENTED_EDGE('',*,*,#3076,.T.);
#3995=ORIENTED_EDGE('',*,*,#3077,.T.);
#3996=ORIENTED_EDGE('',*,*,#3078,.T.);
#3997=ORIENTED_EDGE('',*,*,#3079,.T.);
#3998=ORIENTED_EDGE('',*,*,#3080,.T.);
#3999=ORIENTED_EDGE('',*,*,#3077,.F.);
#4000=ORIENTED_EDGE('',*,*,#3081,.T.);
#4001=ORIENTED_EDGE('',*,*,#3074,.F.);
#4002=ORIENTED_EDGE('',*,*,#3082,.T.);
#4003=ORIENTED_EDGE('',*,*,#3083,.T.);
#4004=ORIENTED_EDGE('',*,*,#3084,.T.);
#4005=ORIENTED_EDGE('',*,*,#3052,.T.);
#4006=ORIENTED_EDGE('',*,*,#3085,.T.);
#4007=ORIENTED_EDGE('',*,*,#3083,.F.);
#4008=ORIENTED_EDGE('',*,*,#3086,.T.);
#4009=ORIENTED_EDGE('',*,*,#3087,.T.);
#4010=ORIENTED_EDGE('',*,*,#3088,.T.);
#4011=ORIENTED_EDGE('',*,*,#3089,.T.);
#4012=ORIENTED_EDGE('',*,*,#3090,.T.);
#4013=ORIENTED_EDGE('',*,*,#3087,.F.);
#4014=ORIENTED_EDGE('',*,*,#3091,.T.);
#4015=ORIENTED_EDGE('',*,*,#3063,.T.);
#4016=ORIENTED_EDGE('',*,*,#3092,.T.);
#4017=ORIENTED_EDGE('',*,*,#3089,.F.);
#4018=ORIENTED_EDGE('',*,*,#3093,.T.);
#4019=ORIENTED_EDGE('',*,*,#3094,.T.);
#4020=ORIENTED_EDGE('',*,*,#3095,.T.);
#4021=ORIENTED_EDGE('',*,*,#3048,.T.);
#4022=ORIENTED_EDGE('',*,*,#3096,.T.);
#4023=ORIENTED_EDGE('',*,*,#3094,.F.);
#4024=ORIENTED_EDGE('',*,*,#3097,.T.);
#4025=ORIENTED_EDGE('',*,*,#3098,.T.);
#4026=ORIENTED_EDGE('',*,*,#3099,.T.);
#4027=ORIENTED_EDGE('',*,*,#3100,.T.);
#4028=ORIENTED_EDGE('',*,*,#3101,.T.);
#4029=ORIENTED_EDGE('',*,*,#3098,.F.);
#4030=ORIENTED_EDGE('',*,*,#3102,.T.);
#4031=ORIENTED_EDGE('',*,*,#3054,.T.);
#4032=ORIENTED_EDGE('',*,*,#3103,.T.);
#4033=ORIENTED_EDGE('',*,*,#3100,.F.);
#4034=ORIENTED_EDGE('',*,*,#3104,.T.);
#4035=ORIENTED_EDGE('',*,*,#3105,.T.);
#4036=ORIENTED_EDGE('',*,*,#3106,.T.);
#4037=ORIENTED_EDGE('',*,*,#3050,.T.);
#4038=ORIENTED_EDGE('',*,*,#3107,.T.);
#4039=ORIENTED_EDGE('',*,*,#3108,.T.);
#4040=ORIENTED_EDGE('',*,*,#2872,.T.);
#4041=ORIENTED_EDGE('',*,*,#3105,.F.);
#4042=ORIENTED_EDGE('',*,*,#3109,.T.);
#4043=ORIENTED_EDGE('',*,*,#3110,.T.);
#4044=ORIENTED_EDGE('',*,*,#3111,.T.);
#4045=ORIENTED_EDGE('',*,*,#3108,.F.);
#4046=ORIENTED_EDGE('',*,*,#3112,.T.);
#4047=ORIENTED_EDGE('',*,*,#3113,.T.);
#4048=ORIENTED_EDGE('',*,*,#3114,.T.);
#4049=ORIENTED_EDGE('',*,*,#3110,.F.);
#4050=ORIENTED_EDGE('',*,*,#3115,.T.);
#4051=ORIENTED_EDGE('',*,*,#3116,.T.);
#4052=ORIENTED_EDGE('',*,*,#3117,.T.);
#4053=ORIENTED_EDGE('',*,*,#3113,.F.);
#4054=ORIENTED_EDGE('',*,*,#3118,.T.);
#4055=ORIENTED_EDGE('',*,*,#3119,.T.);
#4056=ORIENTED_EDGE('',*,*,#3120,.T.);
#4057=ORIENTED_EDGE('',*,*,#3116,.F.);
#4058=ORIENTED_EDGE('',*,*,#3121,.T.);
#4059=ORIENTED_EDGE('',*,*,#3122,.T.);
#4060=ORIENTED_EDGE('',*,*,#3123,.T.);
#4061=ORIENTED_EDGE('',*,*,#3119,.F.);
#4062=ORIENTED_EDGE('',*,*,#3124,.T.);
#4063=ORIENTED_EDGE('',*,*,#3125,.T.);
#4064=ORIENTED_EDGE('',*,*,#3126,.T.);
#4065=ORIENTED_EDGE('',*,*,#3122,.F.);
#4066=ORIENTED_EDGE('',*,*,#3127,.T.);
#4067=ORIENTED_EDGE('',*,*,#3128,.T.);
#4068=ORIENTED_EDGE('',*,*,#3129,.T.);
#4069=ORIENTED_EDGE('',*,*,#3125,.F.);
#4070=ORIENTED_EDGE('',*,*,#3130,.T.);
#4071=ORIENTED_EDGE('',*,*,#3131,.T.);
#4072=ORIENTED_EDGE('',*,*,#3132,.T.);
#4073=ORIENTED_EDGE('',*,*,#3128,.F.);
#4074=ORIENTED_EDGE('',*,*,#3133,.T.);
#4075=ORIENTED_EDGE('',*,*,#3134,.T.);
#4076=ORIENTED_EDGE('',*,*,#3135,.T.);
#4077=ORIENTED_EDGE('',*,*,#3131,.F.);
#4078=ORIENTED_EDGE('',*,*,#3136,.T.);
#4079=ORIENTED_EDGE('',*,*,#3137,.T.);
#4080=ORIENTED_EDGE('',*,*,#3138,.T.);
#4081=ORIENTED_EDGE('',*,*,#3134,.F.);
#4082=ORIENTED_EDGE('',*,*,#3139,.T.);
#4083=ORIENTED_EDGE('',*,*,#3140,.T.);
#4084=ORIENTED_EDGE('',*,*,#3141,.T.);
#4085=ORIENTED_EDGE('',*,*,#3137,.F.);
#4086=ORIENTED_EDGE('',*,*,#3142,.T.);
#4087=ORIENTED_EDGE('',*,*,#3143,.T.);
#4088=ORIENTED_EDGE('',*,*,#3144,.T.);
#4089=ORIENTED_EDGE('',*,*,#3140,.F.);
#4090=ORIENTED_EDGE('',*,*,#3145,.T.);
#4091=ORIENTED_EDGE('',*,*,#3146,.T.);
#4092=ORIENTED_EDGE('',*,*,#3147,.T.);
#4093=ORIENTED_EDGE('',*,*,#3143,.F.);
#4094=ORIENTED_EDGE('',*,*,#3148,.T.);
#4095=ORIENTED_EDGE('',*,*,#3149,.T.);
#4096=ORIENTED_EDGE('',*,*,#3021,.T.);
#4097=ORIENTED_EDGE('',*,*,#3146,.F.);
#4098=ORIENTED_EDGE('',*,*,#3150,.T.);
#4099=ORIENTED_EDGE('',*,*,#3151,.T.);
#4100=ORIENTED_EDGE('',*,*,#3152,.T.);
#4101=ORIENTED_EDGE('',*,*,#3149,.F.);
#4102=ORIENTED_EDGE('',*,*,#3153,.T.);
#4103=ORIENTED_EDGE('',*,*,#3154,.T.);
#4104=ORIENTED_EDGE('',*,*,#3155,.T.);
#4105=ORIENTED_EDGE('',*,*,#3151,.F.);
#4106=ORIENTED_EDGE('',*,*,#3156,.T.);
#4107=ORIENTED_EDGE('',*,*,#3053,.T.);
#4108=ORIENTED_EDGE('',*,*,#3157,.T.);
#4109=ORIENTED_EDGE('',*,*,#3154,.F.);
#4110=ORIENTED_EDGE('',*,*,#3158,.T.);
#4111=ORIENTED_EDGE('',*,*,#3051,.T.);
#4112=ORIENTED_EDGE('',*,*,#3159,.T.);
#4113=ORIENTED_EDGE('',*,*,#3049,.T.);
#4114=ORIENTED_EDGE('',*,*,#3160,.T.);
#4115=ORIENTED_EDGE('',*,*,#3161,.T.);
#4116=ORIENTED_EDGE('',*,*,#3162,.T.);
#4117=ORIENTED_EDGE('',*,*,#3057,.F.);
#4118=ORIENTED_EDGE('',*,*,#3163,.T.);
#4119=ORIENTED_EDGE('',*,*,#3164,.T.);
#4120=ORIENTED_EDGE('',*,*,#3165,.T.);
#4121=ORIENTED_EDGE('',*,*,#3161,.F.);
#4122=ORIENTED_EDGE('',*,*,#3166,.T.);
#4123=ORIENTED_EDGE('',*,*,#3167,.T.);
#4124=ORIENTED_EDGE('',*,*,#3168,.T.);
#4125=ORIENTED_EDGE('',*,*,#3164,.F.);
#4126=ORIENTED_EDGE('',*,*,#3169,.T.);
#4127=ORIENTED_EDGE('',*,*,#3170,.T.);
#4128=ORIENTED_EDGE('',*,*,#3171,.T.);
#4129=ORIENTED_EDGE('',*,*,#3172,.T.);
#4130=ORIENTED_EDGE('',*,*,#3173,.T.);
#4131=ORIENTED_EDGE('',*,*,#3172,.F.);
#4132=ORIENTED_EDGE('',*,*,#3174,.T.);
#4133=ORIENTED_EDGE('',*,*,#3175,.T.);
#4134=ORIENTED_EDGE('',*,*,#3170,.F.);
#4135=ORIENTED_EDGE('',*,*,#3079,.F.);
#4136=ORIENTED_EDGE('',*,*,#3176,.T.);
#4137=ORIENTED_EDGE('',*,*,#3167,.F.);
#4138=ORIENTED_EDGE('',*,*,#3042,.F.);
#4139=ORIENTED_EDGE('',*,*,#3177,.T.);
#4140=ORIENTED_EDGE('',*,*,#3085,.F.);
#4141=ORIENTED_EDGE('',*,*,#3160,.F.);
#4142=ORIENTED_EDGE('',*,*,#3095,.F.);
#4143=ORIENTED_EDGE('',*,*,#3178,.F.);
#4144=ORIENTED_EDGE('',*,*,#3091,.F.);
#4145=ORIENTED_EDGE('',*,*,#3086,.F.);
#4146=ORIENTED_EDGE('',*,*,#3178,.T.);
#4147=ORIENTED_EDGE('',*,*,#3099,.F.);
#4148=ORIENTED_EDGE('',*,*,#3101,.F.);
#4149=ORIENTED_EDGE('',*,*,#3179,.T.);
#4150=ORIENTED_EDGE('',*,*,#2915,.F.);
#4151=ORIENTED_EDGE('',*,*,#2999,.F.);
#4152=ORIENTED_EDGE('',*,*,#3180,.F.);
#4153=ORIENTED_EDGE('',*,*,#3181,.F.);
#4154=ORIENTED_EDGE('',*,*,#3114,.F.);
#4155=ORIENTED_EDGE('',*,*,#3182,.F.);
#4156=ORIENTED_EDGE('',*,*,#2957,.F.);
#4157=ORIENTED_EDGE('',*,*,#2917,.F.);
#4158=ORIENTED_EDGE('',*,*,#2955,.F.);
#4159=ORIENTED_EDGE('',*,*,#3182,.T.);
#4160=ORIENTED_EDGE('',*,*,#3117,.F.);
#4161=ORIENTED_EDGE('',*,*,#3183,.T.);
#4162=ORIENTED_EDGE('',*,*,#2952,.F.);
#4163=ORIENTED_EDGE('',*,*,#3183,.F.);
#4164=ORIENTED_EDGE('',*,*,#3120,.F.);
#4165=ORIENTED_EDGE('',*,*,#3184,.F.);
#4166=ORIENTED_EDGE('',*,*,#2949,.F.);
#4167=ORIENTED_EDGE('',*,*,#3184,.T.);
#4168=ORIENTED_EDGE('',*,*,#3123,.F.);
#4169=ORIENTED_EDGE('',*,*,#3185,.T.);
#4170=ORIENTED_EDGE('',*,*,#2946,.F.);
#4171=ORIENTED_EDGE('',*,*,#3185,.F.);
#4172=ORIENTED_EDGE('',*,*,#3126,.F.);
#4173=ORIENTED_EDGE('',*,*,#3186,.F.);
#4174=ORIENTED_EDGE('',*,*,#2943,.F.);
#4175=ORIENTED_EDGE('',*,*,#3186,.T.);
#4176=ORIENTED_EDGE('',*,*,#3129,.F.);
#4177=ORIENTED_EDGE('',*,*,#3187,.T.);
#4178=ORIENTED_EDGE('',*,*,#2940,.F.);
#4179=ORIENTED_EDGE('',*,*,#3187,.F.);
#4180=ORIENTED_EDGE('',*,*,#3132,.F.);
#4181=ORIENTED_EDGE('',*,*,#3188,.F.);
#4182=ORIENTED_EDGE('',*,*,#2937,.F.);
#4183=ORIENTED_EDGE('',*,*,#3188,.T.);
#4184=ORIENTED_EDGE('',*,*,#3135,.F.);
#4185=ORIENTED_EDGE('',*,*,#3189,.T.);
#4186=ORIENTED_EDGE('',*,*,#2934,.F.);
#4187=ORIENTED_EDGE('',*,*,#3189,.F.);
#4188=ORIENTED_EDGE('',*,*,#3138,.F.);
#4189=ORIENTED_EDGE('',*,*,#3190,.F.);
#4190=ORIENTED_EDGE('',*,*,#2931,.F.);
#4191=ORIENTED_EDGE('',*,*,#3190,.T.);
#4192=ORIENTED_EDGE('',*,*,#3141,.F.);
#4193=ORIENTED_EDGE('',*,*,#3191,.T.);
#4194=ORIENTED_EDGE('',*,*,#2928,.F.);
#4195=ORIENTED_EDGE('',*,*,#3191,.F.);
#4196=ORIENTED_EDGE('',*,*,#3144,.F.);
#4197=ORIENTED_EDGE('',*,*,#3192,.F.);
#4198=ORIENTED_EDGE('',*,*,#2925,.F.);
#4199=ORIENTED_EDGE('',*,*,#3192,.T.);
#4200=ORIENTED_EDGE('',*,*,#3147,.F.);
#4201=ORIENTED_EDGE('',*,*,#3020,.T.);
#4202=ORIENTED_EDGE('',*,*,#3152,.F.);
#4203=ORIENTED_EDGE('',*,*,#3193,.T.);
#4204=ORIENTED_EDGE('',*,*,#3194,.F.);
#4205=ORIENTED_EDGE('',*,*,#3022,.T.);
#4206=ORIENTED_EDGE('',*,*,#3155,.F.);
#4207=ORIENTED_EDGE('',*,*,#3195,.F.);
#4208=ORIENTED_EDGE('',*,*,#3196,.F.);
#4209=ORIENTED_EDGE('',*,*,#3193,.F.);
#4210=ORIENTED_EDGE('',*,*,#3157,.F.);
#4211=ORIENTED_EDGE('',*,*,#3084,.F.);
#4212=ORIENTED_EDGE('',*,*,#3088,.F.);
#4213=ORIENTED_EDGE('',*,*,#3197,.T.);
#4214=ORIENTED_EDGE('',*,*,#3198,.F.);
#4215=ORIENTED_EDGE('',*,*,#3195,.T.);
#4216=ORIENTED_EDGE('',*,*,#3090,.F.);
#4217=ORIENTED_EDGE('',*,*,#3092,.F.);
#4218=ORIENTED_EDGE('',*,*,#3069,.F.);
#4219=ORIENTED_EDGE('',*,*,#3072,.F.);
#4220=ORIENTED_EDGE('',*,*,#3075,.F.);
#4221=ORIENTED_EDGE('',*,*,#3081,.F.);
#4222=ORIENTED_EDGE('',*,*,#3080,.F.);
#4223=ORIENTED_EDGE('',*,*,#3173,.F.);
#4224=ORIENTED_EDGE('',*,*,#3199,.F.);
#4225=ORIENTED_EDGE('',*,*,#3197,.F.);
#4226=ORIENTED_EDGE('',*,*,#3200,.T.);
#4227=ORIENTED_EDGE('',*,*,#3201,.T.);
#4228=ORIENTED_EDGE('',*,*,#3202,.T.);
#4229=ORIENTED_EDGE('',*,*,#3203,.T.);
#4230=ORIENTED_EDGE('',*,*,#3204,.T.);
#4231=ORIENTED_EDGE('',*,*,#3205,.T.);
#4232=ORIENTED_EDGE('',*,*,#3206,.T.);
#4233=ORIENTED_EDGE('',*,*,#3207,.T.);
#4234=ORIENTED_EDGE('',*,*,#3208,.T.);
#4235=ORIENTED_EDGE('',*,*,#3209,.T.);
#4236=ORIENTED_EDGE('',*,*,#3210,.T.);
#4237=ORIENTED_EDGE('',*,*,#3211,.T.);
#4238=ORIENTED_EDGE('',*,*,#3175,.F.);
#4239=ORIENTED_EDGE('',*,*,#2878,.T.);
#4240=ORIENTED_EDGE('',*,*,#3212,.F.);
#4241=ORIENTED_EDGE('',*,*,#3199,.T.);
#4242=ORIENTED_EDGE('',*,*,#3107,.F.);
#4243=ORIENTED_EDGE('',*,*,#3159,.F.);
#4244=ORIENTED_EDGE('',*,*,#3158,.F.);
#4245=ORIENTED_EDGE('',*,*,#3156,.F.);
#4246=ORIENTED_EDGE('',*,*,#3153,.F.);
#4247=ORIENTED_EDGE('',*,*,#3150,.F.);
#4248=ORIENTED_EDGE('',*,*,#3148,.F.);
#4249=ORIENTED_EDGE('',*,*,#3145,.F.);
#4250=ORIENTED_EDGE('',*,*,#3142,.F.);
#4251=ORIENTED_EDGE('',*,*,#3139,.F.);
#4252=ORIENTED_EDGE('',*,*,#3136,.F.);
#4253=ORIENTED_EDGE('',*,*,#3133,.F.);
#4254=ORIENTED_EDGE('',*,*,#3130,.F.);
#4255=ORIENTED_EDGE('',*,*,#3127,.F.);
#4256=ORIENTED_EDGE('',*,*,#3124,.F.);
#4257=ORIENTED_EDGE('',*,*,#3121,.F.);
#4258=ORIENTED_EDGE('',*,*,#3118,.F.);
#4259=ORIENTED_EDGE('',*,*,#3115,.F.);
#4260=ORIENTED_EDGE('',*,*,#3112,.F.);
#4261=ORIENTED_EDGE('',*,*,#3109,.F.);
#4262=ORIENTED_EDGE('',*,*,#3213,.F.);
#4263=ORIENTED_EDGE('',*,*,#3214,.F.);
#4264=ORIENTED_EDGE('',*,*,#3215,.F.);
#4265=ORIENTED_EDGE('',*,*,#3216,.F.);
#4266=ORIENTED_EDGE('',*,*,#3217,.F.);
#4267=ORIENTED_EDGE('',*,*,#3218,.F.);
#4268=ORIENTED_EDGE('',*,*,#3219,.F.);
#4269=ORIENTED_EDGE('',*,*,#3220,.F.);
#4270=ORIENTED_EDGE('',*,*,#3221,.F.);
#4271=ORIENTED_EDGE('',*,*,#3222,.F.);
#4272=ORIENTED_EDGE('',*,*,#3223,.F.);
#4273=ORIENTED_EDGE('',*,*,#3224,.F.);
#4274=ORIENTED_EDGE('',*,*,#3225,.F.);
#4275=ORIENTED_EDGE('',*,*,#3226,.F.);
#4276=ORIENTED_EDGE('',*,*,#3227,.F.);
#4277=ORIENTED_EDGE('',*,*,#3228,.F.);
#4278=ORIENTED_EDGE('',*,*,#3229,.T.);
#4279=ORIENTED_EDGE('',*,*,#3230,.T.);
#4280=ORIENTED_EDGE('',*,*,#3231,.T.);
#4281=ORIENTED_EDGE('',*,*,#3232,.T.);
#4282=ORIENTED_EDGE('',*,*,#2881,.T.);
#4283=ORIENTED_EDGE('',*,*,#3229,.F.);
#4284=ORIENTED_EDGE('',*,*,#2870,.T.);
#4285=ORIENTED_EDGE('',*,*,#3233,.T.);
#4286=ORIENTED_EDGE('',*,*,#2882,.T.);
#4287=ORIENTED_EDGE('',*,*,#3232,.F.);
#4288=ORIENTED_EDGE('',*,*,#3234,.T.);
#4289=ORIENTED_EDGE('',*,*,#3235,.T.);
#4290=ORIENTED_EDGE('',*,*,#2883,.T.);
#4291=ORIENTED_EDGE('',*,*,#3233,.F.);
#4292=ORIENTED_EDGE('',*,*,#3180,.T.);
#4293=ORIENTED_EDGE('',*,*,#3236,.T.);
#4294=ORIENTED_EDGE('',*,*,#2884,.T.);
#4295=ORIENTED_EDGE('',*,*,#3235,.F.);
#4296=ORIENTED_EDGE('',*,*,#2998,.T.);
#4297=ORIENTED_EDGE('',*,*,#3237,.T.);
#4298=ORIENTED_EDGE('',*,*,#2885,.T.);
#4299=ORIENTED_EDGE('',*,*,#3236,.F.);
#4300=ORIENTED_EDGE('',*,*,#3001,.T.);
#4301=ORIENTED_EDGE('',*,*,#3238,.T.);
#4302=ORIENTED_EDGE('',*,*,#2886,.T.);
#4303=ORIENTED_EDGE('',*,*,#3237,.F.);
#4304=ORIENTED_EDGE('',*,*,#3003,.T.);
#4305=ORIENTED_EDGE('',*,*,#3239,.T.);
#4306=ORIENTED_EDGE('',*,*,#2887,.T.);
#4307=ORIENTED_EDGE('',*,*,#3238,.F.);
#4308=ORIENTED_EDGE('',*,*,#3005,.T.);
#4309=ORIENTED_EDGE('',*,*,#3240,.T.);
#4310=ORIENTED_EDGE('',*,*,#2888,.T.);
#4311=ORIENTED_EDGE('',*,*,#3239,.F.);
#4312=ORIENTED_EDGE('',*,*,#3007,.T.);
#4313=ORIENTED_EDGE('',*,*,#3241,.T.);
#4314=ORIENTED_EDGE('',*,*,#2889,.T.);
#4315=ORIENTED_EDGE('',*,*,#3240,.F.);
#4316=ORIENTED_EDGE('',*,*,#3009,.T.);
#4317=ORIENTED_EDGE('',*,*,#3242,.T.);
#4318=ORIENTED_EDGE('',*,*,#2890,.T.);
#4319=ORIENTED_EDGE('',*,*,#3241,.F.);
#4320=ORIENTED_EDGE('',*,*,#3011,.T.);
#4321=ORIENTED_EDGE('',*,*,#3243,.T.);
#4322=ORIENTED_EDGE('',*,*,#2891,.T.);
#4323=ORIENTED_EDGE('',*,*,#3242,.F.);
#4324=ORIENTED_EDGE('',*,*,#3013,.T.);
#4325=ORIENTED_EDGE('',*,*,#3244,.T.);
#4326=ORIENTED_EDGE('',*,*,#2892,.T.);
#4327=ORIENTED_EDGE('',*,*,#3243,.F.);
#4328=ORIENTED_EDGE('',*,*,#3015,.T.);
#4329=ORIENTED_EDGE('',*,*,#3245,.T.);
#4330=ORIENTED_EDGE('',*,*,#2893,.T.);
#4331=ORIENTED_EDGE('',*,*,#3244,.F.);
#4332=ORIENTED_EDGE('',*,*,#3017,.T.);
#4333=ORIENTED_EDGE('',*,*,#3246,.T.);
#4334=ORIENTED_EDGE('',*,*,#2894,.T.);
#4335=ORIENTED_EDGE('',*,*,#3245,.F.);
#4336=ORIENTED_EDGE('',*,*,#3019,.T.);
#4337=ORIENTED_EDGE('',*,*,#3247,.T.);
#4338=ORIENTED_EDGE('',*,*,#2895,.T.);
#4339=ORIENTED_EDGE('',*,*,#3246,.F.);
#4340=ORIENTED_EDGE('',*,*,#3023,.T.);
#4341=ORIENTED_EDGE('',*,*,#3248,.T.);
#4342=ORIENTED_EDGE('',*,*,#2896,.T.);
#4343=ORIENTED_EDGE('',*,*,#3247,.F.);
#4344=ORIENTED_EDGE('',*,*,#3194,.T.);
#4345=ORIENTED_EDGE('',*,*,#3249,.T.);
#4346=ORIENTED_EDGE('',*,*,#2877,.T.);
#4347=ORIENTED_EDGE('',*,*,#3248,.F.);
#4348=ORIENTED_EDGE('',*,*,#3196,.T.);
#4349=ORIENTED_EDGE('',*,*,#3249,.F.);
#4350=ORIENTED_EDGE('',*,*,#3198,.T.);
#4351=ORIENTED_EDGE('',*,*,#3212,.T.);
#4352=ORIENTED_EDGE('',*,*,#2867,.F.);
#4353=ORIENTED_EDGE('',*,*,#2873,.T.);
#4354=ORIENTED_EDGE('',*,*,#3111,.F.);
#4355=ORIENTED_EDGE('',*,*,#3181,.T.);
#4356=ORIENTED_EDGE('',*,*,#3234,.F.);
#4357=ORIENTED_EDGE('',*,*,#2869,.T.);
#4358=ORIENTED_EDGE('',*,*,#3106,.F.);
#4359=ORIENTED_EDGE('',*,*,#2871,.T.);
#4360=ORIENTED_EDGE('',*,*,#3231,.F.);
#4361=ORIENTED_EDGE('',*,*,#3250,.T.);
#4362=ORIENTED_EDGE('',*,*,#3097,.F.);
#4363=ORIENTED_EDGE('',*,*,#3096,.F.);
#4364=ORIENTED_EDGE('',*,*,#3046,.F.);
#4365=ORIENTED_EDGE('',*,*,#3251,.T.);
#4366=ORIENTED_EDGE('',*,*,#3230,.F.);
#4367=ORIENTED_EDGE('',*,*,#2880,.T.);
#4368=ORIENTED_EDGE('',*,*,#3047,.F.);
#4369=ORIENTED_EDGE('',*,*,#2879,.T.);
#4370=ORIENTED_EDGE('',*,*,#3174,.F.);
#4371=ORIENTED_EDGE('',*,*,#3252,.T.);
#4372=ORIENTED_EDGE('',*,*,#2913,.F.);
#4373=ORIENTED_EDGE('',*,*,#3041,.F.);
#4374=ORIENTED_EDGE('',*,*,#2996,.F.);
#4375=ORIENTED_EDGE('',*,*,#2994,.F.);
#4376=ORIENTED_EDGE('',*,*,#2991,.F.);
#4377=ORIENTED_EDGE('',*,*,#2988,.F.);
#4378=ORIENTED_EDGE('',*,*,#2985,.F.);
#4379=ORIENTED_EDGE('',*,*,#2982,.F.);
#4380=ORIENTED_EDGE('',*,*,#2979,.F.);
#4381=ORIENTED_EDGE('',*,*,#2976,.F.);
#4382=ORIENTED_EDGE('',*,*,#2973,.F.);
#4383=ORIENTED_EDGE('',*,*,#2970,.F.);
#4384=ORIENTED_EDGE('',*,*,#2967,.F.);
#4385=ORIENTED_EDGE('',*,*,#2964,.F.);
#4386=ORIENTED_EDGE('',*,*,#3253,.F.);
#4387=ORIENTED_EDGE('',*,*,#3254,.F.);
#4388=ORIENTED_EDGE('',*,*,#3255,.F.);
#4389=ORIENTED_EDGE('',*,*,#3256,.F.);
#4390=ORIENTED_EDGE('',*,*,#3257,.F.);
#4391=ORIENTED_EDGE('',*,*,#3258,.F.);
#4392=ORIENTED_EDGE('',*,*,#3259,.F.);
#4393=ORIENTED_EDGE('',*,*,#3260,.F.);
#4394=ORIENTED_EDGE('',*,*,#3261,.F.);
#4395=ORIENTED_EDGE('',*,*,#3262,.F.);
#4396=ORIENTED_EDGE('',*,*,#3263,.F.);
#4397=ORIENTED_EDGE('',*,*,#3264,.F.);
#4398=ORIENTED_EDGE('',*,*,#3265,.F.);
#4399=ORIENTED_EDGE('',*,*,#3266,.F.);
#4400=ORIENTED_EDGE('',*,*,#3267,.F.);
#4401=ORIENTED_EDGE('',*,*,#3268,.F.);
#4402=ORIENTED_EDGE('',*,*,#2863,.F.);
#4403=ORIENTED_EDGE('',*,*,#2868,.F.);
#4404=ORIENTED_EDGE('',*,*,#2864,.F.);
#4405=ORIENTED_EDGE('',*,*,#3269,.T.);
#4406=ORIENTED_EDGE('',*,*,#2875,.F.);
#4407=ORIENTED_EDGE('',*,*,#3269,.F.);
#4408=ORIENTED_EDGE('',*,*,#3206,.F.);
#4409=ORIENTED_EDGE('',*,*,#3270,.T.);
#4410=ORIENTED_EDGE('',*,*,#3271,.T.);
#4411=ORIENTED_EDGE('',*,*,#3272,.F.);
#4412=ORIENTED_EDGE('',*,*,#3211,.F.);
#4413=ORIENTED_EDGE('',*,*,#3273,.T.);
#4414=ORIENTED_EDGE('',*,*,#3274,.T.);
#4415=ORIENTED_EDGE('',*,*,#3270,.F.);
#4416=ORIENTED_EDGE('',*,*,#3210,.F.);
#4417=ORIENTED_EDGE('',*,*,#3275,.T.);
#4418=ORIENTED_EDGE('',*,*,#3276,.T.);
#4419=ORIENTED_EDGE('',*,*,#3273,.F.);
#4420=ORIENTED_EDGE('',*,*,#3209,.F.);
#4421=ORIENTED_EDGE('',*,*,#3277,.T.);
#4422=ORIENTED_EDGE('',*,*,#3278,.T.);
#4423=ORIENTED_EDGE('',*,*,#3275,.F.);
#4424=ORIENTED_EDGE('',*,*,#3208,.F.);
#4425=ORIENTED_EDGE('',*,*,#3279,.T.);
#4426=ORIENTED_EDGE('',*,*,#3280,.T.);
#4427=ORIENTED_EDGE('',*,*,#3277,.F.);
#4428=ORIENTED_EDGE('',*,*,#3207,.F.);
#4429=ORIENTED_EDGE('',*,*,#3272,.T.);
#4430=ORIENTED_EDGE('',*,*,#3281,.T.);
#4431=ORIENTED_EDGE('',*,*,#3279,.F.);
#4432=ORIENTED_EDGE('',*,*,#3281,.F.);
#4433=ORIENTED_EDGE('',*,*,#3271,.F.);
#4434=ORIENTED_EDGE('',*,*,#3274,.F.);
#4435=ORIENTED_EDGE('',*,*,#3276,.F.);
#4436=ORIENTED_EDGE('',*,*,#3278,.F.);
#4437=ORIENTED_EDGE('',*,*,#3280,.F.);
#4438=ORIENTED_EDGE('',*,*,#3282,.F.);
#4439=ORIENTED_EDGE('',*,*,#3200,.F.);
#4440=ORIENTED_EDGE('',*,*,#3283,.T.);
#4441=ORIENTED_EDGE('',*,*,#3284,.T.);
#4442=ORIENTED_EDGE('',*,*,#3285,.F.);
#4443=ORIENTED_EDGE('',*,*,#3205,.F.);
#4444=ORIENTED_EDGE('',*,*,#3286,.T.);
#4445=ORIENTED_EDGE('',*,*,#3287,.T.);
#4446=ORIENTED_EDGE('',*,*,#3283,.F.);
#4447=ORIENTED_EDGE('',*,*,#3204,.F.);
#4448=ORIENTED_EDGE('',*,*,#3288,.T.);
#4449=ORIENTED_EDGE('',*,*,#3289,.T.);
#4450=ORIENTED_EDGE('',*,*,#3286,.F.);
#4451=ORIENTED_EDGE('',*,*,#3203,.F.);
#4452=ORIENTED_EDGE('',*,*,#3290,.T.);
#4453=ORIENTED_EDGE('',*,*,#3291,.T.);
#4454=ORIENTED_EDGE('',*,*,#3288,.F.);
#4455=ORIENTED_EDGE('',*,*,#3202,.F.);
#4456=ORIENTED_EDGE('',*,*,#3292,.T.);
#4457=ORIENTED_EDGE('',*,*,#3293,.T.);
#4458=ORIENTED_EDGE('',*,*,#3290,.F.);
#4459=ORIENTED_EDGE('',*,*,#3201,.F.);
#4460=ORIENTED_EDGE('',*,*,#3285,.T.);
#4461=ORIENTED_EDGE('',*,*,#3294,.T.);
#4462=ORIENTED_EDGE('',*,*,#3292,.F.);
#4463=ORIENTED_EDGE('',*,*,#3294,.F.);
#4464=ORIENTED_EDGE('',*,*,#3284,.F.);
#4465=ORIENTED_EDGE('',*,*,#3287,.F.);
#4466=ORIENTED_EDGE('',*,*,#3289,.F.);
#4467=ORIENTED_EDGE('',*,*,#3291,.F.);
#4468=ORIENTED_EDGE('',*,*,#3293,.F.);
#4469=ORIENTED_EDGE('',*,*,#3295,.F.);
#4470=ORIENTED_EDGE('',*,*,#3102,.F.);
#4471=ORIENTED_EDGE('',*,*,#3250,.F.);
#4472=ORIENTED_EDGE('',*,*,#3251,.F.);
#4473=ORIENTED_EDGE('',*,*,#3043,.F.);
#4474=ORIENTED_EDGE('',*,*,#3169,.F.);
#4475=ORIENTED_EDGE('',*,*,#3166,.F.);
#4476=ORIENTED_EDGE('',*,*,#3163,.F.);
#4477=ORIENTED_EDGE('',*,*,#3060,.F.);
#4478=ORIENTED_EDGE('',*,*,#3062,.F.);
#4479=ORIENTED_EDGE('',*,*,#3104,.F.);
#4480=ORIENTED_EDGE('',*,*,#3296,.T.);
#4481=ORIENTED_EDGE('',*,*,#3297,.T.);
#4482=ORIENTED_EDGE('',*,*,#3045,.F.);
#4483=ORIENTED_EDGE('',*,*,#3252,.F.);
#4484=ORIENTED_EDGE('',*,*,#3171,.F.);
#4485=ORIENTED_EDGE('',*,*,#3298,.F.);
#4486=ORIENTED_EDGE('',*,*,#3295,.T.);
#4487=ORIENTED_EDGE('',*,*,#3299,.T.);
#4488=ORIENTED_EDGE('',*,*,#3296,.F.);
#4489=ORIENTED_EDGE('',*,*,#3299,.F.);
#4490=ORIENTED_EDGE('',*,*,#3282,.T.);
#4491=ORIENTED_EDGE('',*,*,#3300,.T.);
#4492=ORIENTED_EDGE('',*,*,#3297,.F.);
#4493=ORIENTED_EDGE('',*,*,#3300,.F.);
#4494=ORIENTED_EDGE('',*,*,#3177,.F.);
#4495=ORIENTED_EDGE('',*,*,#3298,.T.);
#4496=ORIENTED_EDGE('',*,*,#3176,.F.);
#4497=ORIENTED_EDGE('',*,*,#3301,.F.);
#4498=ORIENTED_EDGE('',*,*,#3168,.F.);
#4499=ORIENTED_EDGE('',*,*,#3301,.T.);
#4500=ORIENTED_EDGE('',*,*,#3078,.F.);
#4501=ORIENTED_EDGE('',*,*,#3302,.F.);
#4502=ORIENTED_EDGE('',*,*,#3165,.F.);
#4503=ORIENTED_EDGE('',*,*,#3302,.T.);
#4504=ORIENTED_EDGE('',*,*,#3082,.F.);
#4505=ORIENTED_EDGE('',*,*,#3303,.F.);
#4506=ORIENTED_EDGE('',*,*,#3162,.F.);
#4507=ORIENTED_EDGE('',*,*,#3303,.T.);
#4508=ORIENTED_EDGE('',*,*,#3076,.F.);
#4509=ORIENTED_EDGE('',*,*,#3304,.F.);
#4510=ORIENTED_EDGE('',*,*,#3058,.F.);
#4511=ORIENTED_EDGE('',*,*,#3304,.T.);
#4512=ORIENTED_EDGE('',*,*,#3073,.F.);
#4513=ORIENTED_EDGE('',*,*,#3305,.F.);
#4514=ORIENTED_EDGE('',*,*,#3061,.F.);
#4515=ORIENTED_EDGE('',*,*,#3305,.T.);
#4516=ORIENTED_EDGE('',*,*,#3070,.F.);
#4517=ORIENTED_EDGE('',*,*,#3067,.F.);
#4518=ORIENTED_EDGE('',*,*,#3093,.F.);
#4519=ORIENTED_EDGE('',*,*,#3179,.F.);
#4520=ORIENTED_EDGE('',*,*,#3103,.F.);
#4521=ORIENTED_EDGE('',*,*,#3066,.F.);
#4522=ORIENTED_EDGE('',*,*,#3306,.T.);
#4523=ORIENTED_EDGE('',*,*,#3213,.T.);
#4524=ORIENTED_EDGE('',*,*,#3307,.T.);
#4525=ORIENTED_EDGE('',*,*,#3308,.T.);
#4526=ORIENTED_EDGE('',*,*,#3309,.T.);
#4527=ORIENTED_EDGE('',*,*,#3310,.T.);
#4528=ORIENTED_EDGE('',*,*,#3307,.F.);
#4529=ORIENTED_EDGE('',*,*,#3220,.T.);
#4530=ORIENTED_EDGE('',*,*,#3311,.T.);
#4531=ORIENTED_EDGE('',*,*,#3312,.T.);
#4532=ORIENTED_EDGE('',*,*,#3309,.F.);
#4533=ORIENTED_EDGE('',*,*,#3219,.T.);
#4534=ORIENTED_EDGE('',*,*,#3313,.T.);
#4535=ORIENTED_EDGE('',*,*,#3314,.T.);
#4536=ORIENTED_EDGE('',*,*,#3311,.F.);
#4537=ORIENTED_EDGE('',*,*,#3218,.T.);
#4538=ORIENTED_EDGE('',*,*,#3315,.T.);
#4539=ORIENTED_EDGE('',*,*,#3316,.T.);
#4540=ORIENTED_EDGE('',*,*,#3313,.F.);
#4541=ORIENTED_EDGE('',*,*,#3217,.T.);
#4542=ORIENTED_EDGE('',*,*,#3317,.T.);
#4543=ORIENTED_EDGE('',*,*,#3318,.T.);
#4544=ORIENTED_EDGE('',*,*,#3315,.F.);
#4545=ORIENTED_EDGE('',*,*,#3216,.T.);
#4546=ORIENTED_EDGE('',*,*,#3319,.T.);
#4547=ORIENTED_EDGE('',*,*,#3320,.T.);
#4548=ORIENTED_EDGE('',*,*,#3317,.F.);
#4549=ORIENTED_EDGE('',*,*,#3215,.T.);
#4550=ORIENTED_EDGE('',*,*,#3319,.F.);
#4551=ORIENTED_EDGE('',*,*,#3214,.T.);
#4552=ORIENTED_EDGE('',*,*,#3306,.F.);
#4553=ORIENTED_EDGE('',*,*,#3321,.T.);
#4554=ORIENTED_EDGE('',*,*,#3318,.F.);
#4555=ORIENTED_EDGE('',*,*,#3322,.F.);
#4556=ORIENTED_EDGE('',*,*,#3323,.F.);
#4557=ORIENTED_EDGE('',*,*,#3324,.F.);
#4558=ORIENTED_EDGE('',*,*,#3320,.F.);
#4559=ORIENTED_EDGE('',*,*,#3325,.T.);
#4560=ORIENTED_EDGE('',*,*,#3326,.F.);
#4561=ORIENTED_EDGE('',*,*,#3322,.T.);
#4562=ORIENTED_EDGE('',*,*,#3321,.F.);
#4563=ORIENTED_EDGE('',*,*,#3327,.F.);
#4564=ORIENTED_EDGE('',*,*,#3328,.F.);
#4565=ORIENTED_EDGE('',*,*,#3325,.F.);
#4566=ORIENTED_EDGE('',*,*,#3308,.F.);
#4567=ORIENTED_EDGE('',*,*,#3329,.T.);
#4568=ORIENTED_EDGE('',*,*,#3330,.F.);
#4569=ORIENTED_EDGE('',*,*,#3327,.T.);
#4570=ORIENTED_EDGE('',*,*,#3331,.T.);
#4571=ORIENTED_EDGE('',*,*,#3033,.T.);
#4572=ORIENTED_EDGE('',*,*,#3332,.T.);
#4573=ORIENTED_EDGE('',*,*,#3326,.T.);
#4574=ORIENTED_EDGE('',*,*,#3333,.T.);
#4575=ORIENTED_EDGE('',*,*,#3323,.T.);
#4576=ORIENTED_EDGE('',*,*,#3332,.F.);
#4577=ORIENTED_EDGE('',*,*,#3040,.T.);
#4578=ORIENTED_EDGE('',*,*,#3334,.T.);
#4579=ORIENTED_EDGE('',*,*,#3335,.T.);
#4580=ORIENTED_EDGE('',*,*,#3333,.F.);
#4581=ORIENTED_EDGE('',*,*,#3039,.T.);
#4582=ORIENTED_EDGE('',*,*,#3336,.T.);
#4583=ORIENTED_EDGE('',*,*,#3337,.T.);
#4584=ORIENTED_EDGE('',*,*,#3334,.F.);
#4585=ORIENTED_EDGE('',*,*,#3038,.T.);
#4586=ORIENTED_EDGE('',*,*,#3338,.T.);
#4587=ORIENTED_EDGE('',*,*,#3339,.T.);
#4588=ORIENTED_EDGE('',*,*,#3336,.F.);
#4589=ORIENTED_EDGE('',*,*,#3037,.T.);
#4590=ORIENTED_EDGE('',*,*,#3340,.T.);
#4591=ORIENTED_EDGE('',*,*,#3341,.T.);
#4592=ORIENTED_EDGE('',*,*,#3338,.F.);
#4593=ORIENTED_EDGE('',*,*,#3036,.T.);
#4594=ORIENTED_EDGE('',*,*,#3342,.T.);
#4595=ORIENTED_EDGE('',*,*,#3330,.T.);
#4596=ORIENTED_EDGE('',*,*,#3340,.F.);
#4597=ORIENTED_EDGE('',*,*,#3035,.T.);
#4598=ORIENTED_EDGE('',*,*,#3342,.F.);
#4599=ORIENTED_EDGE('',*,*,#3034,.T.);
#4600=ORIENTED_EDGE('',*,*,#3331,.F.);
#4601=ORIENTED_EDGE('',*,*,#3328,.T.);
#4602=ORIENTED_EDGE('',*,*,#3310,.F.);
#4603=ORIENTED_EDGE('',*,*,#3343,.F.);
#4604=ORIENTED_EDGE('',*,*,#3341,.F.);
#4605=ORIENTED_EDGE('',*,*,#3329,.F.);
#4606=ORIENTED_EDGE('',*,*,#3344,.T.);
#4607=ORIENTED_EDGE('',*,*,#3253,.T.);
#4608=ORIENTED_EDGE('',*,*,#3345,.T.);
#4609=ORIENTED_EDGE('',*,*,#3346,.T.);
#4610=ORIENTED_EDGE('',*,*,#3347,.T.);
#4611=ORIENTED_EDGE('',*,*,#3348,.T.);
#4612=ORIENTED_EDGE('',*,*,#3345,.F.);
#4613=ORIENTED_EDGE('',*,*,#3260,.T.);
#4614=ORIENTED_EDGE('',*,*,#3349,.T.);
#4615=ORIENTED_EDGE('',*,*,#3350,.T.);
#4616=ORIENTED_EDGE('',*,*,#3347,.F.);
#4617=ORIENTED_EDGE('',*,*,#3259,.T.);
#4618=ORIENTED_EDGE('',*,*,#3351,.T.);
#4619=ORIENTED_EDGE('',*,*,#3352,.T.);
#4620=ORIENTED_EDGE('',*,*,#3349,.F.);
#4621=ORIENTED_EDGE('',*,*,#3258,.T.);
#4622=ORIENTED_EDGE('',*,*,#3353,.T.);
#4623=ORIENTED_EDGE('',*,*,#3354,.T.);
#4624=ORIENTED_EDGE('',*,*,#3351,.F.);
#4625=ORIENTED_EDGE('',*,*,#3257,.T.);
#4626=ORIENTED_EDGE('',*,*,#3355,.T.);
#4627=ORIENTED_EDGE('',*,*,#3356,.T.);
#4628=ORIENTED_EDGE('',*,*,#3353,.F.);
#4629=ORIENTED_EDGE('',*,*,#3256,.T.);
#4630=ORIENTED_EDGE('',*,*,#3357,.T.);
#4631=ORIENTED_EDGE('',*,*,#3358,.T.);
#4632=ORIENTED_EDGE('',*,*,#3355,.F.);
#4633=ORIENTED_EDGE('',*,*,#3255,.T.);
#4634=ORIENTED_EDGE('',*,*,#3357,.F.);
#4635=ORIENTED_EDGE('',*,*,#3254,.T.);
#4636=ORIENTED_EDGE('',*,*,#3344,.F.);
#4637=ORIENTED_EDGE('',*,*,#3359,.T.);
#4638=ORIENTED_EDGE('',*,*,#3356,.F.);
#4639=ORIENTED_EDGE('',*,*,#3360,.F.);
#4640=ORIENTED_EDGE('',*,*,#3361,.F.);
#4641=ORIENTED_EDGE('',*,*,#3362,.F.);
#4642=ORIENTED_EDGE('',*,*,#3358,.F.);
#4643=ORIENTED_EDGE('',*,*,#3363,.T.);
#4644=ORIENTED_EDGE('',*,*,#3364,.F.);
#4645=ORIENTED_EDGE('',*,*,#3360,.T.);
#4646=ORIENTED_EDGE('',*,*,#3359,.F.);
#4647=ORIENTED_EDGE('',*,*,#3365,.F.);
#4648=ORIENTED_EDGE('',*,*,#3366,.F.);
#4649=ORIENTED_EDGE('',*,*,#3363,.F.);
#4650=ORIENTED_EDGE('',*,*,#3346,.F.);
#4651=ORIENTED_EDGE('',*,*,#3367,.T.);
#4652=ORIENTED_EDGE('',*,*,#3368,.F.);
#4653=ORIENTED_EDGE('',*,*,#3365,.T.);
#4654=ORIENTED_EDGE('',*,*,#3369,.T.);
#4655=ORIENTED_EDGE('',*,*,#3370,.T.);
#4656=ORIENTED_EDGE('',*,*,#3371,.T.);
#4657=ORIENTED_EDGE('',*,*,#3372,.T.);
#4658=ORIENTED_EDGE('',*,*,#3373,.T.);
#4659=ORIENTED_EDGE('',*,*,#3368,.T.);
#4660=ORIENTED_EDGE('',*,*,#3371,.F.);
#4661=ORIENTED_EDGE('',*,*,#3374,.T.);
#4662=ORIENTED_EDGE('',*,*,#3375,.T.);
#4663=ORIENTED_EDGE('',*,*,#3366,.T.);
#4664=ORIENTED_EDGE('',*,*,#3373,.F.);
#4665=ORIENTED_EDGE('',*,*,#3376,.T.);
#4666=ORIENTED_EDGE('',*,*,#3377,.T.);
#4667=ORIENTED_EDGE('',*,*,#3364,.T.);
#4668=ORIENTED_EDGE('',*,*,#3375,.F.);
#4669=ORIENTED_EDGE('',*,*,#3378,.T.);
#4670=ORIENTED_EDGE('',*,*,#3379,.T.);
#4671=ORIENTED_EDGE('',*,*,#3361,.T.);
#4672=ORIENTED_EDGE('',*,*,#3377,.F.);
#4673=ORIENTED_EDGE('',*,*,#3380,.T.);
#4674=ORIENTED_EDGE('',*,*,#3381,.T.);
#4675=ORIENTED_EDGE('',*,*,#3382,.T.);
#4676=ORIENTED_EDGE('',*,*,#3379,.F.);
#4677=ORIENTED_EDGE('',*,*,#3383,.T.);
#4678=ORIENTED_EDGE('',*,*,#3384,.T.);
#4679=ORIENTED_EDGE('',*,*,#3385,.T.);
#4680=ORIENTED_EDGE('',*,*,#3381,.F.);
#4681=ORIENTED_EDGE('',*,*,#3386,.T.);
#4682=ORIENTED_EDGE('',*,*,#3369,.F.);
#4683=ORIENTED_EDGE('',*,*,#3387,.T.);
#4684=ORIENTED_EDGE('',*,*,#3384,.F.);
#4685=ORIENTED_EDGE('',*,*,#3388,.T.);
#4686=ORIENTED_EDGE('',*,*,#3354,.F.);
#4687=ORIENTED_EDGE('',*,*,#3362,.T.);
#4688=ORIENTED_EDGE('',*,*,#3382,.F.);
#4689=ORIENTED_EDGE('',*,*,#3389,.T.);
#4690=ORIENTED_EDGE('',*,*,#3352,.F.);
#4691=ORIENTED_EDGE('',*,*,#3389,.F.);
#4692=ORIENTED_EDGE('',*,*,#3385,.F.);
#4693=ORIENTED_EDGE('',*,*,#3390,.F.);
#4694=ORIENTED_EDGE('',*,*,#3350,.F.);
#4695=ORIENTED_EDGE('',*,*,#3390,.T.);
#4696=ORIENTED_EDGE('',*,*,#3387,.F.);
#4697=ORIENTED_EDGE('',*,*,#3391,.T.);
#4698=ORIENTED_EDGE('',*,*,#3348,.F.);
#4699=ORIENTED_EDGE('',*,*,#3391,.F.);
#4700=ORIENTED_EDGE('',*,*,#3372,.F.);
#4701=ORIENTED_EDGE('',*,*,#3367,.F.);
#4702=ORIENTED_EDGE('',*,*,#3392,.T.);
#4703=ORIENTED_EDGE('',*,*,#3393,.T.);
#4704=ORIENTED_EDGE('',*,*,#3394,.T.);
#4705=ORIENTED_EDGE('',*,*,#3395,.T.);
#4706=ORIENTED_EDGE('',*,*,#3396,.T.);
#4707=ORIENTED_EDGE('',*,*,#3397,.T.);
#4708=ORIENTED_EDGE('',*,*,#3398,.T.);
#4709=ORIENTED_EDGE('',*,*,#3399,.T.);
#4710=ORIENTED_EDGE('',*,*,#3370,.F.);
#4711=ORIENTED_EDGE('',*,*,#3388,.F.);
#4712=ORIENTED_EDGE('',*,*,#3386,.F.);
#4713=ORIENTED_EDGE('',*,*,#3383,.F.);
#4714=ORIENTED_EDGE('',*,*,#3380,.F.);
#4715=ORIENTED_EDGE('',*,*,#3378,.F.);
#4716=ORIENTED_EDGE('',*,*,#3376,.F.);
#4717=ORIENTED_EDGE('',*,*,#3374,.F.);
#4718=ORIENTED_EDGE('',*,*,#3312,.F.);
#4719=ORIENTED_EDGE('',*,*,#3400,.T.);
#4720=ORIENTED_EDGE('',*,*,#3339,.F.);
#4721=ORIENTED_EDGE('',*,*,#3343,.T.);
#4722=ORIENTED_EDGE('',*,*,#3316,.F.);
#4723=ORIENTED_EDGE('',*,*,#3324,.T.);
#4724=ORIENTED_EDGE('',*,*,#3335,.F.);
#4725=ORIENTED_EDGE('',*,*,#3401,.T.);
#4726=ORIENTED_EDGE('',*,*,#3314,.F.);
#4727=ORIENTED_EDGE('',*,*,#3401,.F.);
#4728=ORIENTED_EDGE('',*,*,#3337,.F.);
#4729=ORIENTED_EDGE('',*,*,#3400,.F.);
#4730=ORIENTED_EDGE('',*,*,#3392,.F.);
#4731=ORIENTED_EDGE('',*,*,#3402,.T.);
#4732=ORIENTED_EDGE('',*,*,#2900,.T.);
#4733=ORIENTED_EDGE('',*,*,#3403,.T.);
#4734=ORIENTED_EDGE('',*,*,#3402,.F.);
#4735=ORIENTED_EDGE('',*,*,#3399,.F.);
#4736=ORIENTED_EDGE('',*,*,#3404,.F.);
#4737=ORIENTED_EDGE('',*,*,#2901,.F.);
#4738=ORIENTED_EDGE('',*,*,#3394,.F.);
#4739=ORIENTED_EDGE('',*,*,#3405,.T.);
#4740=ORIENTED_EDGE('',*,*,#2898,.T.);
#4741=ORIENTED_EDGE('',*,*,#3406,.T.);
#4742=ORIENTED_EDGE('',*,*,#3406,.F.);
#4743=ORIENTED_EDGE('',*,*,#2897,.F.);
#4744=ORIENTED_EDGE('',*,*,#3407,.F.);
#4745=ORIENTED_EDGE('',*,*,#3395,.F.);
#4746=ORIENTED_EDGE('',*,*,#3396,.F.);
#4747=ORIENTED_EDGE('',*,*,#3407,.T.);
#4748=ORIENTED_EDGE('',*,*,#2904,.T.);
#4749=ORIENTED_EDGE('',*,*,#3408,.T.);
#4750=ORIENTED_EDGE('',*,*,#3398,.F.);
#4751=ORIENTED_EDGE('',*,*,#3409,.T.);
#4752=ORIENTED_EDGE('',*,*,#2902,.T.);
#4753=ORIENTED_EDGE('',*,*,#3404,.T.);
#4754=ORIENTED_EDGE('',*,*,#3403,.F.);
#4755=ORIENTED_EDGE('',*,*,#2899,.F.);
#4756=ORIENTED_EDGE('',*,*,#3405,.F.);
#4757=ORIENTED_EDGE('',*,*,#3393,.F.);
#4758=ORIENTED_EDGE('',*,*,#3408,.F.);
#4759=ORIENTED_EDGE('',*,*,#2903,.F.);
#4760=ORIENTED_EDGE('',*,*,#3409,.F.);
#4761=ORIENTED_EDGE('',*,*,#3397,.F.);
#4762=ORIENTED_EDGE('',*,*,#3410,.T.);
#4763=ORIENTED_EDGE('',*,*,#3221,.T.);
#4764=ORIENTED_EDGE('',*,*,#3411,.T.);
#4765=ORIENTED_EDGE('',*,*,#3412,.T.);
#4766=ORIENTED_EDGE('',*,*,#3413,.T.);
#4767=ORIENTED_EDGE('',*,*,#3414,.T.);
#4768=ORIENTED_EDGE('',*,*,#3411,.F.);
#4769=ORIENTED_EDGE('',*,*,#3228,.T.);
#4770=ORIENTED_EDGE('',*,*,#3415,.T.);
#4771=ORIENTED_EDGE('',*,*,#3416,.T.);
#4772=ORIENTED_EDGE('',*,*,#3413,.F.);
#4773=ORIENTED_EDGE('',*,*,#3227,.T.);
#4774=ORIENTED_EDGE('',*,*,#3417,.T.);
#4775=ORIENTED_EDGE('',*,*,#3418,.T.);
#4776=ORIENTED_EDGE('',*,*,#3415,.F.);
#4777=ORIENTED_EDGE('',*,*,#3226,.T.);
#4778=ORIENTED_EDGE('',*,*,#3419,.T.);
#4779=ORIENTED_EDGE('',*,*,#3420,.T.);
#4780=ORIENTED_EDGE('',*,*,#3417,.F.);
#4781=ORIENTED_EDGE('',*,*,#3225,.T.);
#4782=ORIENTED_EDGE('',*,*,#3421,.T.);
#4783=ORIENTED_EDGE('',*,*,#3422,.T.);
#4784=ORIENTED_EDGE('',*,*,#3419,.F.);
#4785=ORIENTED_EDGE('',*,*,#3224,.T.);
#4786=ORIENTED_EDGE('',*,*,#3423,.T.);
#4787=ORIENTED_EDGE('',*,*,#3424,.T.);
#4788=ORIENTED_EDGE('',*,*,#3421,.F.);
#4789=ORIENTED_EDGE('',*,*,#3223,.T.);
#4790=ORIENTED_EDGE('',*,*,#3423,.F.);
#4791=ORIENTED_EDGE('',*,*,#3222,.T.);
#4792=ORIENTED_EDGE('',*,*,#3410,.F.);
#4793=ORIENTED_EDGE('',*,*,#3425,.T.);
#4794=ORIENTED_EDGE('',*,*,#3422,.F.);
#4795=ORIENTED_EDGE('',*,*,#3426,.F.);
#4796=ORIENTED_EDGE('',*,*,#3427,.F.);
#4797=ORIENTED_EDGE('',*,*,#3428,.F.);
#4798=ORIENTED_EDGE('',*,*,#3424,.F.);
#4799=ORIENTED_EDGE('',*,*,#3429,.T.);
#4800=ORIENTED_EDGE('',*,*,#3430,.F.);
#4801=ORIENTED_EDGE('',*,*,#3426,.T.);
#4802=ORIENTED_EDGE('',*,*,#3425,.F.);
#4803=ORIENTED_EDGE('',*,*,#3431,.F.);
#4804=ORIENTED_EDGE('',*,*,#3432,.F.);
#4805=ORIENTED_EDGE('',*,*,#3429,.F.);
#4806=ORIENTED_EDGE('',*,*,#3412,.F.);
#4807=ORIENTED_EDGE('',*,*,#3433,.T.);
#4808=ORIENTED_EDGE('',*,*,#3434,.F.);
#4809=ORIENTED_EDGE('',*,*,#3431,.T.);
#4810=ORIENTED_EDGE('',*,*,#3435,.T.);
#4811=ORIENTED_EDGE('',*,*,#3025,.T.);
#4812=ORIENTED_EDGE('',*,*,#3436,.T.);
#4813=ORIENTED_EDGE('',*,*,#3437,.T.);
#4814=ORIENTED_EDGE('',*,*,#3438,.T.);
#4815=ORIENTED_EDGE('',*,*,#3439,.T.);
#4816=ORIENTED_EDGE('',*,*,#3436,.F.);
#4817=ORIENTED_EDGE('',*,*,#3032,.T.);
#4818=ORIENTED_EDGE('',*,*,#3440,.T.);
#4819=ORIENTED_EDGE('',*,*,#3434,.T.);
#4820=ORIENTED_EDGE('',*,*,#3438,.F.);
#4821=ORIENTED_EDGE('',*,*,#3031,.T.);
#4822=ORIENTED_EDGE('',*,*,#3441,.T.);
#4823=ORIENTED_EDGE('',*,*,#3432,.T.);
#4824=ORIENTED_EDGE('',*,*,#3440,.F.);
#4825=ORIENTED_EDGE('',*,*,#3030,.T.);
#4826=ORIENTED_EDGE('',*,*,#3442,.T.);
#4827=ORIENTED_EDGE('',*,*,#3430,.T.);
#4828=ORIENTED_EDGE('',*,*,#3441,.F.);
#4829=ORIENTED_EDGE('',*,*,#3029,.T.);
#4830=ORIENTED_EDGE('',*,*,#3443,.T.);
#4831=ORIENTED_EDGE('',*,*,#3427,.T.);
#4832=ORIENTED_EDGE('',*,*,#3442,.F.);
#4833=ORIENTED_EDGE('',*,*,#3028,.T.);
#4834=ORIENTED_EDGE('',*,*,#3444,.T.);
#4835=ORIENTED_EDGE('',*,*,#3445,.T.);
#4836=ORIENTED_EDGE('',*,*,#3443,.F.);
#4837=ORIENTED_EDGE('',*,*,#3027,.T.);
#4838=ORIENTED_EDGE('',*,*,#3444,.F.);
#4839=ORIENTED_EDGE('',*,*,#3026,.T.);
#4840=ORIENTED_EDGE('',*,*,#3435,.F.);
#4841=ORIENTED_EDGE('',*,*,#3446,.T.);
#4842=ORIENTED_EDGE('',*,*,#3420,.F.);
#4843=ORIENTED_EDGE('',*,*,#3428,.T.);
#4844=ORIENTED_EDGE('',*,*,#3445,.F.);
#4845=ORIENTED_EDGE('',*,*,#3447,.T.);
#4846=ORIENTED_EDGE('',*,*,#3418,.F.);
#4847=ORIENTED_EDGE('',*,*,#3447,.F.);
#4848=ORIENTED_EDGE('',*,*,#3446,.F.);
#4849=ORIENTED_EDGE('',*,*,#3448,.F.);
#4850=ORIENTED_EDGE('',*,*,#3416,.F.);
#4851=ORIENTED_EDGE('',*,*,#3448,.T.);
#4852=ORIENTED_EDGE('',*,*,#3437,.F.);
#4853=ORIENTED_EDGE('',*,*,#3449,.T.);
#4854=ORIENTED_EDGE('',*,*,#3450,.T.);
#4855=ORIENTED_EDGE('',*,*,#3261,.T.);
#4856=ORIENTED_EDGE('',*,*,#3451,.T.);
#4857=ORIENTED_EDGE('',*,*,#3452,.T.);
#4858=ORIENTED_EDGE('',*,*,#3453,.T.);
#4859=ORIENTED_EDGE('',*,*,#3454,.T.);
#4860=ORIENTED_EDGE('',*,*,#3451,.F.);
#4861=ORIENTED_EDGE('',*,*,#3268,.T.);
#4862=ORIENTED_EDGE('',*,*,#3455,.T.);
#4863=ORIENTED_EDGE('',*,*,#3456,.T.);
#4864=ORIENTED_EDGE('',*,*,#3453,.F.);
#4865=ORIENTED_EDGE('',*,*,#3267,.T.);
#4866=ORIENTED_EDGE('',*,*,#3457,.T.);
#4867=ORIENTED_EDGE('',*,*,#3458,.T.);
#4868=ORIENTED_EDGE('',*,*,#3455,.F.);
#4869=ORIENTED_EDGE('',*,*,#3266,.T.);
#4870=ORIENTED_EDGE('',*,*,#3459,.T.);
#4871=ORIENTED_EDGE('',*,*,#3460,.T.);
#4872=ORIENTED_EDGE('',*,*,#3457,.F.);
#4873=ORIENTED_EDGE('',*,*,#3265,.T.);
#4874=ORIENTED_EDGE('',*,*,#3461,.T.);
#4875=ORIENTED_EDGE('',*,*,#3462,.T.);
#4876=ORIENTED_EDGE('',*,*,#3459,.F.);
#4877=ORIENTED_EDGE('',*,*,#3264,.T.);
#4878=ORIENTED_EDGE('',*,*,#3463,.T.);
#4879=ORIENTED_EDGE('',*,*,#3464,.T.);
#4880=ORIENTED_EDGE('',*,*,#3461,.F.);
#4881=ORIENTED_EDGE('',*,*,#3263,.T.);
#4882=ORIENTED_EDGE('',*,*,#3463,.F.);
#4883=ORIENTED_EDGE('',*,*,#3262,.T.);
#4884=ORIENTED_EDGE('',*,*,#3450,.F.);
#4885=ORIENTED_EDGE('',*,*,#3465,.T.);
#4886=ORIENTED_EDGE('',*,*,#3462,.F.);
#4887=ORIENTED_EDGE('',*,*,#3466,.F.);
#4888=ORIENTED_EDGE('',*,*,#3467,.F.);
#4889=ORIENTED_EDGE('',*,*,#3468,.F.);
#4890=ORIENTED_EDGE('',*,*,#3464,.F.);
#4891=ORIENTED_EDGE('',*,*,#3469,.T.);
#4892=ORIENTED_EDGE('',*,*,#3470,.F.);
#4893=ORIENTED_EDGE('',*,*,#3466,.T.);
#4894=ORIENTED_EDGE('',*,*,#3465,.F.);
#4895=ORIENTED_EDGE('',*,*,#3471,.F.);
#4896=ORIENTED_EDGE('',*,*,#3472,.F.);
#4897=ORIENTED_EDGE('',*,*,#3469,.F.);
#4898=ORIENTED_EDGE('',*,*,#3452,.F.);
#4899=ORIENTED_EDGE('',*,*,#3473,.T.);
#4900=ORIENTED_EDGE('',*,*,#3474,.F.);
#4901=ORIENTED_EDGE('',*,*,#3471,.T.);
#4902=ORIENTED_EDGE('',*,*,#3475,.T.);
#4903=ORIENTED_EDGE('',*,*,#3476,.T.);
#4904=ORIENTED_EDGE('',*,*,#3477,.T.);
#4905=ORIENTED_EDGE('',*,*,#3472,.T.);
#4906=ORIENTED_EDGE('',*,*,#3478,.T.);
#4907=ORIENTED_EDGE('',*,*,#3470,.T.);
#4908=ORIENTED_EDGE('',*,*,#3477,.F.);
#4909=ORIENTED_EDGE('',*,*,#3479,.T.);
#4910=ORIENTED_EDGE('',*,*,#3480,.T.);
#4911=ORIENTED_EDGE('',*,*,#3467,.T.);
#4912=ORIENTED_EDGE('',*,*,#3478,.F.);
#4913=ORIENTED_EDGE('',*,*,#3481,.T.);
#4914=ORIENTED_EDGE('',*,*,#3482,.T.);
#4915=ORIENTED_EDGE('',*,*,#3483,.T.);
#4916=ORIENTED_EDGE('',*,*,#3480,.F.);
#4917=ORIENTED_EDGE('',*,*,#3484,.T.);
#4918=ORIENTED_EDGE('',*,*,#3485,.T.);
#4919=ORIENTED_EDGE('',*,*,#3486,.T.);
#4920=ORIENTED_EDGE('',*,*,#3482,.F.);
#4921=ORIENTED_EDGE('',*,*,#3487,.T.);
#4922=ORIENTED_EDGE('',*,*,#3488,.T.);
#4923=ORIENTED_EDGE('',*,*,#3489,.T.);
#4924=ORIENTED_EDGE('',*,*,#3485,.F.);
#4925=ORIENTED_EDGE('',*,*,#3490,.T.);
#4926=ORIENTED_EDGE('',*,*,#3491,.T.);
#4927=ORIENTED_EDGE('',*,*,#3492,.T.);
#4928=ORIENTED_EDGE('',*,*,#3488,.F.);
#4929=ORIENTED_EDGE('',*,*,#3493,.T.);
#4930=ORIENTED_EDGE('',*,*,#3475,.F.);
#4931=ORIENTED_EDGE('',*,*,#3474,.T.);
#4932=ORIENTED_EDGE('',*,*,#3491,.F.);
#4933=ORIENTED_EDGE('',*,*,#3494,.T.);
#4934=ORIENTED_EDGE('',*,*,#3456,.F.);
#4935=ORIENTED_EDGE('',*,*,#3495,.T.);
#4936=ORIENTED_EDGE('',*,*,#3489,.F.);
#4937=ORIENTED_EDGE('',*,*,#3496,.T.);
#4938=ORIENTED_EDGE('',*,*,#3454,.F.);
#4939=ORIENTED_EDGE('',*,*,#3496,.F.);
#4940=ORIENTED_EDGE('',*,*,#3492,.F.);
#4941=ORIENTED_EDGE('',*,*,#3473,.F.);
#4942=ORIENTED_EDGE('',*,*,#3497,.T.);
#4943=ORIENTED_EDGE('',*,*,#3498,.F.);
#4944=ORIENTED_EDGE('',*,*,#3499,.T.);
#4945=ORIENTED_EDGE('',*,*,#3500,.F.);
#4946=ORIENTED_EDGE('',*,*,#3501,.T.);
#4947=ORIENTED_EDGE('',*,*,#3502,.F.);
#4948=ORIENTED_EDGE('',*,*,#3503,.T.);
#4949=ORIENTED_EDGE('',*,*,#3504,.F.);
#4950=ORIENTED_EDGE('',*,*,#3476,.F.);
#4951=ORIENTED_EDGE('',*,*,#3494,.F.);
#4952=ORIENTED_EDGE('',*,*,#3493,.F.);
#4953=ORIENTED_EDGE('',*,*,#3490,.F.);
#4954=ORIENTED_EDGE('',*,*,#3487,.F.);
#4955=ORIENTED_EDGE('',*,*,#3484,.F.);
#4956=ORIENTED_EDGE('',*,*,#3481,.F.);
#4957=ORIENTED_EDGE('',*,*,#3479,.F.);
#4958=ORIENTED_EDGE('',*,*,#3460,.F.);
#4959=ORIENTED_EDGE('',*,*,#3468,.T.);
#4960=ORIENTED_EDGE('',*,*,#3483,.F.);
#4961=ORIENTED_EDGE('',*,*,#3505,.T.);
#4962=ORIENTED_EDGE('',*,*,#3458,.F.);
#4963=ORIENTED_EDGE('',*,*,#3505,.F.);
#4964=ORIENTED_EDGE('',*,*,#3486,.F.);
#4965=ORIENTED_EDGE('',*,*,#3495,.F.);
#4966=ORIENTED_EDGE('',*,*,#3414,.F.);
#4967=ORIENTED_EDGE('',*,*,#3449,.F.);
#4968=ORIENTED_EDGE('',*,*,#3439,.F.);
#4969=ORIENTED_EDGE('',*,*,#3433,.F.);
#4970=ORIENTED_EDGE('',*,*,#3497,.F.);
#4971=ORIENTED_EDGE('',*,*,#3506,.T.);
#4972=ORIENTED_EDGE('',*,*,#2910,.T.);
#4973=ORIENTED_EDGE('',*,*,#3507,.T.);
#4974=ORIENTED_EDGE('',*,*,#3507,.F.);
#4975=ORIENTED_EDGE('',*,*,#2909,.F.);
#4976=ORIENTED_EDGE('',*,*,#3508,.F.);
#4977=ORIENTED_EDGE('',*,*,#3498,.T.);
#4978=ORIENTED_EDGE('',*,*,#3503,.F.);
#4979=ORIENTED_EDGE('',*,*,#3509,.T.);
#4980=ORIENTED_EDGE('',*,*,#2912,.T.);
#4981=ORIENTED_EDGE('',*,*,#3510,.T.);
#4982=ORIENTED_EDGE('',*,*,#3506,.F.);
#4983=ORIENTED_EDGE('',*,*,#3504,.T.);
#4984=ORIENTED_EDGE('',*,*,#3510,.F.);
#4985=ORIENTED_EDGE('',*,*,#2911,.F.);
#4986=ORIENTED_EDGE('',*,*,#3501,.F.);
#4987=ORIENTED_EDGE('',*,*,#3511,.T.);
#4988=ORIENTED_EDGE('',*,*,#2906,.T.);
#4989=ORIENTED_EDGE('',*,*,#3512,.T.);
#4990=ORIENTED_EDGE('',*,*,#3509,.F.);
#4991=ORIENTED_EDGE('',*,*,#3502,.T.);
#4992=ORIENTED_EDGE('',*,*,#3512,.F.);
#4993=ORIENTED_EDGE('',*,*,#2905,.F.);
#4994=ORIENTED_EDGE('',*,*,#3499,.F.);
#4995=ORIENTED_EDGE('',*,*,#3508,.T.);
#4996=ORIENTED_EDGE('',*,*,#2908,.T.);
#4997=ORIENTED_EDGE('',*,*,#3513,.T.);
#4998=ORIENTED_EDGE('',*,*,#3511,.F.);
#4999=ORIENTED_EDGE('',*,*,#3500,.T.);
#5000=ORIENTED_EDGE('',*,*,#3513,.F.);
#5001=ORIENTED_EDGE('',*,*,#2907,.F.);
#5002=ORIENTED_EDGE('',*,*,#3514,.T.);
#5003=ORIENTED_EDGE('',*,*,#3515,.T.);
#5004=ORIENTED_EDGE('',*,*,#3516,.T.);
#5005=ORIENTED_EDGE('',*,*,#3517,.T.);
#5006=ORIENTED_EDGE('',*,*,#3518,.T.);
#5007=ORIENTED_EDGE('',*,*,#3519,.T.);
#5008=ORIENTED_EDGE('',*,*,#3516,.F.);
#5009=ORIENTED_EDGE('',*,*,#3520,.T.);
#5010=ORIENTED_EDGE('',*,*,#3521,.T.);
#5011=ORIENTED_EDGE('',*,*,#3522,.T.);
#5012=ORIENTED_EDGE('',*,*,#3518,.F.);
#5013=ORIENTED_EDGE('',*,*,#3523,.T.);
#5014=ORIENTED_EDGE('',*,*,#3524,.T.);
#5015=ORIENTED_EDGE('',*,*,#3525,.T.);
#5016=ORIENTED_EDGE('',*,*,#3521,.F.);
#5017=ORIENTED_EDGE('',*,*,#3526,.T.);
#5018=ORIENTED_EDGE('',*,*,#3527,.T.);
#5019=ORIENTED_EDGE('',*,*,#3528,.T.);
#5020=ORIENTED_EDGE('',*,*,#3524,.F.);
#5021=ORIENTED_EDGE('',*,*,#3529,.T.);
#5022=ORIENTED_EDGE('',*,*,#3530,.T.);
#5023=ORIENTED_EDGE('',*,*,#3531,.T.);
#5024=ORIENTED_EDGE('',*,*,#3527,.F.);
#5025=ORIENTED_EDGE('',*,*,#3532,.T.);
#5026=ORIENTED_EDGE('',*,*,#3533,.T.);
#5027=ORIENTED_EDGE('',*,*,#3534,.T.);
#5028=ORIENTED_EDGE('',*,*,#3530,.F.);
#5029=ORIENTED_EDGE('',*,*,#3535,.T.);
#5030=ORIENTED_EDGE('',*,*,#3533,.F.);
#5031=ORIENTED_EDGE('',*,*,#3536,.T.);
#5032=ORIENTED_EDGE('',*,*,#3514,.F.);
#5033=ORIENTED_EDGE('',*,*,#3537,.T.);
#5034=ORIENTED_EDGE('',*,*,#3526,.F.);
#5035=ORIENTED_EDGE('',*,*,#3538,.T.);
#5036=ORIENTED_EDGE('',*,*,#3539,.F.);
#5037=ORIENTED_EDGE('',*,*,#3540,.T.);
#5038=ORIENTED_EDGE('',*,*,#3523,.F.);
#5039=ORIENTED_EDGE('',*,*,#3541,.F.);
#5040=ORIENTED_EDGE('',*,*,#3542,.F.);
#5041=ORIENTED_EDGE('',*,*,#3538,.F.);
#5042=ORIENTED_EDGE('',*,*,#3520,.F.);
#5043=ORIENTED_EDGE('',*,*,#3543,.T.);
#5044=ORIENTED_EDGE('',*,*,#3544,.F.);
#5045=ORIENTED_EDGE('',*,*,#3541,.T.);
#5046=ORIENTED_EDGE('',*,*,#3515,.F.);
#5047=ORIENTED_EDGE('',*,*,#3545,.F.);
#5048=ORIENTED_EDGE('',*,*,#3546,.F.);
#5049=ORIENTED_EDGE('',*,*,#3543,.F.);
#5050=ORIENTED_EDGE('',*,*,#3517,.F.);
#5051=ORIENTED_EDGE('',*,*,#3519,.F.);
#5052=ORIENTED_EDGE('',*,*,#3522,.F.);
#5053=ORIENTED_EDGE('',*,*,#3525,.F.);
#5054=ORIENTED_EDGE('',*,*,#3528,.F.);
#5055=ORIENTED_EDGE('',*,*,#3531,.F.);
#5056=ORIENTED_EDGE('',*,*,#3534,.F.);
#5057=ORIENTED_EDGE('',*,*,#3537,.F.);
#5058=ORIENTED_EDGE('',*,*,#3547,.F.);
#5059=ORIENTED_EDGE('',*,*,#3548,.F.);
#5060=ORIENTED_EDGE('',*,*,#3549,.F.);
#5061=ORIENTED_EDGE('',*,*,#3550,.F.);
#5062=ORIENTED_EDGE('',*,*,#3551,.F.);
#5063=ORIENTED_EDGE('',*,*,#3552,.F.);
#5064=ORIENTED_EDGE('',*,*,#3553,.F.);
#5065=ORIENTED_EDGE('',*,*,#3554,.F.);
#5066=ORIENTED_EDGE('',*,*,#3555,.T.);
#5067=ORIENTED_EDGE('',*,*,#3556,.T.);
#5068=ORIENTED_EDGE('',*,*,#3557,.T.);
#5069=ORIENTED_EDGE('',*,*,#3539,.T.);
#5070=ORIENTED_EDGE('',*,*,#3558,.T.);
#5071=ORIENTED_EDGE('',*,*,#3559,.T.);
#5072=ORIENTED_EDGE('',*,*,#3557,.F.);
#5073=ORIENTED_EDGE('',*,*,#3560,.T.);
#5074=ORIENTED_EDGE('',*,*,#3561,.T.);
#5075=ORIENTED_EDGE('',*,*,#3562,.T.);
#5076=ORIENTED_EDGE('',*,*,#3558,.F.);
#5077=ORIENTED_EDGE('',*,*,#3563,.T.);
#5078=ORIENTED_EDGE('',*,*,#3564,.T.);
#5079=ORIENTED_EDGE('',*,*,#3565,.T.);
#5080=ORIENTED_EDGE('',*,*,#3561,.F.);
#5081=ORIENTED_EDGE('',*,*,#3566,.T.);
#5082=ORIENTED_EDGE('',*,*,#3567,.T.);
#5083=ORIENTED_EDGE('',*,*,#3568,.T.);
#5084=ORIENTED_EDGE('',*,*,#3564,.F.);
#5085=ORIENTED_EDGE('',*,*,#3569,.T.);
#5086=ORIENTED_EDGE('',*,*,#3570,.T.);
#5087=ORIENTED_EDGE('',*,*,#3546,.T.);
#5088=ORIENTED_EDGE('',*,*,#3567,.F.);
#5089=ORIENTED_EDGE('',*,*,#3571,.T.);
#5090=ORIENTED_EDGE('',*,*,#3572,.T.);
#5091=ORIENTED_EDGE('',*,*,#3544,.T.);
#5092=ORIENTED_EDGE('',*,*,#3570,.F.);
#5093=ORIENTED_EDGE('',*,*,#3573,.T.);
#5094=ORIENTED_EDGE('',*,*,#3555,.F.);
#5095=ORIENTED_EDGE('',*,*,#3542,.T.);
#5096=ORIENTED_EDGE('',*,*,#3572,.F.);
#5097=ORIENTED_EDGE('',*,*,#3574,.T.);
#5098=ORIENTED_EDGE('',*,*,#3556,.F.);
#5099=ORIENTED_EDGE('',*,*,#3574,.F.);
#5100=ORIENTED_EDGE('',*,*,#3573,.F.);
#5101=ORIENTED_EDGE('',*,*,#3571,.F.);
#5102=ORIENTED_EDGE('',*,*,#3569,.F.);
#5103=ORIENTED_EDGE('',*,*,#3566,.F.);
#5104=ORIENTED_EDGE('',*,*,#3563,.F.);
#5105=ORIENTED_EDGE('',*,*,#3560,.F.);
#5106=ORIENTED_EDGE('',*,*,#3575,.F.);
#5107=ORIENTED_EDGE('',*,*,#3576,.F.);
#5108=ORIENTED_EDGE('',*,*,#3577,.F.);
#5109=ORIENTED_EDGE('',*,*,#3578,.F.);
#5110=ORIENTED_EDGE('',*,*,#3579,.F.);
#5111=ORIENTED_EDGE('',*,*,#3580,.F.);
#5112=ORIENTED_EDGE('',*,*,#3581,.F.);
#5113=ORIENTED_EDGE('',*,*,#3582,.F.);
#5114=ORIENTED_EDGE('',*,*,#3583,.F.);
#5115=ORIENTED_EDGE('',*,*,#3584,.F.);
#5116=ORIENTED_EDGE('',*,*,#3585,.F.);
#5117=ORIENTED_EDGE('',*,*,#3586,.F.);
#5118=ORIENTED_EDGE('',*,*,#3585,.T.);
#5119=ORIENTED_EDGE('',*,*,#3587,.T.);
#5120=ORIENTED_EDGE('',*,*,#3582,.T.);
#5121=ORIENTED_EDGE('',*,*,#3588,.T.);
#5122=ORIENTED_EDGE('',*,*,#3579,.T.);
#5123=ORIENTED_EDGE('',*,*,#3589,.T.);
#5124=ORIENTED_EDGE('',*,*,#3586,.T.);
#5125=ORIENTED_EDGE('',*,*,#3590,.T.);
#5126=ORIENTED_EDGE('',*,*,#3548,.T.);
#5127=ORIENTED_EDGE('',*,*,#3591,.T.);
#5128=ORIENTED_EDGE('',*,*,#3584,.T.);
#5129=ORIENTED_EDGE('',*,*,#3592,.T.);
#5130=ORIENTED_EDGE('',*,*,#3554,.T.);
#5131=ORIENTED_EDGE('',*,*,#3593,.T.);
#5132=ORIENTED_EDGE('',*,*,#3583,.T.);
#5133=ORIENTED_EDGE('',*,*,#3594,.T.);
#5134=ORIENTED_EDGE('',*,*,#3581,.T.);
#5135=ORIENTED_EDGE('',*,*,#3595,.T.);
#5136=ORIENTED_EDGE('',*,*,#3577,.T.);
#5137=ORIENTED_EDGE('',*,*,#3596,.T.);
#5138=ORIENTED_EDGE('',*,*,#3576,.T.);
#5139=ORIENTED_EDGE('',*,*,#3597,.T.);
#5140=ORIENTED_EDGE('',*,*,#3580,.T.);
#5141=ORIENTED_EDGE('',*,*,#3598,.T.);
#5142=ORIENTED_EDGE('',*,*,#3550,.T.);
#5143=ORIENTED_EDGE('',*,*,#3599,.T.);
#5144=ORIENTED_EDGE('',*,*,#3578,.T.);
#5145=ORIENTED_EDGE('',*,*,#3600,.T.);
#5146=ORIENTED_EDGE('',*,*,#3552,.T.);
#5147=ORIENTED_EDGE('',*,*,#3601,.T.);
#5148=ORIENTED_EDGE('',*,*,#3575,.T.);
#5149=ORIENTED_EDGE('',*,*,#3602,.T.);
#5150=ORIENTED_EDGE('',*,*,#3592,.F.);
#5151=ORIENTED_EDGE('',*,*,#3589,.F.);
#5152=ORIENTED_EDGE('',*,*,#3599,.F.);
#5153=ORIENTED_EDGE('',*,*,#3549,.T.);
#5154=ORIENTED_EDGE('',*,*,#3600,.F.);
#5155=ORIENTED_EDGE('',*,*,#3597,.F.);
#5156=ORIENTED_EDGE('',*,*,#3601,.F.);
#5157=ORIENTED_EDGE('',*,*,#3551,.T.);
#5158=ORIENTED_EDGE('',*,*,#3588,.F.);
#5159=ORIENTED_EDGE('',*,*,#3596,.F.);
#5160=ORIENTED_EDGE('',*,*,#3598,.F.);
#5161=ORIENTED_EDGE('',*,*,#3590,.F.);
#5162=ORIENTED_EDGE('',*,*,#3532,.F.);
#5163=ORIENTED_EDGE('',*,*,#3603,.T.);
#5164=ORIENTED_EDGE('',*,*,#3562,.F.);
#5165=ORIENTED_EDGE('',*,*,#3604,.T.);
#5166=ORIENTED_EDGE('',*,*,#3535,.F.);
#5167=ORIENTED_EDGE('',*,*,#3604,.F.);
#5168=ORIENTED_EDGE('',*,*,#3565,.F.);
#5169=ORIENTED_EDGE('',*,*,#3605,.F.);
#5170=ORIENTED_EDGE('',*,*,#3536,.F.);
#5171=ORIENTED_EDGE('',*,*,#3605,.T.);
#5172=ORIENTED_EDGE('',*,*,#3568,.F.);
#5173=ORIENTED_EDGE('',*,*,#3545,.T.);
#5174=ORIENTED_EDGE('',*,*,#3529,.F.);
#5175=ORIENTED_EDGE('',*,*,#3540,.F.);
#5176=ORIENTED_EDGE('',*,*,#3559,.F.);
#5177=ORIENTED_EDGE('',*,*,#3603,.F.);
#5178=ORIENTED_EDGE('',*,*,#3591,.F.);
#5179=ORIENTED_EDGE('',*,*,#3547,.T.);
#5180=ORIENTED_EDGE('',*,*,#3594,.F.);
#5181=ORIENTED_EDGE('',*,*,#3587,.F.);
#5182=ORIENTED_EDGE('',*,*,#3593,.F.);
#5183=ORIENTED_EDGE('',*,*,#3553,.T.);
#5184=ORIENTED_EDGE('',*,*,#3602,.F.);
#5185=ORIENTED_EDGE('',*,*,#3595,.F.);
#5186=ORIENTED_EDGE('',*,*,#3606,.T.);
#5187=ORIENTED_EDGE('',*,*,#3607,.T.);
#5188=ORIENTED_EDGE('',*,*,#3608,.T.);
#5189=ORIENTED_EDGE('',*,*,#3609,.T.);
#5190=ORIENTED_EDGE('',*,*,#3610,.T.);
#5191=ORIENTED_EDGE('',*,*,#3611,.T.);
#5192=ORIENTED_EDGE('',*,*,#3608,.F.);
#5193=ORIENTED_EDGE('',*,*,#3612,.T.);
#5194=ORIENTED_EDGE('',*,*,#3613,.T.);
#5195=ORIENTED_EDGE('',*,*,#3614,.T.);
#5196=ORIENTED_EDGE('',*,*,#3610,.F.);
#5197=ORIENTED_EDGE('',*,*,#3615,.T.);
#5198=ORIENTED_EDGE('',*,*,#3616,.T.);
#5199=ORIENTED_EDGE('',*,*,#3617,.T.);
#5200=ORIENTED_EDGE('',*,*,#3613,.F.);
#5201=ORIENTED_EDGE('',*,*,#3618,.T.);
#5202=ORIENTED_EDGE('',*,*,#3619,.T.);
#5203=ORIENTED_EDGE('',*,*,#3620,.T.);
#5204=ORIENTED_EDGE('',*,*,#3616,.F.);
#5205=ORIENTED_EDGE('',*,*,#3621,.T.);
#5206=ORIENTED_EDGE('',*,*,#3622,.T.);
#5207=ORIENTED_EDGE('',*,*,#3623,.T.);
#5208=ORIENTED_EDGE('',*,*,#3619,.F.);
#5209=ORIENTED_EDGE('',*,*,#3624,.T.);
#5210=ORIENTED_EDGE('',*,*,#3625,.T.);
#5211=ORIENTED_EDGE('',*,*,#3626,.T.);
#5212=ORIENTED_EDGE('',*,*,#3622,.F.);
#5213=ORIENTED_EDGE('',*,*,#3627,.T.);
#5214=ORIENTED_EDGE('',*,*,#3606,.F.);
#5215=ORIENTED_EDGE('',*,*,#3628,.T.);
#5216=ORIENTED_EDGE('',*,*,#3625,.F.);
#5217=ORIENTED_EDGE('',*,*,#3629,.T.);
#5218=ORIENTED_EDGE('',*,*,#3623,.F.);
#5219=ORIENTED_EDGE('',*,*,#3630,.T.);
#5220=ORIENTED_EDGE('',*,*,#3631,.F.);
#5221=ORIENTED_EDGE('',*,*,#3632,.T.);
#5222=ORIENTED_EDGE('',*,*,#3626,.F.);
#5223=ORIENTED_EDGE('',*,*,#3633,.F.);
#5224=ORIENTED_EDGE('',*,*,#3634,.F.);
#5225=ORIENTED_EDGE('',*,*,#3630,.F.);
#5226=ORIENTED_EDGE('',*,*,#3628,.F.);
#5227=ORIENTED_EDGE('',*,*,#3635,.T.);
#5228=ORIENTED_EDGE('',*,*,#3636,.F.);
#5229=ORIENTED_EDGE('',*,*,#3633,.T.);
#5230=ORIENTED_EDGE('',*,*,#3609,.F.);
#5231=ORIENTED_EDGE('',*,*,#3637,.F.);
#5232=ORIENTED_EDGE('',*,*,#3638,.F.);
#5233=ORIENTED_EDGE('',*,*,#3635,.F.);
#5234=ORIENTED_EDGE('',*,*,#3607,.F.);
#5235=ORIENTED_EDGE('',*,*,#3629,.F.);
#5236=ORIENTED_EDGE('',*,*,#3627,.F.);
#5237=ORIENTED_EDGE('',*,*,#3624,.F.);
#5238=ORIENTED_EDGE('',*,*,#3621,.F.);
#5239=ORIENTED_EDGE('',*,*,#3618,.F.);
#5240=ORIENTED_EDGE('',*,*,#3615,.F.);
#5241=ORIENTED_EDGE('',*,*,#3612,.F.);
#5242=ORIENTED_EDGE('',*,*,#3639,.F.);
#5243=ORIENTED_EDGE('',*,*,#3640,.F.);
#5244=ORIENTED_EDGE('',*,*,#3641,.F.);
#5245=ORIENTED_EDGE('',*,*,#3642,.F.);
#5246=ORIENTED_EDGE('',*,*,#3643,.F.);
#5247=ORIENTED_EDGE('',*,*,#3644,.F.);
#5248=ORIENTED_EDGE('',*,*,#3645,.F.);
#5249=ORIENTED_EDGE('',*,*,#3646,.F.);
#5250=ORIENTED_EDGE('',*,*,#3647,.T.);
#5251=ORIENTED_EDGE('',*,*,#3648,.T.);
#5252=ORIENTED_EDGE('',*,*,#3649,.T.);
#5253=ORIENTED_EDGE('',*,*,#3650,.T.);
#5254=ORIENTED_EDGE('',*,*,#3651,.T.);
#5255=ORIENTED_EDGE('',*,*,#3652,.T.);
#5256=ORIENTED_EDGE('',*,*,#3649,.F.);
#5257=ORIENTED_EDGE('',*,*,#3653,.T.);
#5258=ORIENTED_EDGE('',*,*,#3654,.T.);
#5259=ORIENTED_EDGE('',*,*,#3655,.T.);
#5260=ORIENTED_EDGE('',*,*,#3651,.F.);
#5261=ORIENTED_EDGE('',*,*,#3656,.T.);
#5262=ORIENTED_EDGE('',*,*,#3657,.T.);
#5263=ORIENTED_EDGE('',*,*,#3638,.T.);
#5264=ORIENTED_EDGE('',*,*,#3654,.F.);
#5265=ORIENTED_EDGE('',*,*,#3658,.T.);
#5266=ORIENTED_EDGE('',*,*,#3659,.T.);
#5267=ORIENTED_EDGE('',*,*,#3636,.T.);
#5268=ORIENTED_EDGE('',*,*,#3657,.F.);
#5269=ORIENTED_EDGE('',*,*,#3660,.T.);
#5270=ORIENTED_EDGE('',*,*,#3661,.T.);
#5271=ORIENTED_EDGE('',*,*,#3634,.T.);
#5272=ORIENTED_EDGE('',*,*,#3659,.F.);
#5273=ORIENTED_EDGE('',*,*,#3662,.T.);
#5274=ORIENTED_EDGE('',*,*,#3663,.T.);
#5275=ORIENTED_EDGE('',*,*,#3631,.T.);
#5276=ORIENTED_EDGE('',*,*,#3661,.F.);
#5277=ORIENTED_EDGE('',*,*,#3664,.T.);
#5278=ORIENTED_EDGE('',*,*,#3663,.F.);
#5279=ORIENTED_EDGE('',*,*,#3665,.T.);
#5280=ORIENTED_EDGE('',*,*,#3647,.F.);
#5281=ORIENTED_EDGE('',*,*,#3666,.T.);
#5282=ORIENTED_EDGE('',*,*,#3620,.F.);
#5283=ORIENTED_EDGE('',*,*,#3632,.F.);
#5284=ORIENTED_EDGE('',*,*,#3666,.F.);
#5285=ORIENTED_EDGE('',*,*,#3667,.F.);
#5286=ORIENTED_EDGE('',*,*,#3617,.F.);
#5287=ORIENTED_EDGE('',*,*,#3667,.T.);
#5288=ORIENTED_EDGE('',*,*,#3650,.F.);
#5289=ORIENTED_EDGE('',*,*,#3668,.T.);
#5290=ORIENTED_EDGE('',*,*,#3648,.F.);
#5291=ORIENTED_EDGE('',*,*,#3665,.F.);
#5292=ORIENTED_EDGE('',*,*,#3664,.F.);
#5293=ORIENTED_EDGE('',*,*,#3662,.F.);
#5294=ORIENTED_EDGE('',*,*,#3660,.F.);
#5295=ORIENTED_EDGE('',*,*,#3658,.F.);
#5296=ORIENTED_EDGE('',*,*,#3656,.F.);
#5297=ORIENTED_EDGE('',*,*,#3653,.F.);
#5298=ORIENTED_EDGE('',*,*,#3669,.F.);
#5299=ORIENTED_EDGE('',*,*,#3670,.F.);
#5300=ORIENTED_EDGE('',*,*,#3671,.F.);
#5301=ORIENTED_EDGE('',*,*,#3672,.F.);
#5302=ORIENTED_EDGE('',*,*,#3673,.F.);
#5303=ORIENTED_EDGE('',*,*,#3674,.F.);
#5304=ORIENTED_EDGE('',*,*,#3673,.T.);
#5305=ORIENTED_EDGE('',*,*,#3675,.T.);
#5306=ORIENTED_EDGE('',*,*,#3670,.T.);
#5307=ORIENTED_EDGE('',*,*,#3676,.T.);
#5308=ORIENTED_EDGE('',*,*,#3677,.F.);
#5309=ORIENTED_EDGE('',*,*,#3678,.F.);
#5310=ORIENTED_EDGE('',*,*,#3679,.F.);
#5311=ORIENTED_EDGE('',*,*,#3680,.F.);
#5312=ORIENTED_EDGE('',*,*,#3681,.F.);
#5313=ORIENTED_EDGE('',*,*,#3682,.F.);
#5314=ORIENTED_EDGE('',*,*,#3681,.T.);
#5315=ORIENTED_EDGE('',*,*,#3683,.T.);
#5316=ORIENTED_EDGE('',*,*,#3674,.T.);
#5317=ORIENTED_EDGE('',*,*,#3684,.T.);
#5318=ORIENTED_EDGE('',*,*,#3678,.T.);
#5319=ORIENTED_EDGE('',*,*,#3685,.T.);
#5320=ORIENTED_EDGE('',*,*,#3682,.T.);
#5321=ORIENTED_EDGE('',*,*,#3686,.T.);
#5322=ORIENTED_EDGE('',*,*,#3643,.T.);
#5323=ORIENTED_EDGE('',*,*,#3687,.T.);
#5324=ORIENTED_EDGE('',*,*,#3680,.T.);
#5325=ORIENTED_EDGE('',*,*,#3688,.T.);
#5326=ORIENTED_EDGE('',*,*,#3669,.T.);
#5327=ORIENTED_EDGE('',*,*,#3689,.T.);
#5328=ORIENTED_EDGE('',*,*,#3679,.T.);
#5329=ORIENTED_EDGE('',*,*,#3690,.T.);
#5330=ORIENTED_EDGE('',*,*,#3645,.T.);
#5331=ORIENTED_EDGE('',*,*,#3691,.T.);
#5332=ORIENTED_EDGE('',*,*,#3677,.T.);
#5333=ORIENTED_EDGE('',*,*,#3692,.T.);
#5334=ORIENTED_EDGE('',*,*,#3641,.T.);
#5335=ORIENTED_EDGE('',*,*,#3693,.T.);
#5336=ORIENTED_EDGE('',*,*,#3672,.T.);
#5337=ORIENTED_EDGE('',*,*,#3694,.T.);
#5338=ORIENTED_EDGE('',*,*,#3639,.T.);
#5339=ORIENTED_EDGE('',*,*,#3695,.T.);
#5340=ORIENTED_EDGE('',*,*,#3671,.T.);
#5341=ORIENTED_EDGE('',*,*,#3696,.T.);
#5342=ORIENTED_EDGE('',*,*,#3688,.F.);
#5343=ORIENTED_EDGE('',*,*,#3685,.F.);
#5344=ORIENTED_EDGE('',*,*,#3691,.F.);
#5345=ORIENTED_EDGE('',*,*,#3644,.T.);
#5346=ORIENTED_EDGE('',*,*,#3692,.F.);
#5347=ORIENTED_EDGE('',*,*,#3689,.F.);
#5348=ORIENTED_EDGE('',*,*,#3695,.F.);
#5349=ORIENTED_EDGE('',*,*,#3646,.T.);
#5350=ORIENTED_EDGE('',*,*,#3676,.F.);
#5351=ORIENTED_EDGE('',*,*,#3690,.F.);
#5352=ORIENTED_EDGE('',*,*,#3686,.F.);
#5353=ORIENTED_EDGE('',*,*,#3684,.F.);
#5354=ORIENTED_EDGE('',*,*,#3611,.F.);
#5355=ORIENTED_EDGE('',*,*,#3697,.T.);
#5356=ORIENTED_EDGE('',*,*,#3655,.F.);
#5357=ORIENTED_EDGE('',*,*,#3637,.T.);
#5358=ORIENTED_EDGE('',*,*,#3614,.F.);
#5359=ORIENTED_EDGE('',*,*,#3668,.F.);
#5360=ORIENTED_EDGE('',*,*,#3652,.F.);
#5361=ORIENTED_EDGE('',*,*,#3697,.F.);
#5362=ORIENTED_EDGE('',*,*,#3693,.F.);
#5363=ORIENTED_EDGE('',*,*,#3640,.T.);
#5364=ORIENTED_EDGE('',*,*,#3696,.F.);
#5365=ORIENTED_EDGE('',*,*,#3675,.F.);
#5366=ORIENTED_EDGE('',*,*,#3687,.F.);
#5367=ORIENTED_EDGE('',*,*,#3642,.T.);
#5368=ORIENTED_EDGE('',*,*,#3694,.F.);
#5369=ORIENTED_EDGE('',*,*,#3683,.F.);
#5370=B_SPLINE_SURFACE_WITH_KNOTS('',3,3,((#8464,#8465,#8466,#8467,#8468,
#8469,#8470,#8471,#8472,#8473,#8474),(#8475,#8476,#8477,#8478,#8479,#8480,
#8481,#8482,#8483,#8484,#8485),(#8486,#8487,#8488,#8489,#8490,#8491,#8492,
#8493,#8494,#8495,#8496),(#8497,#8498,#8499,#8500,#8501,#8502,#8503,#8504,
#8505,#8506,#8507),(#8508,#8509,#8510,#8511,#8512,#8513,#8514,#8515,#8516,
#8517,#8518),(#8519,#8520,#8521,#8522,#8523,#8524,#8525,#8526,#8527,#8528,
#8529)),.UNSPECIFIED.,.F.,.F.,.F.,(4,1,1,4),(4,1,1,1,1,1,1,1,4),(0.,0.285714285714286,
0.571428571428571,1.),(-7.21049645448426,-6.49711697590103,-5.7837374973178,
-5.07035801873456,-4.35697854015133,-3.6435990615681,-3.28690932227649,
-2.93021958298487,-2.21684010440164),.UNSPECIFIED.);
#5371=B_SPLINE_SURFACE_WITH_KNOTS('',3,3,((#8685,#8686,#8687,#8688,#8689,
#8690),(#8691,#8692,#8693,#8694,#8695,#8696),(#8697,#8698,#8699,#8700,#8701,
#8702),(#8703,#8704,#8705,#8706,#8707,#8708),(#8709,#8710,#8711,#8712,#8713,
#8714),(#8715,#8716,#8717,#8718,#8719,#8720)),.UNSPECIFIED.,.F.,.F.,.F.,
(4,1,1,4),(4,1,1,4),(0.,0.285714285714286,0.571428571428571,1.),(3.75766114004692E-16,
0.138817556157796,0.231362593596326,0.323907631034856),.UNSPECIFIED.);
#5372=B_SPLINE_SURFACE_WITH_KNOTS('',3,3,((#8743,#8744,#8745,#8746,#8747,
#8748,#8749,#8750,#8751,#8752,#8753),(#8754,#8755,#8756,#8757,#8758,#8759,
#8760,#8761,#8762,#8763,#8764),(#8765,#8766,#8767,#8768,#8769,#8770,#8771,
#8772,#8773,#8774,#8775),(#8776,#8777,#8778,#8779,#8780,#8781,#8782,#8783,
#8784,#8785,#8786),(#8787,#8788,#8789,#8790,#8791,#8792,#8793,#8794,#8795,
#8796,#8797),(#8798,#8799,#8800,#8801,#8802,#8803,#8804,#8805,#8806,#8807,
#8808)),.UNSPECIFIED.,.F.,.T.,.F.,(4,1,1,4),(4,1,1,1,1,1,1,1,4),(0.,0.285714285714286,
0.571428571428571,1.),(-3.14159265358979,-2.24399475256414,-1.34639685153848,
-0.448798950512828,-0.224399475256414,0.448798950512828,1.34639685153848,
2.24399475256414,3.14159265358979),.UNSPECIFIED.);
#5373=B_SPLINE_SURFACE_WITH_KNOTS('',3,3,((#9174,#9175,#9176,#9177,#9178,
#9179),(#9180,#9181,#9182,#9183,#9184,#9185),(#9186,#9187,#9188,#9189,#9190,
#9191),(#9192,#9193,#9194,#9195,#9196,#9197),(#9198,#9199,#9200,#9201,#9202,
#9203)),.UNSPECIFIED.,.F.,.F.,.F.,(4,1,4),(4,1,1,4),(0.,0.5,1.),(-1.02773031245935E-15,
0.673198425769241,1.12199737628207,1.5707963267949),.UNSPECIFIED.);
#5374=B_SPLINE_SURFACE_WITH_KNOTS('',3,3,((#9285,#9286,#9287,#9288,#9289,
#9290),(#9291,#9292,#9293,#9294,#9295,#9296),(#9297,#9298,#9299,#9300,#9301,
#9302),(#9303,#9304,#9305,#9306,#9307,#9308),(#9309,#9310,#9311,#9312,#9313,
#9314)),.UNSPECIFIED.,.F.,.F.,.F.,(4,1,4),(4,1,1,4),(0.,0.5,1.),(0.,0.309685493677716,
0.51614248946286,0.722599485248004),.UNSPECIFIED.);
#5375=B_SPLINE_SURFACE_WITH_KNOTS('',3,3,((#9345,#9346,#9347,#9348,#9349,
#9350),(#9351,#9352,#9353,#9354,#9355,#9356),(#9357,#9358,#9359,#9360,#9361,
#9362),(#9363,#9364,#9365,#9366,#9367,#9368),(#9369,#9370,#9371,#9372,#9373,
#9374)),.UNSPECIFIED.,.F.,.F.,.F.,(4,1,4),(4,1,1,4),(0.,0.5,1.),(0.,0.309676487655101,
0.516127479425169,0.722578471195236),.UNSPECIFIED.);
#5376=B_SPLINE_SURFACE_WITH_KNOTS('',3,3,((#9532,#9533,#9534,#9535,#9536,
#9537),(#9538,#9539,#9540,#9541,#9542,#9543),(#9544,#9545,#9546,#9547,#9548,
#9549),(#9550,#9551,#9552,#9553,#9554,#9555),(#9556,#9557,#9558,#9559,#9560,
#9561)),.UNSPECIFIED.,.F.,.F.,.F.,(4,1,4),(4,1,1,4),(0.,0.5,1.),(-1.5707963267949,
-0.897597901025655,-0.448798950512827,9.80152209752332E-16),
 .UNSPECIFIED.);
#5377=B_SPLINE_SURFACE_WITH_KNOTS('',3,3,((#9671,#9672,#9673,#9674,#9675,
#9676),(#9677,#9678,#9679,#9680,#9681,#9682),(#9683,#9684,#9685,#9686,#9687,
#9688),(#9689,#9690,#9691,#9692,#9693,#9694),(#9695,#9696,#9697,#9698,#9699,
#9700)),.UNSPECIFIED.,.F.,.F.,.F.,(4,1,4),(4,1,1,4),(0.,0.5,1.),(-1.5707963267949,
-0.897597901025655,-0.448798950512827,2.63677968348475E-16),
 .UNSPECIFIED.);
#5378=B_SPLINE_SURFACE_WITH_KNOTS('',3,3,((#9740,#9741,#9742,#9743,#9744,
#9745),(#9746,#9747,#9748,#9749,#9750,#9751),(#9752,#9753,#9754,#9755,#9756,
#9757),(#9758,#9759,#9760,#9761,#9762,#9763),(#9764,#9765,#9766,#9767,#9768,
#9769)),.UNSPECIFIED.,.F.,.F.,.F.,(4,1,4),(4,1,1,4),(0.,0.5,1.),(0.,0.673198425769241,
1.12199737628207,1.5707963267949),.UNSPECIFIED.);
#5379=ADVANCED_FACE('',(#1205),#5370,.F.);
#5380=ADVANCED_FACE('',(#1206),#5371,.F.);
#5381=ADVANCED_FACE('',(#1207),#1116,.T.);
#5382=ADVANCED_FACE('',(#1208),#5372,.F.);
#5383=ADVANCED_FACE('',(#1209,#299,#300,#301),#1117,.T.);
#5384=ADVANCED_FACE('',(#1210),#130,.T.);
#5385=ADVANCED_FACE('',(#1211),#131,.T.);
#5386=ADVANCED_FACE('',(#1212),#132,.T.);
#5387=ADVANCED_FACE('',(#1213),#49,.T.);
#5388=ADVANCED_FACE('',(#1214),#133,.T.);
#5389=ADVANCED_FACE('',(#1215),#50,.T.);
#5390=ADVANCED_FACE('',(#1216),#134,.T.);
#5391=ADVANCED_FACE('',(#1217),#51,.T.);
#5392=ADVANCED_FACE('',(#1218),#135,.T.);
#5393=ADVANCED_FACE('',(#1219),#52,.T.);
#5394=ADVANCED_FACE('',(#1220),#136,.T.);
#5395=ADVANCED_FACE('',(#1221),#53,.T.);
#5396=ADVANCED_FACE('',(#1222),#137,.T.);
#5397=ADVANCED_FACE('',(#1223),#54,.T.);
#5398=ADVANCED_FACE('',(#1224),#138,.T.);
#5399=ADVANCED_FACE('',(#1225),#139,.T.);
#5400=ADVANCED_FACE('',(#1226),#55,.T.);
#5401=ADVANCED_FACE('',(#1227),#140,.T.);
#5402=ADVANCED_FACE('',(#1228),#56,.T.);
#5403=ADVANCED_FACE('',(#1229),#141,.T.);
#5404=ADVANCED_FACE('',(#1230),#57,.T.);
#5405=ADVANCED_FACE('',(#1231),#142,.T.);
#5406=ADVANCED_FACE('',(#1232),#58,.T.);
#5407=ADVANCED_FACE('',(#1233),#143,.T.);
#5408=ADVANCED_FACE('',(#1234),#59,.T.);
#5409=ADVANCED_FACE('',(#1235),#144,.T.);
#5410=ADVANCED_FACE('',(#1236),#60,.T.);
#5411=ADVANCED_FACE('',(#1237),#145,.T.);
#5412=ADVANCED_FACE('',(#1238),#146,.T.);
#5413=ADVANCED_FACE('',(#1239),#1118,.T.);
#5414=ADVANCED_FACE('',(#1240),#147,.T.);
#5415=ADVANCED_FACE('',(#1241),#1119,.F.);
#5416=ADVANCED_FACE('',(#1242),#148,.F.);
#5417=ADVANCED_FACE('',(#1243),#1120,.F.);
#5418=ADVANCED_FACE('',(#1244),#149,.F.);
#5419=ADVANCED_FACE('',(#1245),#1121,.F.);
#5420=ADVANCED_FACE('',(#1246),#150,.T.);
#5421=ADVANCED_FACE('',(#1247),#1122,.T.);
#5422=ADVANCED_FACE('',(#1248),#151,.T.);
#5423=ADVANCED_FACE('',(#1249),#1123,.T.);
#5424=ADVANCED_FACE('',(#1250,#302,#303),#1124,.T.);
#5425=ADVANCED_FACE('',(#1251),#1125,.T.);
#5426=ADVANCED_FACE('',(#1252),#152,.T.);
#5427=ADVANCED_FACE('',(#1253),#5373,.F.);
#5428=ADVANCED_FACE('',(#1254),#35,.T.);
#5429=ADVANCED_FACE('',(#1255),#36,.T.);
#5430=ADVANCED_FACE('',(#1256),#37,.T.);
#5431=ADVANCED_FACE('',(#1257),#61,.T.);
#5432=ADVANCED_FACE('',(#1258),#153,.T.);
#5433=ADVANCED_FACE('',(#1259),#38,.T.);
#5434=ADVANCED_FACE('',(#1260),#154,.T.);
#5435=ADVANCED_FACE('',(#1261),#155,.T.);
#5436=ADVANCED_FACE('',(#1262),#62,.T.);
#5437=ADVANCED_FACE('',(#1263),#156,.T.);
#5438=ADVANCED_FACE('',(#1264),#157,.T.);
#5439=ADVANCED_FACE('',(#1265),#63,.T.);
#5440=ADVANCED_FACE('',(#1266),#158,.T.);
#5441=ADVANCED_FACE('',(#1267),#5374,.F.);
#5442=ADVANCED_FACE('',(#1268),#64,.T.);
#5443=ADVANCED_FACE('',(#1269),#159,.T.);
#5444=ADVANCED_FACE('',(#1270),#160,.T.);
#5445=ADVANCED_FACE('',(#1271),#5375,.F.);
#5446=ADVANCED_FACE('',(#1272),#65,.T.);
#5447=ADVANCED_FACE('',(#1273),#161,.T.);
#5448=ADVANCED_FACE('',(#1274),#66,.T.);
#5449=ADVANCED_FACE('',(#1275),#162,.T.);
#5450=ADVANCED_FACE('',(#1276),#67,.T.);
#5451=ADVANCED_FACE('',(#1277),#163,.T.);
#5452=ADVANCED_FACE('',(#1278),#68,.T.);
#5453=ADVANCED_FACE('',(#1279),#164,.T.);
#5454=ADVANCED_FACE('',(#1280),#69,.T.);
#5455=ADVANCED_FACE('',(#1281),#165,.T.);
#5456=ADVANCED_FACE('',(#1282),#70,.T.);
#5457=ADVANCED_FACE('',(#1283),#166,.T.);
#5458=ADVANCED_FACE('',(#1284),#71,.T.);
#5459=ADVANCED_FACE('',(#1285),#167,.T.);
#5460=ADVANCED_FACE('',(#1286),#72,.T.);
#5461=ADVANCED_FACE('',(#1287),#168,.T.);
#5462=ADVANCED_FACE('',(#1288),#73,.T.);
#5463=ADVANCED_FACE('',(#1289),#169,.T.);
#5464=ADVANCED_FACE('',(#1290),#74,.T.);
#5465=ADVANCED_FACE('',(#1291),#170,.T.);
#5466=ADVANCED_FACE('',(#1292),#75,.T.);
#5467=ADVANCED_FACE('',(#1293),#171,.T.);
#5468=ADVANCED_FACE('',(#1294),#172,.T.);
#5469=ADVANCED_FACE('',(#1295),#76,.T.);
#5470=ADVANCED_FACE('',(#1296),#173,.T.);
#5471=ADVANCED_FACE('',(#1297),#174,.T.);
#5472=ADVANCED_FACE('',(#1298),#5376,.F.);
#5473=ADVANCED_FACE('',(#1299),#39,.T.);
#5474=ADVANCED_FACE('',(#1300),#40,.T.);
#5475=ADVANCED_FACE('',(#1301),#1126,.T.);
#5476=ADVANCED_FACE('',(#1302),#175,.F.);
#5477=ADVANCED_FACE('',(#1303),#1127,.T.);
#5478=ADVANCED_FACE('',(#1304),#176,.T.);
#5479=ADVANCED_FACE('',(#1305),#1128,.T.);
#5480=ADVANCED_FACE('',(#1306),#177,.T.);
#5481=ADVANCED_FACE('',(#1307),#1129,.F.);
#5482=ADVANCED_FACE('',(#1308),#178,.F.);
#5483=ADVANCED_FACE('',(#1309),#1130,.F.);
#5484=ADVANCED_FACE('',(#1310),#179,.F.);
#5485=ADVANCED_FACE('',(#1311),#1131,.F.);
#5486=ADVANCED_FACE('',(#1312),#180,.T.);
#5487=ADVANCED_FACE('',(#1313),#1132,.T.);
#5488=ADVANCED_FACE('',(#1314),#181,.T.);
#5489=ADVANCED_FACE('',(#1315),#182,.T.);
#5490=ADVANCED_FACE('',(#1316),#1133,.T.);
#5491=ADVANCED_FACE('',(#1317),#183,.F.);
#5492=ADVANCED_FACE('',(#1318,#304,#305),#1134,.F.);
#5493=ADVANCED_FACE('',(#1319),#184,.F.);
#5494=ADVANCED_FACE('',(#1320,#306,#307),#1135,.T.);
#5495=ADVANCED_FACE('',(#1321),#5377,.F.);
#5496=ADVANCED_FACE('',(#1322),#185,.T.);
#5497=ADVANCED_FACE('',(#1323),#77,.T.);
#5498=ADVANCED_FACE('',(#1324),#186,.T.);
#5499=ADVANCED_FACE('',(#1325),#78,.T.);
#5500=ADVANCED_FACE('',(#1326),#187,.T.);
#5501=ADVANCED_FACE('',(#1327),#79,.T.);
#5502=ADVANCED_FACE('',(#1328),#188,.T.);
#5503=ADVANCED_FACE('',(#1329),#80,.T.);
#5504=ADVANCED_FACE('',(#1330),#189,.T.);
#5505=ADVANCED_FACE('',(#1331),#81,.T.);
#5506=ADVANCED_FACE('',(#1332),#190,.T.);
#5507=ADVANCED_FACE('',(#1333),#82,.T.);
#5508=ADVANCED_FACE('',(#1334),#191,.T.);
#5509=ADVANCED_FACE('',(#1335),#83,.T.);
#5510=ADVANCED_FACE('',(#1336),#192,.T.);
#5511=ADVANCED_FACE('',(#1337),#84,.T.);
#5512=ADVANCED_FACE('',(#1338),#193,.T.);
#5513=ADVANCED_FACE('',(#1339),#5378,.F.);
#5514=ADVANCED_FACE('',(#1340),#194,.T.);
#5515=ADVANCED_FACE('',(#1341),#195,.F.);
#5516=ADVANCED_FACE('',(#1342),#196,.F.);
#5517=ADVANCED_FACE('',(#1343),#197,.F.);
#5518=ADVANCED_FACE('',(#1344,#308,#309),#1136,.T.);
#5519=ADVANCED_FACE('',(#1345),#85,.F.);
#5520=ADVANCED_FACE('',(#1346),#1137,.F.);
#5521=ADVANCED_FACE('',(#1347),#1138,.F.);
#5522=ADVANCED_FACE('',(#1348),#1139,.F.);
#5523=ADVANCED_FACE('',(#1349),#1140,.F.);
#5524=ADVANCED_FACE('',(#1350),#1141,.F.);
#5525=ADVANCED_FACE('',(#1351),#1142,.F.);
#5526=ADVANCED_FACE('',(#1352,#310),#1143,.T.);
#5527=ADVANCED_FACE('',(#1353),#1144,.F.);
#5528=ADVANCED_FACE('',(#1354),#1145,.F.);
#5529=ADVANCED_FACE('',(#1355),#1146,.F.);
#5530=ADVANCED_FACE('',(#1356),#1147,.F.);
#5531=ADVANCED_FACE('',(#1357),#1148,.F.);
#5532=ADVANCED_FACE('',(#1358),#1149,.F.);
#5533=ADVANCED_FACE('',(#1359,#311),#1150,.T.);
#5534=ADVANCED_FACE('',(#1360,#312,#313),#1151,.T.);
#5535=ADVANCED_FACE('',(#1361),#1152,.T.);
#5536=ADVANCED_FACE('',(#1362),#198,.F.);
#5537=ADVANCED_FACE('',(#1363),#199,.F.);
#5538=ADVANCED_FACE('',(#1364),#200,.T.);
#5539=ADVANCED_FACE('',(#1365),#1153,.T.);
#5540=ADVANCED_FACE('',(#1366),#201,.T.);
#5541=ADVANCED_FACE('',(#1367),#1154,.T.);
#5542=ADVANCED_FACE('',(#1368),#202,.T.);
#5543=ADVANCED_FACE('',(#1369),#1155,.T.);
#5544=ADVANCED_FACE('',(#1370),#1156,.T.);
#5545=ADVANCED_FACE('',(#1371),#86,.T.);
#5546=ADVANCED_FACE('',(#1372),#203,.T.);
#5547=ADVANCED_FACE('',(#1373),#87,.T.);
#5548=ADVANCED_FACE('',(#1374),#204,.T.);
#5549=ADVANCED_FACE('',(#1375),#88,.T.);
#5550=ADVANCED_FACE('',(#1376),#205,.T.);
#5551=ADVANCED_FACE('',(#1377),#89,.T.);
#5552=ADVANCED_FACE('',(#1378),#206,.T.);
#5553=ADVANCED_FACE('',(#1379),#1157,.T.);
#5554=ADVANCED_FACE('',(#1380),#207,.F.);
#5555=ADVANCED_FACE('',(#1381),#1158,.T.);
#5556=ADVANCED_FACE('',(#1382),#208,.F.);
#5557=ADVANCED_FACE('',(#1383),#90,.T.);
#5558=ADVANCED_FACE('',(#1384),#209,.T.);
#5559=ADVANCED_FACE('',(#1385),#91,.T.);
#5560=ADVANCED_FACE('',(#1386),#210,.T.);
#5561=ADVANCED_FACE('',(#1387),#92,.T.);
#5562=ADVANCED_FACE('',(#1388),#211,.T.);
#5563=ADVANCED_FACE('',(#1389),#93,.T.);
#5564=ADVANCED_FACE('',(#1390),#212,.T.);
#5565=ADVANCED_FACE('',(#1391),#1159,.T.);
#5566=ADVANCED_FACE('',(#1392),#94,.T.);
#5567=ADVANCED_FACE('',(#1393),#213,.T.);
#5568=ADVANCED_FACE('',(#1394),#95,.T.);
#5569=ADVANCED_FACE('',(#1395),#214,.T.);
#5570=ADVANCED_FACE('',(#1396),#96,.T.);
#5571=ADVANCED_FACE('',(#1397),#215,.T.);
#5572=ADVANCED_FACE('',(#1398),#97,.T.);
#5573=ADVANCED_FACE('',(#1399),#216,.T.);
#5574=ADVANCED_FACE('',(#1400),#1160,.T.);
#5575=ADVANCED_FACE('',(#1401),#217,.F.);
#5576=ADVANCED_FACE('',(#1402),#1161,.T.);
#5577=ADVANCED_FACE('',(#1403),#218,.F.);
#5578=ADVANCED_FACE('',(#1404),#219,.T.);
#5579=ADVANCED_FACE('',(#1405),#98,.T.);
#5580=ADVANCED_FACE('',(#1406),#220,.T.);
#5581=ADVANCED_FACE('',(#1407),#99,.T.);
#5582=ADVANCED_FACE('',(#1408),#221,.T.);
#5583=ADVANCED_FACE('',(#1409),#100,.T.);
#5584=ADVANCED_FACE('',(#1410),#222,.T.);
#5585=ADVANCED_FACE('',(#1411),#101,.T.);
#5586=ADVANCED_FACE('',(#1412),#223,.F.);
#5587=ADVANCED_FACE('',(#1413),#1162,.T.);
#5588=ADVANCED_FACE('',(#1414),#224,.F.);
#5589=ADVANCED_FACE('',(#1415),#1163,.T.);
#5590=ADVANCED_FACE('',(#1416,#314),#1164,.T.);
#5591=ADVANCED_FACE('',(#1417),#225,.F.);
#5592=ADVANCED_FACE('',(#1418),#226,.F.);
#5593=ADVANCED_FACE('',(#1419),#1165,.T.);
#5594=ADVANCED_FACE('',(#1420),#227,.F.);
#5595=ADVANCED_FACE('',(#1421),#1166,.T.);
#5596=ADVANCED_FACE('',(#1422),#228,.F.);
#5597=ADVANCED_FACE('',(#1423),#1167,.T.);
#5598=ADVANCED_FACE('',(#1424),#229,.F.);
#5599=ADVANCED_FACE('',(#1425),#230,.F.);
#5600=ADVANCED_FACE('',(#1426),#1168,.T.);
#5601=ADVANCED_FACE('',(#1427),#1169,.T.);
#5602=ADVANCED_FACE('',(#1428),#102,.T.);
#5603=ADVANCED_FACE('',(#1429),#231,.T.);
#5604=ADVANCED_FACE('',(#1430),#103,.T.);
#5605=ADVANCED_FACE('',(#1431),#232,.T.);
#5606=ADVANCED_FACE('',(#1432),#104,.T.);
#5607=ADVANCED_FACE('',(#1433),#233,.T.);
#5608=ADVANCED_FACE('',(#1434),#105,.T.);
#5609=ADVANCED_FACE('',(#1435),#234,.T.);
#5610=ADVANCED_FACE('',(#1436),#1170,.F.);
#5611=ADVANCED_FACE('',(#1437),#235,.F.);
#5612=ADVANCED_FACE('',(#1438),#1171,.F.);
#5613=ADVANCED_FACE('',(#1439),#236,.F.);
#5614=ADVANCED_FACE('',(#1440),#106,.T.);
#5615=ADVANCED_FACE('',(#1441),#237,.T.);
#5616=ADVANCED_FACE('',(#1442),#107,.T.);
#5617=ADVANCED_FACE('',(#1443),#238,.T.);
#5618=ADVANCED_FACE('',(#1444),#108,.T.);
#5619=ADVANCED_FACE('',(#1445),#239,.T.);
#5620=ADVANCED_FACE('',(#1446),#109,.T.);
#5621=ADVANCED_FACE('',(#1447),#240,.T.);
#5622=ADVANCED_FACE('',(#1448),#241,.F.);
#5623=ADVANCED_FACE('',(#1449),#1172,.F.);
#5624=ADVANCED_FACE('',(#1450),#242,.F.);
#5625=ADVANCED_FACE('',(#1451),#110,.T.);
#5626=ADVANCED_FACE('',(#1452),#243,.T.);
#5627=ADVANCED_FACE('',(#1453),#111,.T.);
#5628=ADVANCED_FACE('',(#1454),#244,.T.);
#5629=ADVANCED_FACE('',(#1455),#112,.T.);
#5630=ADVANCED_FACE('',(#1456),#245,.T.);
#5631=ADVANCED_FACE('',(#1457),#113,.T.);
#5632=ADVANCED_FACE('',(#1458),#246,.T.);
#5633=ADVANCED_FACE('',(#1459),#1173,.F.);
#5634=ADVANCED_FACE('',(#1460),#247,.F.);
#5635=ADVANCED_FACE('',(#1461),#1174,.F.);
#5636=ADVANCED_FACE('',(#1462),#248,.F.);
#5637=ADVANCED_FACE('',(#1463),#249,.T.);
#5638=ADVANCED_FACE('',(#1464),#114,.T.);
#5639=ADVANCED_FACE('',(#1465),#250,.T.);
#5640=ADVANCED_FACE('',(#1466),#115,.T.);
#5641=ADVANCED_FACE('',(#1467),#251,.T.);
#5642=ADVANCED_FACE('',(#1468),#116,.T.);
#5643=ADVANCED_FACE('',(#1469),#252,.T.);
#5644=ADVANCED_FACE('',(#1470),#117,.T.);
#5645=ADVANCED_FACE('',(#1471),#253,.F.);
#5646=ADVANCED_FACE('',(#1472),#1175,.F.);
#5647=ADVANCED_FACE('',(#1473,#315),#1176,.F.);
#5648=ADVANCED_FACE('',(#1474),#254,.F.);
#5649=ADVANCED_FACE('',(#1475),#1177,.F.);
#5650=ADVANCED_FACE('',(#1476),#1178,.F.);
#5651=ADVANCED_FACE('',(#1477),#255,.F.);
#5652=ADVANCED_FACE('',(#1478),#1179,.F.);
#5653=ADVANCED_FACE('',(#1479),#256,.F.);
#5654=ADVANCED_FACE('',(#1480),#1180,.F.);
#5655=ADVANCED_FACE('',(#1481),#257,.F.);
#5656=ADVANCED_FACE('',(#1482),#1181,.F.);
#5657=ADVANCED_FACE('',(#1483),#258,.F.);
#5658=ADVANCED_FACE('',(#1484),#1182,.F.);
#5659=ADVANCED_FACE('',(#1485),#259,.T.);
#5660=ADVANCED_FACE('',(#1486),#13,.F.);
#5661=ADVANCED_FACE('',(#1487),#260,.T.);
#5662=ADVANCED_FACE('',(#1488),#14,.F.);
#5663=ADVANCED_FACE('',(#1489),#261,.T.);
#5664=ADVANCED_FACE('',(#1490),#15,.F.);
#5665=ADVANCED_FACE('',(#1491),#262,.T.);
#5666=ADVANCED_FACE('',(#1492),#16,.F.);
#5667=ADVANCED_FACE('',(#1493),#263,.T.);
#5668=ADVANCED_FACE('',(#1494),#1183,.T.);
#5669=ADVANCED_FACE('',(#1495),#264,.T.);
#5670=ADVANCED_FACE('',(#1496),#1184,.T.);
#5671=ADVANCED_FACE('',(#1497,#316),#1185,.T.);
#5672=ADVANCED_FACE('',(#1498),#17,.F.);
#5673=ADVANCED_FACE('',(#1499),#265,.T.);
#5674=ADVANCED_FACE('',(#1500),#18,.F.);
#5675=ADVANCED_FACE('',(#1501),#266,.T.);
#5676=ADVANCED_FACE('',(#1502),#19,.F.);
#5677=ADVANCED_FACE('',(#1503),#267,.T.);
#5678=ADVANCED_FACE('',(#1504),#20,.F.);
#5679=ADVANCED_FACE('',(#1505),#268,.T.);
#5680=ADVANCED_FACE('',(#1506),#1186,.T.);
#5681=ADVANCED_FACE('',(#1507),#41,.T.);
#5682=ADVANCED_FACE('',(#1508),#42,.T.);
#5683=ADVANCED_FACE('',(#1509),#43,.T.);
#5684=ADVANCED_FACE('',(#1510),#44,.T.);
#5685=ADVANCED_FACE('',(#1511),#269,.T.);
#5686=ADVANCED_FACE('',(#1512),#270,.T.);
#5687=ADVANCED_FACE('',(#1513),#271,.T.);
#5688=ADVANCED_FACE('',(#1514),#272,.T.);
#5689=ADVANCED_FACE('',(#1515),#273,.T.);
#5690=ADVANCED_FACE('',(#1516),#274,.T.);
#5691=ADVANCED_FACE('',(#1517),#275,.T.);
#5692=ADVANCED_FACE('',(#1518),#276,.T.);
#5693=ADVANCED_FACE('',(#1519),#1187,.T.);
#5694=ADVANCED_FACE('',(#1520),#1188,.T.);
#5695=ADVANCED_FACE('',(#1521),#1189,.T.);
#5696=ADVANCED_FACE('',(#1522),#277,.T.);
#5697=ADVANCED_FACE('',(#1523),#1190,.T.);
#5698=ADVANCED_FACE('',(#1524),#278,.T.);
#5699=ADVANCED_FACE('',(#1525),#1191,.T.);
#5700=ADVANCED_FACE('',(#1526),#1192,.T.);
#5701=ADVANCED_FACE('',(#1527),#1193,.T.);
#5702=ADVANCED_FACE('',(#1528),#279,.T.);
#5703=ADVANCED_FACE('',(#1529),#21,.F.);
#5704=ADVANCED_FACE('',(#1530),#280,.T.);
#5705=ADVANCED_FACE('',(#1531),#22,.F.);
#5706=ADVANCED_FACE('',(#1532),#281,.T.);
#5707=ADVANCED_FACE('',(#1533),#23,.F.);
#5708=ADVANCED_FACE('',(#1534),#282,.T.);
#5709=ADVANCED_FACE('',(#1535),#24,.F.);
#5710=ADVANCED_FACE('',(#1536),#283,.T.);
#5711=ADVANCED_FACE('',(#1537),#1194,.F.);
#5712=ADVANCED_FACE('',(#1538),#284,.T.);
#5713=ADVANCED_FACE('',(#1539),#1195,.F.);
#5714=ADVANCED_FACE('',(#1540,#317),#1196,.F.);
#5715=ADVANCED_FACE('',(#1541),#25,.F.);
#5716=ADVANCED_FACE('',(#1542),#285,.T.);
#5717=ADVANCED_FACE('',(#1543),#26,.F.);
#5718=ADVANCED_FACE('',(#1544),#286,.T.);
#5719=ADVANCED_FACE('',(#1545),#27,.F.);
#5720=ADVANCED_FACE('',(#1546),#287,.T.);
#5721=ADVANCED_FACE('',(#1547),#28,.F.);
#5722=ADVANCED_FACE('',(#1548),#288,.T.);
#5723=ADVANCED_FACE('',(#1549),#1197,.F.);
#5724=ADVANCED_FACE('',(#1550),#289,.T.);
#5725=ADVANCED_FACE('',(#1551),#1198,.F.);
#5726=ADVANCED_FACE('',(#1552),#45,.T.);
#5727=ADVANCED_FACE('',(#1553),#46,.T.);
#5728=ADVANCED_FACE('',(#1554),#290,.T.);
#5729=ADVANCED_FACE('',(#1555),#47,.T.);
#5730=ADVANCED_FACE('',(#1556),#48,.T.);
#5731=ADVANCED_FACE('',(#1557),#291,.T.);
#5732=ADVANCED_FACE('',(#1558),#292,.T.);
#5733=ADVANCED_FACE('',(#1559),#293,.T.);
#5734=ADVANCED_FACE('',(#1560),#294,.T.);
#5735=ADVANCED_FACE('',(#1561),#295,.T.);
#5736=ADVANCED_FACE('',(#1562),#296,.T.);
#5737=ADVANCED_FACE('',(#1563),#297,.T.);
#5738=ADVANCED_FACE('',(#1564),#1199,.T.);
#5739=ADVANCED_FACE('',(#1565),#1200,.T.);
#5740=ADVANCED_FACE('',(#1566),#1201,.T.);
#5741=ADVANCED_FACE('',(#1567),#298,.T.);
#5742=ADVANCED_FACE('',(#1568),#1202,.F.);
#5743=ADVANCED_FACE('',(#1569),#1203,.T.);
#5744=ADVANCED_FACE('',(#1570),#1204,.T.);
#5745=CLOSED_SHELL('',(#5379,#5380,#5381,#5382,#5383,#5384,#5385,#5386,
#5387,#5388,#5389,#5390,#5391,#5392,#5393,#5394,#5395,#5396,#5397,#5398,
#5399,#5400,#5401,#5402,#5403,#5404,#5405,#5406,#5407,#5408,#5409,#5410,
#5411,#5412,#5413,#5414,#5415,#5416,#5417,#5418,#5419,#5420,#5421,#5422,
#5423,#5424,#5425,#5426,#5427,#5428,#5429,#5430,#5431,#5432,#5433,#5434,
#5435,#5436,#5437,#5438,#5439,#5440,#5441,#5442,#5443,#5444,#5445,#5446,
#5447,#5448,#5449,#5450,#5451,#5452,#5453,#5454,#5455,#5456,#5457,#5458,
#5459,#5460,#5461,#5462,#5463,#5464,#5465,#5466,#5467,#5468,#5469,#5470,
#5471,#5472,#5473,#5474,#5475,#5476,#5477,#5478,#5479,#5480,#5481,#5482,
#5483,#5484,#5485,#5486,#5487,#5488,#5489,#5490,#5491,#5492,#5493,#5494,
#5495,#5496,#5497,#5498,#5499,#5500,#5501,#5502,#5503,#5504,#5505,#5506,
#5507,#5508,#5509,#5510,#5511,#5512,#5513,#5514,#5515,#5516,#5517,#5518,
#5519,#5520,#5521,#5522,#5523,#5524,#5525,#5526,#5527,#5528,#5529,#5530,
#5531,#5532,#5533,#5534,#5535,#5536,#5537,#5538,#5539,#5540,#5541,#5542,
#5543,#5544,#5545,#5546,#5547,#5548,#5549,#5550,#5551,#5552,#5553,#5554,
#5555,#5556,#5557,#5558,#5559,#5560,#5561,#5562,#5563,#5564,#5565,#5566,
#5567,#5568,#5569,#5570,#5571,#5572,#5573,#5574,#5575,#5576,#5577,#5578,
#5579,#5580,#5581,#5582,#5583,#5584,#5585,#5586,#5587,#5588,#5589,#5590,
#5591,#5592,#5593,#5594,#5595,#5596,#5597,#5598,#5599,#5600,#5601,#5602,
#5603,#5604,#5605,#5606,#5607,#5608,#5609,#5610,#5611,#5612,#5613,#5614,
#5615,#5616,#5617,#5618,#5619,#5620,#5621,#5622,#5623,#5624,#5625,#5626,
#5627,#5628,#5629,#5630,#5631,#5632,#5633,#5634,#5635,#5636,#5637,#5638,
#5639,#5640,#5641,#5642,#5643,#5644,#5645,#5646,#5647,#5648,#5649,#5650,
#5651,#5652,#5653,#5654,#5655,#5656,#5657,#5658));
#5746=CLOSED_SHELL('',(#5659,#5660,#5661,#5662,#5663,#5664,#5665,#5666,
#5667,#5668,#5669,#5670,#5671,#5672,#5673,#5674,#5675,#5676,#5677,#5678,
#5679,#5680,#5681,#5682,#5683,#5684,#5685,#5686,#5687,#5688,#5689,#5690,
#5691,#5692,#5693,#5694,#5695,#5696,#5697,#5698,#5699,#5700,#5701));
#5747=CLOSED_SHELL('',(#5702,#5703,#5704,#5705,#5706,#5707,#5708,#5709,
#5710,#5711,#5712,#5713,#5714,#5715,#5716,#5717,#5718,#5719,#5720,#5721,
#5722,#5723,#5724,#5725,#5726,#5727,#5728,#5729,#5730,#5731,#5732,#5733,
#5734,#5735,#5736,#5737,#5738,#5739,#5740,#5741,#5742,#5743,#5744));
#5748=DERIVED_UNIT_ELEMENT(#5750,1.);
#5749=DERIVED_UNIT_ELEMENT(#10814,-3.);
#5750=(
MASS_UNIT()
NAMED_UNIT(*)
SI_UNIT(.KILO.,.GRAM.)
);
#5751=DERIVED_UNIT((#5748,#5749));
#5752=MEASURE_REPRESENTATION_ITEM('density measure',
POSITIVE_RATIO_MEASURE(7850.),#5751);
#5753=PROPERTY_DEFINITION_REPRESENTATION(#5758,#5755);
#5754=PROPERTY_DEFINITION_REPRESENTATION(#5759,#5756);
#5755=REPRESENTATION('material name',(#5757),#10811);
#5756=REPRESENTATION('density',(#5752),#10811);
#5757=DESCRIPTIVE_REPRESENTATION_ITEM('Stahl','Stahl');
#5758=PROPERTY_DEFINITION('material property','material name',#10821);
#5759=PROPERTY_DEFINITION('material property','density of part',#10821);
#5760=AXIS2_PLACEMENT_3D('',#8463,#6528,#6529);
#5761=AXIS2_PLACEMENT_3D('',#8532,#6530,#6531);
#5762=AXIS2_PLACEMENT_3D('',#8551,#6532,#6533);
#5763=AXIS2_PLACEMENT_3D('',#8733,#6534,#6535);
#5764=AXIS2_PLACEMENT_3D('',#8811,#6541,#6542);
#5765=AXIS2_PLACEMENT_3D('',#8834,#6543,#6544);
#5766=AXIS2_PLACEMENT_3D('',#8847,#6550,#6551);
#5767=AXIS2_PLACEMENT_3D('',#8851,#6553,#6554);
#5768=AXIS2_PLACEMENT_3D('',#8855,#6556,#6557);
#5769=AXIS2_PLACEMENT_3D('',#8859,#6559,#6560);
#5770=AXIS2_PLACEMENT_3D('',#8863,#6562,#6563);
#5771=AXIS2_PLACEMENT_3D('',#8867,#6565,#6566);
#5772=AXIS2_PLACEMENT_3D('',#8871,#6568,#6569);
#5773=AXIS2_PLACEMENT_3D('',#8874,#6571,#6572);
#5774=AXIS2_PLACEMENT_3D('',#8879,#6574,#6575);
#5775=AXIS2_PLACEMENT_3D('',#8883,#6577,#6578);
#5776=AXIS2_PLACEMENT_3D('',#8887,#6580,#6581);
#5777=AXIS2_PLACEMENT_3D('',#8890,#6583,#6584);
#5778=AXIS2_PLACEMENT_3D('',#8895,#6586,#6587);
#5779=AXIS2_PLACEMENT_3D('',#8899,#6589,#6590);
#5780=AXIS2_PLACEMENT_3D('',#8903,#6592,#6593);
#5781=AXIS2_PLACEMENT_3D('',#8906,#6595,#6596);
#5782=AXIS2_PLACEMENT_3D('',#8907,#6597,#6598);
#5783=AXIS2_PLACEMENT_3D('',#8912,#6600,#6601);
#5784=AXIS2_PLACEMENT_3D('',#8915,#6603,#6604);
#5785=AXIS2_PLACEMENT_3D('',#8916,#6605,#6606);
#5786=AXIS2_PLACEMENT_3D('',#8920,#6608,#6609);
#5787=AXIS2_PLACEMENT_3D('',#8922,#6611,#6612);
#5788=AXIS2_PLACEMENT_3D('',#8927,#6614,#6615);
#5789=AXIS2_PLACEMENT_3D('',#8930,#6617,#6618);
#5790=AXIS2_PLACEMENT_3D('',#8931,#6619,#6620);
#5791=AXIS2_PLACEMENT_3D('',#8934,#6621,#6622);
#5792=AXIS2_PLACEMENT_3D('',#8935,#6623,#6624);
#5793=AXIS2_PLACEMENT_3D('',#8936,#6625,#6626);
#5794=AXIS2_PLACEMENT_3D('',#8937,#6627,#6628);
#5795=AXIS2_PLACEMENT_3D('',#8940,#6629,#6630);
#5796=AXIS2_PLACEMENT_3D('',#8943,#6633,#6634);
#5797=AXIS2_PLACEMENT_3D('',#8946,#6635,#6636);
#5798=AXIS2_PLACEMENT_3D('',#8947,#6637,#6638);
#5799=AXIS2_PLACEMENT_3D('',#8948,#6639,#6640);
#5800=AXIS2_PLACEMENT_3D('',#8949,#6641,#6642);
#5801=AXIS2_PLACEMENT_3D('',#8952,#6643,#6644);
#5802=AXIS2_PLACEMENT_3D('',#8955,#6647,#6648);
#5803=AXIS2_PLACEMENT_3D('',#8958,#6649,#6650);
#5804=AXIS2_PLACEMENT_3D('',#8959,#6651,#6652);
#5805=AXIS2_PLACEMENT_3D('',#8960,#6653,#6654);
#5806=AXIS2_PLACEMENT_3D('',#8961,#6655,#6656);
#5807=AXIS2_PLACEMENT_3D('',#8964,#6657,#6658);
#5808=AXIS2_PLACEMENT_3D('',#8967,#6661,#6662);
#5809=AXIS2_PLACEMENT_3D('',#8970,#6663,#6664);
#5810=AXIS2_PLACEMENT_3D('',#8971,#6665,#6666);
#5811=AXIS2_PLACEMENT_3D('',#8972,#6667,#6668);
#5812=AXIS2_PLACEMENT_3D('',#8973,#6669,#6670);
#5813=AXIS2_PLACEMENT_3D('',#8976,#6671,#6672);
#5814=AXIS2_PLACEMENT_3D('',#8979,#6675,#6676);
#5815=AXIS2_PLACEMENT_3D('',#8982,#6677,#6678);
#5816=AXIS2_PLACEMENT_3D('',#8983,#6679,#6680);
#5817=AXIS2_PLACEMENT_3D('',#8984,#6681,#6682);
#5818=AXIS2_PLACEMENT_3D('',#8985,#6683,#6684);
#5819=AXIS2_PLACEMENT_3D('',#8988,#6685,#6686);
#5820=AXIS2_PLACEMENT_3D('',#8991,#6689,#6690);
#5821=AXIS2_PLACEMENT_3D('',#8994,#6691,#6692);
#5822=AXIS2_PLACEMENT_3D('',#8995,#6693,#6694);
#5823=AXIS2_PLACEMENT_3D('',#8996,#6695,#6696);
#5824=AXIS2_PLACEMENT_3D('',#8997,#6697,#6698);
#5825=AXIS2_PLACEMENT_3D('',#9000,#6701,#6702);
#5826=AXIS2_PLACEMENT_3D('',#9005,#6705,#6706);
#5827=AXIS2_PLACEMENT_3D('',#9006,#6707,#6708);
#5828=AXIS2_PLACEMENT_3D('',#9009,#6709,#6710);
#5829=AXIS2_PLACEMENT_3D('',#9010,#6711,#6712);
#5830=AXIS2_PLACEMENT_3D('',#9011,#6713,#6714);
#5831=AXIS2_PLACEMENT_3D('',#9012,#6715,#6716);
#5832=AXIS2_PLACEMENT_3D('',#9015,#6717,#6718);
#5833=AXIS2_PLACEMENT_3D('',#9018,#6721,#6722);
#5834=AXIS2_PLACEMENT_3D('',#9021,#6723,#6724);
#5835=AXIS2_PLACEMENT_3D('',#9022,#6725,#6726);
#5836=AXIS2_PLACEMENT_3D('',#9023,#6727,#6728);
#5837=AXIS2_PLACEMENT_3D('',#9024,#6729,#6730);
#5838=AXIS2_PLACEMENT_3D('',#9027,#6731,#6732);
#5839=AXIS2_PLACEMENT_3D('',#9030,#6735,#6736);
#5840=AXIS2_PLACEMENT_3D('',#9033,#6737,#6738);
#5841=AXIS2_PLACEMENT_3D('',#9034,#6739,#6740);
#5842=AXIS2_PLACEMENT_3D('',#9035,#6741,#6742);
#5843=AXIS2_PLACEMENT_3D('',#9036,#6743,#6744);
#5844=AXIS2_PLACEMENT_3D('',#9039,#6745,#6746);
#5845=AXIS2_PLACEMENT_3D('',#9042,#6749,#6750);
#5846=AXIS2_PLACEMENT_3D('',#9045,#6751,#6752);
#5847=AXIS2_PLACEMENT_3D('',#9046,#6753,#6754);
#5848=AXIS2_PLACEMENT_3D('',#9047,#6755,#6756);
#5849=AXIS2_PLACEMENT_3D('',#9048,#6757,#6758);
#5850=AXIS2_PLACEMENT_3D('',#9051,#6759,#6760);
#5851=AXIS2_PLACEMENT_3D('',#9054,#6763,#6764);
#5852=AXIS2_PLACEMENT_3D('',#9057,#6765,#6766);
#5853=AXIS2_PLACEMENT_3D('',#9058,#6767,#6768);
#5854=AXIS2_PLACEMENT_3D('',#9059,#6769,#6770);
#5855=AXIS2_PLACEMENT_3D('',#9060,#6771,#6772);
#5856=AXIS2_PLACEMENT_3D('',#9063,#6773,#6774);
#5857=AXIS2_PLACEMENT_3D('',#9066,#6777,#6778);
#5858=AXIS2_PLACEMENT_3D('',#9069,#6779,#6780);
#5859=AXIS2_PLACEMENT_3D('',#9070,#6781,#6782);
#5860=AXIS2_PLACEMENT_3D('',#9071,#6783,#6784);
#5861=AXIS2_PLACEMENT_3D('',#9072,#6785,#6786);
#5862=AXIS2_PLACEMENT_3D('',#9075,#6789,#6790);
#5863=AXIS2_PLACEMENT_3D('',#9079,#6792,#6793);
#5864=AXIS2_PLACEMENT_3D('',#9081,#6795,#6796);
#5865=AXIS2_PLACEMENT_3D('',#9085,#6799,#6800);
#5866=AXIS2_PLACEMENT_3D('',#9088,#6802,#6803);
#5867=AXIS2_PLACEMENT_3D('',#9089,#6804,#6805);
#5868=AXIS2_PLACEMENT_3D('',#9093,#6808,#6809);
#5869=AXIS2_PLACEMENT_3D('',#9096,#6811,#6812);
#5870=AXIS2_PLACEMENT_3D('',#9097,#6813,#6814);
#5871=AXIS2_PLACEMENT_3D('',#9101,#6817,#6818);
#5872=AXIS2_PLACEMENT_3D('',#9104,#6820,#6821);
#5873=AXIS2_PLACEMENT_3D('',#9105,#6822,#6823);
#5874=AXIS2_PLACEMENT_3D('',#9109,#6826,#6827);
#5875=AXIS2_PLACEMENT_3D('',#9112,#6829,#6830);
#5876=AXIS2_PLACEMENT_3D('',#9113,#6831,#6832);
#5877=AXIS2_PLACEMENT_3D('',#9117,#6835,#6836);
#5878=AXIS2_PLACEMENT_3D('',#9120,#6838,#6839);
#5879=AXIS2_PLACEMENT_3D('',#9121,#6840,#6841);
#5880=AXIS2_PLACEMENT_3D('',#9129,#6846,#6847);
#5881=AXIS2_PLACEMENT_3D('',#9133,#6849,#6850);
#5882=AXIS2_PLACEMENT_3D('',#9137,#6852,#6853);
#5883=AXIS2_PLACEMENT_3D('',#9141,#6855,#6856);
#5884=AXIS2_PLACEMENT_3D('',#9145,#6858,#6859);
#5885=AXIS2_PLACEMENT_3D('',#9149,#6861,#6862);
#5886=AXIS2_PLACEMENT_3D('',#9153,#6864,#6865);
#5887=AXIS2_PLACEMENT_3D('',#9157,#6867,#6868);
#5888=AXIS2_PLACEMENT_3D('',#9161,#6870,#6871);
#5889=AXIS2_PLACEMENT_3D('',#9163,#6873,#6874);
#5890=AXIS2_PLACEMENT_3D('',#9165,#6876,#6877);
#5891=AXIS2_PLACEMENT_3D('',#9168,#6878,#6879);
#5892=AXIS2_PLACEMENT_3D('',#9172,#6881,#6882);
#5893=AXIS2_PLACEMENT_3D('',#9204,#6884,#6885);
#5894=AXIS2_PLACEMENT_3D('',#9205,#6886,#6887);
#5895=AXIS2_PLACEMENT_3D('',#9206,#6888,#6889);
#5896=AXIS2_PLACEMENT_3D('',#9209,#6890,#6891);
#5897=AXIS2_PLACEMENT_3D('',#9211,#6892,#6893);
#5898=AXIS2_PLACEMENT_3D('',#9212,#6894,#6895);
#5899=AXIS2_PLACEMENT_3D('',#9213,#6896,#6897);
#5900=AXIS2_PLACEMENT_3D('',#9216,#6898,#6899);
#5901=AXIS2_PLACEMENT_3D('',#9218,#6900,#6901);
#5902=AXIS2_PLACEMENT_3D('',#9219,#6902,#6903);
#5903=AXIS2_PLACEMENT_3D('',#9220,#6904,#6905);
#5904=AXIS2_PLACEMENT_3D('',#9223,#6906,#6907);
#5905=AXIS2_PLACEMENT_3D('',#9225,#6908,#6909);
#5906=AXIS2_PLACEMENT_3D('',#9226,#6910,#6911);
#5907=AXIS2_PLACEMENT_3D('',#9227,#6912,#6913);
#5908=AXIS2_PLACEMENT_3D('',#9230,#6914,#6915);
#5909=AXIS2_PLACEMENT_3D('',#9232,#6916,#6917);
#5910=AXIS2_PLACEMENT_3D('',#9234,#6918,#6919);
#5911=AXIS2_PLACEMENT_3D('',#9235,#6920,#6921);
#5912=AXIS2_PLACEMENT_3D('',#9236,#6922,#6923);
#5913=AXIS2_PLACEMENT_3D('',#9239,#6926,#6927);
#5914=AXIS2_PLACEMENT_3D('',#9242,#6928,#6929);
#5915=AXIS2_PLACEMENT_3D('',#9244,#6930,#6931);
#5916=AXIS2_PLACEMENT_3D('',#9245,#6932,#6933);
#5917=AXIS2_PLACEMENT_3D('',#9246,#6934,#6935);
#5918=AXIS2_PLACEMENT_3D('',#9249,#6938,#6939);
#5919=AXIS2_PLACEMENT_3D('',#9252,#6940,#6941);
#5920=AXIS2_PLACEMENT_3D('',#9255,#6944,#6945);
#5921=AXIS2_PLACEMENT_3D('',#9258,#6946,#6947);
#5922=AXIS2_PLACEMENT_3D('',#9259,#6948,#6949);
#5923=AXIS2_PLACEMENT_3D('',#9260,#6950,#6951);
#5924=AXIS2_PLACEMENT_3D('',#9261,#6952,#6953);
#5925=AXIS2_PLACEMENT_3D('',#9264,#6954,#6955);
#5926=AXIS2_PLACEMENT_3D('',#9267,#6958,#6959);
#5927=AXIS2_PLACEMENT_3D('',#9270,#6960,#6961);
#5928=AXIS2_PLACEMENT_3D('',#9274,#6963,#6964);
#5929=AXIS2_PLACEMENT_3D('',#9276,#6966,#6967);
#5930=AXIS2_PLACEMENT_3D('',#9277,#6968,#6969);
#5931=AXIS2_PLACEMENT_3D('',#9278,#6970,#6971);
#5932=AXIS2_PLACEMENT_3D('',#9279,#6972,#6973);
#5933=AXIS2_PLACEMENT_3D('',#9282,#6974,#6975);
#5934=AXIS2_PLACEMENT_3D('',#9323,#6978,#6979);
#5935=AXIS2_PLACEMENT_3D('',#9330,#6980,#6981);
#5936=AXIS2_PLACEMENT_3D('',#9333,#6982,#6983);
#5937=AXIS2_PLACEMENT_3D('',#9334,#6984,#6985);
#5938=AXIS2_PLACEMENT_3D('',#9335,#6986,#6987);
#5939=AXIS2_PLACEMENT_3D('',#9336,#6988,#6989);
#5940=AXIS2_PLACEMENT_3D('',#9339,#6992,#6993);
#5941=AXIS2_PLACEMENT_3D('',#9342,#6994,#6995);
#5942=AXIS2_PLACEMENT_3D('',#9383,#6998,#6999);
#5943=AXIS2_PLACEMENT_3D('',#9390,#7000,#7001);
#5944=AXIS2_PLACEMENT_3D('',#9393,#7002,#7003);
#5945=AXIS2_PLACEMENT_3D('',#9394,#7004,#7005);
#5946=AXIS2_PLACEMENT_3D('',#9395,#7006,#7007);
#5947=AXIS2_PLACEMENT_3D('',#9396,#7008,#7009);
#5948=AXIS2_PLACEMENT_3D('',#9399,#7012,#7013);
#5949=AXIS2_PLACEMENT_3D('',#9401,#7014,#7015);
#5950=AXIS2_PLACEMENT_3D('',#9402,#7016,#7017);
#5951=AXIS2_PLACEMENT_3D('',#9403,#7018,#7019);
#5952=AXIS2_PLACEMENT_3D('',#9404,#7020,#7021);
#5953=AXIS2_PLACEMENT_3D('',#9406,#7022,#7023);
#5954=AXIS2_PLACEMENT_3D('',#9408,#7025,#7026);
#5955=AXIS2_PLACEMENT_3D('',#9411,#7027,#7028);
#5956=AXIS2_PLACEMENT_3D('',#9412,#7029,#7030);
#5957=AXIS2_PLACEMENT_3D('',#9413,#7031,#7032);
#5958=AXIS2_PLACEMENT_3D('',#9414,#7033,#7034);
#5959=AXIS2_PLACEMENT_3D('',#9417,#7035,#7036);
#5960=AXIS2_PLACEMENT_3D('',#9420,#7039,#7040);
#5961=AXIS2_PLACEMENT_3D('',#9423,#7041,#7042);
#5962=AXIS2_PLACEMENT_3D('',#9424,#7043,#7044);
#5963=AXIS2_PLACEMENT_3D('',#9425,#7045,#7046);
#5964=AXIS2_PLACEMENT_3D('',#9426,#7047,#7048);
#5965=AXIS2_PLACEMENT_3D('',#9429,#7049,#7050);
#5966=AXIS2_PLACEMENT_3D('',#9432,#7053,#7054);
#5967=AXIS2_PLACEMENT_3D('',#9435,#7055,#7056);
#5968=AXIS2_PLACEMENT_3D('',#9436,#7057,#7058);
#5969=AXIS2_PLACEMENT_3D('',#9437,#7059,#7060);
#5970=AXIS2_PLACEMENT_3D('',#9438,#7061,#7062);
#5971=AXIS2_PLACEMENT_3D('',#9441,#7063,#7064);
#5972=AXIS2_PLACEMENT_3D('',#9444,#7067,#7068);
#5973=AXIS2_PLACEMENT_3D('',#9447,#7069,#7070);
#5974=AXIS2_PLACEMENT_3D('',#9448,#7071,#7072);
#5975=AXIS2_PLACEMENT_3D('',#9449,#7073,#7074);
#5976=AXIS2_PLACEMENT_3D('',#9450,#7075,#7076);
#5977=AXIS2_PLACEMENT_3D('',#9453,#7077,#7078);
#5978=AXIS2_PLACEMENT_3D('',#9456,#7081,#7082);
#5979=AXIS2_PLACEMENT_3D('',#9459,#7083,#7084);
#5980=AXIS2_PLACEMENT_3D('',#9460,#7085,#7086);
#5981=AXIS2_PLACEMENT_3D('',#9461,#7087,#7088);
#5982=AXIS2_PLACEMENT_3D('',#9462,#7089,#7090);
#5983=AXIS2_PLACEMENT_3D('',#9465,#7091,#7092);
#5984=AXIS2_PLACEMENT_3D('',#9468,#7095,#7096);
#5985=AXIS2_PLACEMENT_3D('',#9471,#7097,#7098);
#5986=AXIS2_PLACEMENT_3D('',#9472,#7099,#7100);
#5987=AXIS2_PLACEMENT_3D('',#9473,#7101,#7102);
#5988=AXIS2_PLACEMENT_3D('',#9474,#7103,#7104);
#5989=AXIS2_PLACEMENT_3D('',#9477,#7105,#7106);
#5990=AXIS2_PLACEMENT_3D('',#9480,#7109,#7110);
#5991=AXIS2_PLACEMENT_3D('',#9482,#7111,#7112);
#5992=AXIS2_PLACEMENT_3D('',#9483,#7113,#7114);
#5993=AXIS2_PLACEMENT_3D('',#9484,#7115,#7116);
#5994=AXIS2_PLACEMENT_3D('',#9485,#7117,#7118);
#5995=AXIS2_PLACEMENT_3D('',#9487,#7119,#7120);
#5996=AXIS2_PLACEMENT_3D('',#9489,#7122,#7123);
#5997=AXIS2_PLACEMENT_3D('',#9492,#7124,#7125);
#5998=AXIS2_PLACEMENT_3D('',#9493,#7126,#7127);
#5999=AXIS2_PLACEMENT_3D('',#9494,#7128,#7129);
#6000=AXIS2_PLACEMENT_3D('',#9495,#7130,#7131);
#6001=AXIS2_PLACEMENT_3D('',#9498,#7132,#7133);
#6002=AXIS2_PLACEMENT_3D('',#9501,#7136,#7137);
#6003=AXIS2_PLACEMENT_3D('',#9502,#7138,#7139);
#6004=AXIS2_PLACEMENT_3D('',#9503,#7140,#7141);
#6005=AXIS2_PLACEMENT_3D('',#9504,#7142,#7143);
#6006=AXIS2_PLACEMENT_3D('',#9507,#7146,#7147);
#6007=AXIS2_PLACEMENT_3D('',#9510,#7148,#7149);
#6008=AXIS2_PLACEMENT_3D('',#9513,#7152,#7153);
#6009=AXIS2_PLACEMENT_3D('',#9516,#7154,#7155);
#6010=AXIS2_PLACEMENT_3D('',#9517,#7156,#7157);
#6011=AXIS2_PLACEMENT_3D('',#9518,#7158,#7159);
#6012=AXIS2_PLACEMENT_3D('',#9519,#7160,#7161);
#6013=AXIS2_PLACEMENT_3D('',#9521,#7162,#7163);
#6014=AXIS2_PLACEMENT_3D('',#9524,#7166,#7167);
#6015=AXIS2_PLACEMENT_3D('',#9526,#7168,#7169);
#6016=AXIS2_PLACEMENT_3D('',#9530,#7171,#7172);
#6017=AXIS2_PLACEMENT_3D('',#9562,#7174,#7175);
#6018=AXIS2_PLACEMENT_3D('',#9563,#7176,#7177);
#6019=AXIS2_PLACEMENT_3D('',#9564,#7178,#7179);
#6020=AXIS2_PLACEMENT_3D('',#9565,#7180,#7181);
#6021=AXIS2_PLACEMENT_3D('',#9566,#7182,#7183);
#6022=AXIS2_PLACEMENT_3D('',#9567,#7184,#7185);
#6023=AXIS2_PLACEMENT_3D('',#9568,#7186,#7187);
#6024=AXIS2_PLACEMENT_3D('',#9570,#7189,#7190);
#6025=AXIS2_PLACEMENT_3D('',#9572,#7192,#7193);
#6026=AXIS2_PLACEMENT_3D('',#9577,#7197,#7198);
#6027=AXIS2_PLACEMENT_3D('',#9579,#7200,#7201);
#6028=AXIS2_PLACEMENT_3D('',#9581,#7203,#7204);
#6029=AXIS2_PLACEMENT_3D('',#9583,#7206,#7207);
#6030=AXIS2_PLACEMENT_3D('',#9585,#7209,#7210);
#6031=AXIS2_PLACEMENT_3D('',#9587,#7212,#7213);
#6032=AXIS2_PLACEMENT_3D('',#9589,#7215,#7216);
#6033=AXIS2_PLACEMENT_3D('',#9591,#7218,#7219);
#6034=AXIS2_PLACEMENT_3D('',#9593,#7221,#7222);
#6035=AXIS2_PLACEMENT_3D('',#9595,#7224,#7225);
#6036=AXIS2_PLACEMENT_3D('',#9597,#7227,#7228);
#6037=AXIS2_PLACEMENT_3D('',#9598,#7229,#7230);
#6038=AXIS2_PLACEMENT_3D('',#9601,#7232,#7233);
#6039=AXIS2_PLACEMENT_3D('',#9602,#7234,#7235);
#6040=AXIS2_PLACEMENT_3D('',#9606,#7238,#7239);
#6041=AXIS2_PLACEMENT_3D('',#9609,#7241,#7242);
#6042=AXIS2_PLACEMENT_3D('',#9610,#7243,#7244);
#6043=AXIS2_PLACEMENT_3D('',#9636,#7258,#7259);
#6044=AXIS2_PLACEMENT_3D('',#9637,#7260,#7261);
#6045=AXIS2_PLACEMENT_3D('',#9638,#7262,#7263);
#6046=AXIS2_PLACEMENT_3D('',#9641,#7264,#7265);
#6047=AXIS2_PLACEMENT_3D('',#9645,#7267,#7268);
#6048=AXIS2_PLACEMENT_3D('',#9649,#7270,#7271);
#6049=AXIS2_PLACEMENT_3D('',#9653,#7273,#7274);
#6050=AXIS2_PLACEMENT_3D('',#9657,#7276,#7277);
#6051=AXIS2_PLACEMENT_3D('',#9661,#7279,#7280);
#6052=AXIS2_PLACEMENT_3D('',#9665,#7282,#7283);
#6053=AXIS2_PLACEMENT_3D('',#9669,#7285,#7286);
#6054=AXIS2_PLACEMENT_3D('',#9701,#7288,#7289);
#6055=AXIS2_PLACEMENT_3D('',#9703,#7290,#7291);
#6056=AXIS2_PLACEMENT_3D('',#9704,#7292,#7293);
#6057=AXIS2_PLACEMENT_3D('',#9705,#7294,#7295);
#6058=AXIS2_PLACEMENT_3D('',#9706,#7296,#7297);
#6059=AXIS2_PLACEMENT_3D('',#9707,#7298,#7299);
#6060=AXIS2_PLACEMENT_3D('',#9708,#7300,#7301);
#6061=AXIS2_PLACEMENT_3D('',#9709,#7302,#7303);
#6062=AXIS2_PLACEMENT_3D('',#9710,#7304,#7305);
#6063=AXIS2_PLACEMENT_3D('',#9711,#7306,#7307);
#6064=AXIS2_PLACEMENT_3D('',#9712,#7308,#7309);
#6065=AXIS2_PLACEMENT_3D('',#9713,#7310,#7311);
#6066=AXIS2_PLACEMENT_3D('',#9714,#7312,#7313);
#6067=AXIS2_PLACEMENT_3D('',#9715,#7314,#7315);
#6068=AXIS2_PLACEMENT_3D('',#9716,#7316,#7317);
#6069=AXIS2_PLACEMENT_3D('',#9717,#7318,#7319);
#6070=AXIS2_PLACEMENT_3D('',#9718,#7320,#7321);
#6071=AXIS2_PLACEMENT_3D('',#9719,#7322,#7323);
#6072=AXIS2_PLACEMENT_3D('',#9720,#7324,#7325);
#6073=AXIS2_PLACEMENT_3D('',#9721,#7326,#7327);
#6074=AXIS2_PLACEMENT_3D('',#9722,#7328,#7329);
#6075=AXIS2_PLACEMENT_3D('',#9723,#7330,#7331);
#6076=AXIS2_PLACEMENT_3D('',#9724,#7332,#7333);
#6077=AXIS2_PLACEMENT_3D('',#9725,#7334,#7335);
#6078=AXIS2_PLACEMENT_3D('',#9726,#7336,#7337);
#6079=AXIS2_PLACEMENT_3D('',#9727,#7338,#7339);
#6080=AXIS2_PLACEMENT_3D('',#9728,#7340,#7341);
#6081=AXIS2_PLACEMENT_3D('',#9729,#7342,#7343);
#6082=AXIS2_PLACEMENT_3D('',#9730,#7344,#7345);
#6083=AXIS2_PLACEMENT_3D('',#9731,#7346,#7347);
#6084=AXIS2_PLACEMENT_3D('',#9732,#7348,#7349);
#6085=AXIS2_PLACEMENT_3D('',#9733,#7350,#7351);
#6086=AXIS2_PLACEMENT_3D('',#9734,#7352,#7353);
#6087=AXIS2_PLACEMENT_3D('',#9735,#7354,#7355);
#6088=AXIS2_PLACEMENT_3D('',#9736,#7356,#7357);
#6089=AXIS2_PLACEMENT_3D('',#9737,#7358,#7359);
#6090=AXIS2_PLACEMENT_3D('',#9738,#7360,#7361);
#6091=AXIS2_PLACEMENT_3D('',#9739,#7362,#7363);
#6092=AXIS2_PLACEMENT_3D('',#9770,#7364,#7365);
#6093=AXIS2_PLACEMENT_3D('',#9771,#7366,#7367);
#6094=AXIS2_PLACEMENT_3D('',#9773,#7369,#7370);
#6095=AXIS2_PLACEMENT_3D('',#9775,#7372,#7373);
#6096=AXIS2_PLACEMENT_3D('',#9777,#7375,#7376);
#6097=AXIS2_PLACEMENT_3D('',#9780,#7377,#7378);
#6098=AXIS2_PLACEMENT_3D('',#9784,#7380,#7381);
#6099=AXIS2_PLACEMENT_3D('',#9788,#7383,#7384);
#6100=AXIS2_PLACEMENT_3D('',#9792,#7386,#7387);
#6101=AXIS2_PLACEMENT_3D('',#9796,#7389,#7390);
#6102=AXIS2_PLACEMENT_3D('',#9800,#7392,#7393);
#6103=AXIS2_PLACEMENT_3D('',#9804,#7395,#7396);
#6104=AXIS2_PLACEMENT_3D('',#9808,#7398,#7399);
#6105=AXIS2_PLACEMENT_3D('',#9810,#7401,#7402);
#6106=AXIS2_PLACEMENT_3D('',#9811,#7403,#7404);
#6107=AXIS2_PLACEMENT_3D('',#9812,#7405,#7406);
#6108=AXIS2_PLACEMENT_3D('',#9818,#7410,#7411);
#6109=AXIS2_PLACEMENT_3D('',#9822,#7414,#7415);
#6110=AXIS2_PLACEMENT_3D('',#9826,#7418,#7419);
#6111=AXIS2_PLACEMENT_3D('',#9830,#7422,#7423);
#6112=AXIS2_PLACEMENT_3D('',#9834,#7426,#7427);
#6113=AXIS2_PLACEMENT_3D('',#9836,#7429,#7430);
#6114=AXIS2_PLACEMENT_3D('',#9838,#7431,#7432);
#6115=AXIS2_PLACEMENT_3D('',#9839,#7433,#7434);
#6116=AXIS2_PLACEMENT_3D('',#9845,#7438,#7439);
#6117=AXIS2_PLACEMENT_3D('',#9849,#7442,#7443);
#6118=AXIS2_PLACEMENT_3D('',#9853,#7446,#7447);
#6119=AXIS2_PLACEMENT_3D('',#9857,#7450,#7451);
#6120=AXIS2_PLACEMENT_3D('',#9861,#7454,#7455);
#6121=AXIS2_PLACEMENT_3D('',#9863,#7457,#7458);
#6122=AXIS2_PLACEMENT_3D('',#9865,#7459,#7460);
#6123=AXIS2_PLACEMENT_3D('',#9866,#7461,#7462);
#6124=AXIS2_PLACEMENT_3D('',#9868,#7463,#7464);
#6125=AXIS2_PLACEMENT_3D('',#9870,#7465,#7466);
#6126=AXIS2_PLACEMENT_3D('',#9871,#7467,#7468);
#6127=AXIS2_PLACEMENT_3D('',#9873,#7470,#7471);
#6128=AXIS2_PLACEMENT_3D('',#9875,#7473,#7474);
#6129=AXIS2_PLACEMENT_3D('',#9877,#7476,#7477);
#6130=AXIS2_PLACEMENT_3D('',#9879,#7479,#7480);
#6131=AXIS2_PLACEMENT_3D('',#9881,#7482,#7483);
#6132=AXIS2_PLACEMENT_3D('',#9883,#7485,#7486);
#6133=AXIS2_PLACEMENT_3D('',#9885,#7488,#7489);
#6134=AXIS2_PLACEMENT_3D('',#9887,#7491,#7492);
#6135=AXIS2_PLACEMENT_3D('',#9888,#7493,#7494);
#6136=AXIS2_PLACEMENT_3D('',#9889,#7495,#7496);
#6137=AXIS2_PLACEMENT_3D('',#9891,#7497,#7498);
#6138=AXIS2_PLACEMENT_3D('',#9893,#7499,#7500);
#6139=AXIS2_PLACEMENT_3D('',#9894,#7501,#7502);
#6140=AXIS2_PLACEMENT_3D('',#9895,#7503,#7504);
#6141=AXIS2_PLACEMENT_3D('',#9897,#7505,#7506);
#6142=AXIS2_PLACEMENT_3D('',#9899,#7508,#7509);
#6143=AXIS2_PLACEMENT_3D('',#9901,#7510,#7511);
#6144=AXIS2_PLACEMENT_3D('',#9902,#7512,#7513);
#6145=AXIS2_PLACEMENT_3D('',#9903,#7514,#7515);
#6146=AXIS2_PLACEMENT_3D('',#9905,#7516,#7517);
#6147=AXIS2_PLACEMENT_3D('',#9907,#7519,#7520);
#6148=AXIS2_PLACEMENT_3D('',#9909,#7521,#7522);
#6149=AXIS2_PLACEMENT_3D('',#9910,#7523,#7524);
#6150=AXIS2_PLACEMENT_3D('',#9911,#7525,#7526);
#6151=AXIS2_PLACEMENT_3D('',#9913,#7527,#7528);
#6152=AXIS2_PLACEMENT_3D('',#9915,#7530,#7531);
#6153=AXIS2_PLACEMENT_3D('',#9917,#7532,#7533);
#6154=AXIS2_PLACEMENT_3D('',#9918,#7534,#7535);
#6155=AXIS2_PLACEMENT_3D('',#9919,#7536,#7537);
#6156=AXIS2_PLACEMENT_3D('',#9921,#7539,#7540);
#6157=AXIS2_PLACEMENT_3D('',#9927,#7544,#7545);
#6158=AXIS2_PLACEMENT_3D('',#9930,#7547,#7548);
#6159=AXIS2_PLACEMENT_3D('',#9931,#7549,#7550);
#6160=AXIS2_PLACEMENT_3D('',#9935,#7553,#7554);
#6161=AXIS2_PLACEMENT_3D('',#9938,#7556,#7557);
#6162=AXIS2_PLACEMENT_3D('',#9939,#7558,#7559);
#6163=AXIS2_PLACEMENT_3D('',#9940,#7560,#7561);
#6164=AXIS2_PLACEMENT_3D('',#9941,#7562,#7563);
#6165=AXIS2_PLACEMENT_3D('',#9942,#7564,#7565);
#6166=AXIS2_PLACEMENT_3D('',#9943,#7566,#7567);
#6167=AXIS2_PLACEMENT_3D('',#9944,#7568,#7569);
#6168=AXIS2_PLACEMENT_3D('',#9946,#7570,#7571);
#6169=AXIS2_PLACEMENT_3D('',#9947,#7572,#7573);
#6170=AXIS2_PLACEMENT_3D('',#9948,#7574,#7575);
#6171=AXIS2_PLACEMENT_3D('',#9950,#7576,#7577);
#6172=AXIS2_PLACEMENT_3D('',#9952,#7579,#7580);
#6173=AXIS2_PLACEMENT_3D('',#9954,#7581,#7582);
#6174=AXIS2_PLACEMENT_3D('',#9955,#7583,#7584);
#6175=AXIS2_PLACEMENT_3D('',#9956,#7585,#7586);
#6176=AXIS2_PLACEMENT_3D('',#9957,#7587,#7588);
#6177=AXIS2_PLACEMENT_3D('',#9959,#7590,#7591);
#6178=AXIS2_PLACEMENT_3D('',#9960,#7592,#7593);
#6179=AXIS2_PLACEMENT_3D('',#9961,#7594,#7595);
#6180=AXIS2_PLACEMENT_3D('',#9962,#7596,#7597);
#6181=AXIS2_PLACEMENT_3D('',#9964,#7599,#7600);
#6182=AXIS2_PLACEMENT_3D('',#9966,#7601,#7602);
#6183=AXIS2_PLACEMENT_3D('',#9968,#7603,#7604);
#6184=AXIS2_PLACEMENT_3D('',#9969,#7605,#7606);
#6185=AXIS2_PLACEMENT_3D('',#9970,#7607,#7608);
#6186=AXIS2_PLACEMENT_3D('',#9972,#7609,#7610);
#6187=AXIS2_PLACEMENT_3D('',#9974,#7612,#7613);
#6188=AXIS2_PLACEMENT_3D('',#9976,#7614,#7615);
#6189=AXIS2_PLACEMENT_3D('',#9977,#7616,#7617);
#6190=AXIS2_PLACEMENT_3D('',#9978,#7618,#7619);
#6191=AXIS2_PLACEMENT_3D('',#9980,#7620,#7621);
#6192=AXIS2_PLACEMENT_3D('',#9982,#7623,#7624);
#6193=AXIS2_PLACEMENT_3D('',#9984,#7625,#7626);
#6194=AXIS2_PLACEMENT_3D('',#9985,#7627,#7628);
#6195=AXIS2_PLACEMENT_3D('',#9986,#7629,#7630);
#6196=AXIS2_PLACEMENT_3D('',#9988,#7631,#7632);
#6197=AXIS2_PLACEMENT_3D('',#9990,#7634,#7635);
#6198=AXIS2_PLACEMENT_3D('',#9992,#7636,#7637);
#6199=AXIS2_PLACEMENT_3D('',#9993,#7638,#7639);
#6200=AXIS2_PLACEMENT_3D('',#9994,#7640,#7641);
#6201=AXIS2_PLACEMENT_3D('',#9996,#7643,#7644);
#6202=AXIS2_PLACEMENT_3D('',#10002,#7648,#7649);
#6203=AXIS2_PLACEMENT_3D('',#10005,#7651,#7652);
#6204=AXIS2_PLACEMENT_3D('',#10006,#7653,#7654);
#6205=AXIS2_PLACEMENT_3D('',#10010,#7657,#7658);
#6206=AXIS2_PLACEMENT_3D('',#10013,#7660,#7661);
#6207=AXIS2_PLACEMENT_3D('',#10014,#7662,#7663);
#6208=AXIS2_PLACEMENT_3D('',#10017,#7664,#7665);
#6209=AXIS2_PLACEMENT_3D('',#10020,#7667,#7668);
#6210=AXIS2_PLACEMENT_3D('',#10022,#7670,#7671);
#6211=AXIS2_PLACEMENT_3D('',#10024,#7672,#7673);
#6212=AXIS2_PLACEMENT_3D('',#10025,#7674,#7675);
#6213=AXIS2_PLACEMENT_3D('',#10026,#7676,#7677);
#6214=AXIS2_PLACEMENT_3D('',#10028,#7678,#7679);
#6215=AXIS2_PLACEMENT_3D('',#10030,#7681,#7682);
#6216=AXIS2_PLACEMENT_3D('',#10032,#7683,#7684);
#6217=AXIS2_PLACEMENT_3D('',#10033,#7685,#7686);
#6218=AXIS2_PLACEMENT_3D('',#10034,#7687,#7688);
#6219=AXIS2_PLACEMENT_3D('',#10036,#7689,#7690);
#6220=AXIS2_PLACEMENT_3D('',#10038,#7692,#7693);
#6221=AXIS2_PLACEMENT_3D('',#10041,#7694,#7695);
#6222=AXIS2_PLACEMENT_3D('',#10042,#7696,#7697);
#6223=AXIS2_PLACEMENT_3D('',#10043,#7698,#7699);
#6224=AXIS2_PLACEMENT_3D('',#10044,#7700,#7701);
#6225=AXIS2_PLACEMENT_3D('',#10047,#7702,#7703);
#6226=AXIS2_PLACEMENT_3D('',#10050,#7706,#7707);
#6227=AXIS2_PLACEMENT_3D('',#10051,#7708,#7709);
#6228=AXIS2_PLACEMENT_3D('',#10052,#7710,#7711);
#6229=AXIS2_PLACEMENT_3D('',#10053,#7712,#7713);
#6230=AXIS2_PLACEMENT_3D('',#10055,#7715,#7716);
#6231=AXIS2_PLACEMENT_3D('',#10057,#7718,#7719);
#6232=AXIS2_PLACEMENT_3D('',#10059,#7721,#7722);
#6233=AXIS2_PLACEMENT_3D('',#10060,#7723,#7724);
#6234=AXIS2_PLACEMENT_3D('',#10063,#7725,#7726);
#6235=AXIS2_PLACEMENT_3D('',#10067,#7728,#7729);
#6236=AXIS2_PLACEMENT_3D('',#10071,#7731,#7732);
#6237=AXIS2_PLACEMENT_3D('',#10075,#7734,#7735);
#6238=AXIS2_PLACEMENT_3D('',#10077,#7737,#7738);
#6239=AXIS2_PLACEMENT_3D('',#10079,#7740,#7741);
#6240=AXIS2_PLACEMENT_3D('',#10081,#7743,#7744);
#6241=AXIS2_PLACEMENT_3D('',#10082,#7745,#7746);
#6242=AXIS2_PLACEMENT_3D('',#10085,#7749,#7750);
#6243=AXIS2_PLACEMENT_3D('',#10087,#7752,#7753);
#6244=AXIS2_PLACEMENT_3D('',#10090,#7756,#7757);
#6245=AXIS2_PLACEMENT_3D('',#10092,#7759,#7760);
#6246=AXIS2_PLACEMENT_3D('',#10094,#7762,#7763);
#6247=AXIS2_PLACEMENT_3D('',#10096,#7765,#7766);
#6248=AXIS2_PLACEMENT_3D('',#10097,#7767,#7768);
#6249=AXIS2_PLACEMENT_3D('',#10098,#7769,#7770);
#6250=AXIS2_PLACEMENT_3D('',#10100,#7771,#7772);
#6251=AXIS2_PLACEMENT_3D('',#10102,#7773,#7774);
#6252=AXIS2_PLACEMENT_3D('',#10103,#7775,#7776);
#6253=AXIS2_PLACEMENT_3D('',#10104,#7777,#7778);
#6254=AXIS2_PLACEMENT_3D('',#10106,#7779,#7780);
#6255=AXIS2_PLACEMENT_3D('',#10108,#7782,#7783);
#6256=AXIS2_PLACEMENT_3D('',#10110,#7784,#7785);
#6257=AXIS2_PLACEMENT_3D('',#10111,#7786,#7787);
#6258=AXIS2_PLACEMENT_3D('',#10112,#7788,#7789);
#6259=AXIS2_PLACEMENT_3D('',#10114,#7790,#7791);
#6260=AXIS2_PLACEMENT_3D('',#10116,#7793,#7794);
#6261=AXIS2_PLACEMENT_3D('',#10118,#7795,#7796);
#6262=AXIS2_PLACEMENT_3D('',#10119,#7797,#7798);
#6263=AXIS2_PLACEMENT_3D('',#10120,#7799,#7800);
#6264=AXIS2_PLACEMENT_3D('',#10122,#7801,#7802);
#6265=AXIS2_PLACEMENT_3D('',#10124,#7804,#7805);
#6266=AXIS2_PLACEMENT_3D('',#10126,#7806,#7807);
#6267=AXIS2_PLACEMENT_3D('',#10127,#7808,#7809);
#6268=AXIS2_PLACEMENT_3D('',#10128,#7810,#7811);
#6269=AXIS2_PLACEMENT_3D('',#10130,#7813,#7814);
#6270=AXIS2_PLACEMENT_3D('',#10136,#7818,#7819);
#6271=AXIS2_PLACEMENT_3D('',#10139,#7821,#7822);
#6272=AXIS2_PLACEMENT_3D('',#10140,#7823,#7824);
#6273=AXIS2_PLACEMENT_3D('',#10144,#7827,#7828);
#6274=AXIS2_PLACEMENT_3D('',#10147,#7830,#7831);
#6275=AXIS2_PLACEMENT_3D('',#10148,#7832,#7833);
#6276=AXIS2_PLACEMENT_3D('',#10150,#7834,#7835);
#6277=AXIS2_PLACEMENT_3D('',#10152,#7836,#7837);
#6278=AXIS2_PLACEMENT_3D('',#10153,#7838,#7839);
#6279=AXIS2_PLACEMENT_3D('',#10154,#7840,#7841);
#6280=AXIS2_PLACEMENT_3D('',#10155,#7842,#7843);
#6281=AXIS2_PLACEMENT_3D('',#10157,#7845,#7846);
#6282=AXIS2_PLACEMENT_3D('',#10158,#7847,#7848);
#6283=AXIS2_PLACEMENT_3D('',#10159,#7849,#7850);
#6284=AXIS2_PLACEMENT_3D('',#10160,#7851,#7852);
#6285=AXIS2_PLACEMENT_3D('',#10161,#7853,#7854);
#6286=AXIS2_PLACEMENT_3D('',#10162,#7855,#7856);
#6287=AXIS2_PLACEMENT_3D('',#10163,#7857,#7858);
#6288=AXIS2_PLACEMENT_3D('',#10164,#7859,#7860);
#6289=AXIS2_PLACEMENT_3D('',#10165,#7861,#7862);
#6290=AXIS2_PLACEMENT_3D('',#10167,#7863,#7864);
#6291=AXIS2_PLACEMENT_3D('',#10168,#7865,#7866);
#6292=AXIS2_PLACEMENT_3D('',#10169,#7867,#7868);
#6293=AXIS2_PLACEMENT_3D('',#10171,#7870,#7871);
#6294=AXIS2_PLACEMENT_3D('',#10173,#7873,#7874);
#6295=AXIS2_PLACEMENT_3D('',#10175,#7876,#7877);
#6296=AXIS2_PLACEMENT_3D('',#10177,#7879,#7880);
#6297=AXIS2_PLACEMENT_3D('',#10179,#7881,#7882);
#6298=AXIS2_PLACEMENT_3D('',#10181,#7883,#7884);
#6299=AXIS2_PLACEMENT_3D('',#10182,#7885,#7886);
#6300=AXIS2_PLACEMENT_3D('',#10183,#7887,#7888);
#6301=AXIS2_PLACEMENT_3D('',#10185,#7889,#7890);
#6302=AXIS2_PLACEMENT_3D('',#10187,#7892,#7893);
#6303=AXIS2_PLACEMENT_3D('',#10189,#7894,#7895);
#6304=AXIS2_PLACEMENT_3D('',#10190,#7896,#7897);
#6305=AXIS2_PLACEMENT_3D('',#10191,#7898,#7899);
#6306=AXIS2_PLACEMENT_3D('',#10193,#7900,#7901);
#6307=AXIS2_PLACEMENT_3D('',#10195,#7903,#7904);
#6308=AXIS2_PLACEMENT_3D('',#10197,#7905,#7906);
#6309=AXIS2_PLACEMENT_3D('',#10198,#7907,#7908);
#6310=AXIS2_PLACEMENT_3D('',#10199,#7909,#7910);
#6311=AXIS2_PLACEMENT_3D('',#10201,#7911,#7912);
#6312=AXIS2_PLACEMENT_3D('',#10203,#7914,#7915);
#6313=AXIS2_PLACEMENT_3D('',#10205,#7916,#7917);
#6314=AXIS2_PLACEMENT_3D('',#10206,#7918,#7919);
#6315=AXIS2_PLACEMENT_3D('',#10207,#7920,#7921);
#6316=AXIS2_PLACEMENT_3D('',#10209,#7923,#7924);
#6317=AXIS2_PLACEMENT_3D('',#10215,#7928,#7929);
#6318=AXIS2_PLACEMENT_3D('',#10218,#7931,#7932);
#6319=AXIS2_PLACEMENT_3D('',#10219,#7933,#7934);
#6320=AXIS2_PLACEMENT_3D('',#10223,#7937,#7938);
#6321=AXIS2_PLACEMENT_3D('',#10226,#7940,#7941);
#6322=AXIS2_PLACEMENT_3D('',#10227,#7942,#7943);
#6323=AXIS2_PLACEMENT_3D('',#10229,#7944,#7945);
#6324=AXIS2_PLACEMENT_3D('',#10232,#7947,#7948);
#6325=AXIS2_PLACEMENT_3D('',#10233,#7949,#7950);
#6326=AXIS2_PLACEMENT_3D('',#10235,#7951,#7952);
#6327=AXIS2_PLACEMENT_3D('',#10236,#7953,#7954);
#6328=AXIS2_PLACEMENT_3D('',#10237,#7955,#7956);
#6329=AXIS2_PLACEMENT_3D('',#10239,#7957,#7958);
#6330=AXIS2_PLACEMENT_3D('',#10241,#7960,#7961);
#6331=AXIS2_PLACEMENT_3D('',#10244,#7962,#7963);
#6332=AXIS2_PLACEMENT_3D('',#10245,#7964,#7965);
#6333=AXIS2_PLACEMENT_3D('',#10246,#7966,#7967);
#6334=AXIS2_PLACEMENT_3D('',#10247,#7968,#7969);
#6335=AXIS2_PLACEMENT_3D('',#10250,#7970,#7971);
#6336=AXIS2_PLACEMENT_3D('',#10253,#7974,#7975);
#6337=AXIS2_PLACEMENT_3D('',#10256,#7976,#7977);
#6338=AXIS2_PLACEMENT_3D('',#10257,#7978,#7979);
#6339=AXIS2_PLACEMENT_3D('',#10258,#7980,#7981);
#6340=AXIS2_PLACEMENT_3D('',#10259,#7982,#7983);
#6341=AXIS2_PLACEMENT_3D('',#10261,#7984,#7985);
#6342=AXIS2_PLACEMENT_3D('',#10264,#7988,#7989);
#6343=AXIS2_PLACEMENT_3D('',#10265,#7990,#7991);
#6344=AXIS2_PLACEMENT_3D('',#10266,#7992,#7993);
#6345=AXIS2_PLACEMENT_3D('',#10269,#7996,#7997);
#6346=AXIS2_PLACEMENT_3D('',#10270,#7998,#7999);
#6347=AXIS2_PLACEMENT_3D('',#10273,#8000,#8001);
#6348=AXIS2_PLACEMENT_3D('',#10277,#8003,#8004);
#6349=AXIS2_PLACEMENT_3D('',#10281,#8006,#8007);
#6350=AXIS2_PLACEMENT_3D('',#10285,#8009,#8010);
#6351=AXIS2_PLACEMENT_3D('',#10287,#8012,#8013);
#6352=AXIS2_PLACEMENT_3D('',#10289,#8015,#8016);
#6353=AXIS2_PLACEMENT_3D('',#10290,#8017,#8018);
#6354=AXIS2_PLACEMENT_3D('',#10291,#8019,#8020);
#6355=AXIS2_PLACEMENT_3D('',#10294,#8023,#8024);
#6356=AXIS2_PLACEMENT_3D('',#10296,#8026,#8027);
#6357=AXIS2_PLACEMENT_3D('',#10299,#8030,#8031);
#6358=AXIS2_PLACEMENT_3D('',#10300,#8032,#8033);
#6359=AXIS2_PLACEMENT_3D('',#10303,#8036,#8037);
#6360=AXIS2_PLACEMENT_3D('',#10304,#8038,#8039);
#6361=AXIS2_PLACEMENT_3D('',#10306,#8041,#8042);
#6362=AXIS2_PLACEMENT_3D('',#10307,#8043,#8044);
#6363=AXIS2_PLACEMENT_3D('',#10310,#8045,#8046);
#6364=AXIS2_PLACEMENT_3D('',#10314,#8048,#8049);
#6365=AXIS2_PLACEMENT_3D('',#10327,#8051,#8052);
#6366=AXIS2_PLACEMENT_3D('',#10328,#8053,#8054);
#6367=AXIS2_PLACEMENT_3D('',#10329,#8055,#8056);
#6368=AXIS2_PLACEMENT_3D('',#10330,#8057,#8058);
#6369=AXIS2_PLACEMENT_3D('',#10333,#8059,#8060);
#6370=AXIS2_PLACEMENT_3D('',#10347,#8063,#8064);
#6371=AXIS2_PLACEMENT_3D('',#10348,#8065,#8066);
#6372=AXIS2_PLACEMENT_3D('',#10349,#8067,#8068);
#6373=AXIS2_PLACEMENT_3D('',#10350,#8069,#8070);
#6374=AXIS2_PLACEMENT_3D('',#10353,#8071,#8072);
#6375=AXIS2_PLACEMENT_3D('',#10367,#8075,#8076);
#6376=AXIS2_PLACEMENT_3D('',#10368,#8077,#8078);
#6377=AXIS2_PLACEMENT_3D('',#10369,#8079,#8080);
#6378=AXIS2_PLACEMENT_3D('',#10370,#8081,#8082);
#6379=AXIS2_PLACEMENT_3D('',#10373,#8083,#8084);
#6380=AXIS2_PLACEMENT_3D('',#10385,#8087,#8088);
#6381=AXIS2_PLACEMENT_3D('',#10386,#8089,#8090);
#6382=AXIS2_PLACEMENT_3D('',#10387,#8091,#8092);
#6383=AXIS2_PLACEMENT_3D('',#10391,#8094,#8095);
#6384=AXIS2_PLACEMENT_3D('',#10393,#8097,#8098);
#6385=AXIS2_PLACEMENT_3D('',#10397,#8101,#8102);
#6386=AXIS2_PLACEMENT_3D('',#10400,#8104,#8105);
#6387=AXIS2_PLACEMENT_3D('',#10401,#8106,#8107);
#6388=AXIS2_PLACEMENT_3D('',#10405,#8110,#8111);
#6389=AXIS2_PLACEMENT_3D('',#10410,#8113,#8114);
#6390=AXIS2_PLACEMENT_3D('',#10414,#8116,#8117);
#6391=AXIS2_PLACEMENT_3D('',#10418,#8119,#8120);
#6392=AXIS2_PLACEMENT_3D('',#10421,#8122,#8123);
#6393=AXIS2_PLACEMENT_3D('',#10432,#8124,#8125);
#6394=AXIS2_PLACEMENT_3D('',#10434,#8126,#8127);
#6395=AXIS2_PLACEMENT_3D('',#10435,#8128,#8129);
#6396=AXIS2_PLACEMENT_3D('',#10436,#8130,#8131);
#6397=AXIS2_PLACEMENT_3D('',#10439,#8132,#8133);
#6398=AXIS2_PLACEMENT_3D('',#10453,#8136,#8137);
#6399=AXIS2_PLACEMENT_3D('',#10454,#8138,#8139);
#6400=AXIS2_PLACEMENT_3D('',#10455,#8140,#8141);
#6401=AXIS2_PLACEMENT_3D('',#10456,#8142,#8143);
#6402=AXIS2_PLACEMENT_3D('',#10459,#8144,#8145);
#6403=AXIS2_PLACEMENT_3D('',#10472,#8148,#8149);
#6404=AXIS2_PLACEMENT_3D('',#10473,#8150,#8151);
#6405=AXIS2_PLACEMENT_3D('',#10474,#8152,#8153);
#6406=AXIS2_PLACEMENT_3D('',#10475,#8154,#8155);
#6407=AXIS2_PLACEMENT_3D('',#10477,#8156,#8157);
#6408=AXIS2_PLACEMENT_3D('',#10489,#8159,#8160);
#6409=AXIS2_PLACEMENT_3D('',#10490,#8161,#8162);
#6410=AXIS2_PLACEMENT_3D('',#10491,#8163,#8164);
#6411=AXIS2_PLACEMENT_3D('',#10493,#8166,#8167);
#6412=AXIS2_PLACEMENT_3D('',#10494,#8168,#8169);
#6413=AXIS2_PLACEMENT_3D('',#10497,#8170,#8171);
#6414=AXIS2_PLACEMENT_3D('',#10499,#8172,#8173);
#6415=AXIS2_PLACEMENT_3D('',#10500,#8174,#8175);
#6416=AXIS2_PLACEMENT_3D('',#10501,#8176,#8177);
#6417=AXIS2_PLACEMENT_3D('',#10504,#8178,#8179);
#6418=AXIS2_PLACEMENT_3D('',#10506,#8180,#8181);
#6419=AXIS2_PLACEMENT_3D('',#10507,#8182,#8183);
#6420=AXIS2_PLACEMENT_3D('',#10508,#8184,#8185);
#6421=AXIS2_PLACEMENT_3D('',#10511,#8186,#8187);
#6422=AXIS2_PLACEMENT_3D('',#10513,#8188,#8189);
#6423=AXIS2_PLACEMENT_3D('',#10514,#8190,#8191);
#6424=AXIS2_PLACEMENT_3D('',#10515,#8192,#8193);
#6425=AXIS2_PLACEMENT_3D('',#10518,#8194,#8195);
#6426=AXIS2_PLACEMENT_3D('',#10520,#8196,#8197);
#6427=AXIS2_PLACEMENT_3D('',#10521,#8198,#8199);
#6428=AXIS2_PLACEMENT_3D('',#10522,#8200,#8201);
#6429=AXIS2_PLACEMENT_3D('',#10525,#8204,#8205);
#6430=AXIS2_PLACEMENT_3D('',#10528,#8208,#8209);
#6431=AXIS2_PLACEMENT_3D('',#10531,#8212,#8213);
#6432=AXIS2_PLACEMENT_3D('',#10534,#8216,#8217);
#6433=AXIS2_PLACEMENT_3D('',#10537,#8220,#8221);
#6434=AXIS2_PLACEMENT_3D('',#10540,#8224,#8225);
#6435=AXIS2_PLACEMENT_3D('',#10543,#8228,#8229);
#6436=AXIS2_PLACEMENT_3D('',#10546,#8232,#8233);
#6437=AXIS2_PLACEMENT_3D('',#10547,#8234,#8235);
#6438=AXIS2_PLACEMENT_3D('',#10548,#8236,#8237);
#6439=AXIS2_PLACEMENT_3D('',#10549,#8238,#8239);
#6440=AXIS2_PLACEMENT_3D('',#10552,#8242,#8243);
#6441=AXIS2_PLACEMENT_3D('',#10554,#8245,#8246);
#6442=AXIS2_PLACEMENT_3D('',#10555,#8247,#8248);
#6443=AXIS2_PLACEMENT_3D('',#10556,#8249,#8250);
#6444=AXIS2_PLACEMENT_3D('',#10557,#8251,#8252);
#6445=AXIS2_PLACEMENT_3D('',#10558,#8253,#8254);
#6446=AXIS2_PLACEMENT_3D('',#10561,#8255,#8256);
#6447=AXIS2_PLACEMENT_3D('',#10565,#8258,#8259);
#6448=AXIS2_PLACEMENT_3D('',#10578,#8261,#8262);
#6449=AXIS2_PLACEMENT_3D('',#10579,#8263,#8264);
#6450=AXIS2_PLACEMENT_3D('',#10580,#8265,#8266);
#6451=AXIS2_PLACEMENT_3D('',#10581,#8267,#8268);
#6452=AXIS2_PLACEMENT_3D('',#10584,#8269,#8270);
#6453=AXIS2_PLACEMENT_3D('',#10598,#8273,#8274);
#6454=AXIS2_PLACEMENT_3D('',#10599,#8275,#8276);
#6455=AXIS2_PLACEMENT_3D('',#10600,#8277,#8278);
#6456=AXIS2_PLACEMENT_3D('',#10601,#8279,#8280);
#6457=AXIS2_PLACEMENT_3D('',#10604,#8281,#8282);
#6458=AXIS2_PLACEMENT_3D('',#10618,#8285,#8286);
#6459=AXIS2_PLACEMENT_3D('',#10619,#8287,#8288);
#6460=AXIS2_PLACEMENT_3D('',#10620,#8289,#8290);
#6461=AXIS2_PLACEMENT_3D('',#10621,#8291,#8292);
#6462=AXIS2_PLACEMENT_3D('',#10624,#8293,#8294);
#6463=AXIS2_PLACEMENT_3D('',#10636,#8297,#8298);
#6464=AXIS2_PLACEMENT_3D('',#10637,#8299,#8300);
#6465=AXIS2_PLACEMENT_3D('',#10638,#8301,#8302);
#6466=AXIS2_PLACEMENT_3D('',#10642,#8304,#8305);
#6467=AXIS2_PLACEMENT_3D('',#10644,#8307,#8308);
#6468=AXIS2_PLACEMENT_3D('',#10648,#8311,#8312);
#6469=AXIS2_PLACEMENT_3D('',#10651,#8314,#8315);
#6470=AXIS2_PLACEMENT_3D('',#10652,#8316,#8317);
#6471=AXIS2_PLACEMENT_3D('',#10656,#8320,#8321);
#6472=AXIS2_PLACEMENT_3D('',#10659,#8322,#8323);
#6473=AXIS2_PLACEMENT_3D('',#10663,#8325,#8326);
#6474=AXIS2_PLACEMENT_3D('',#10667,#8328,#8329);
#6475=AXIS2_PLACEMENT_3D('',#10671,#8331,#8332);
#6476=AXIS2_PLACEMENT_3D('',#10684,#8334,#8335);
#6477=AXIS2_PLACEMENT_3D('',#10686,#8336,#8337);
#6478=AXIS2_PLACEMENT_3D('',#10688,#8338,#8339);
#6479=AXIS2_PLACEMENT_3D('',#10689,#8340,#8341);
#6480=AXIS2_PLACEMENT_3D('',#10690,#8342,#8343);
#6481=AXIS2_PLACEMENT_3D('',#10693,#8344,#8345);
#6482=AXIS2_PLACEMENT_3D('',#10706,#8348,#8349);
#6483=AXIS2_PLACEMENT_3D('',#10707,#8350,#8351);
#6484=AXIS2_PLACEMENT_3D('',#10708,#8352,#8353);
#6485=AXIS2_PLACEMENT_3D('',#10709,#8354,#8355);
#6486=AXIS2_PLACEMENT_3D('',#10711,#8356,#8357);
#6487=AXIS2_PLACEMENT_3D('',#10723,#8359,#8360);
#6488=AXIS2_PLACEMENT_3D('',#10724,#8361,#8362);
#6489=AXIS2_PLACEMENT_3D('',#10725,#8363,#8364);
#6490=AXIS2_PLACEMENT_3D('',#10727,#8365,#8366);
#6491=AXIS2_PLACEMENT_3D('',#10739,#8368,#8369);
#6492=AXIS2_PLACEMENT_3D('',#10740,#8370,#8371);
#6493=AXIS2_PLACEMENT_3D('',#10741,#8372,#8373);
#6494=AXIS2_PLACEMENT_3D('',#10744,#8376,#8377);
#6495=AXIS2_PLACEMENT_3D('',#10746,#8379,#8380);
#6496=AXIS2_PLACEMENT_3D('',#10748,#8382,#8383);
#6497=AXIS2_PLACEMENT_3D('',#10749,#8384,#8385);
#6498=AXIS2_PLACEMENT_3D('',#10752,#8386,#8387);
#6499=AXIS2_PLACEMENT_3D('',#10754,#8388,#8389);
#6500=AXIS2_PLACEMENT_3D('',#10755,#8390,#8391);
#6501=AXIS2_PLACEMENT_3D('',#10756,#8392,#8393);
#6502=AXIS2_PLACEMENT_3D('',#10759,#8394,#8395);
#6503=AXIS2_PLACEMENT_3D('',#10761,#8396,#8397);
#6504=AXIS2_PLACEMENT_3D('',#10762,#8398,#8399);
#6505=AXIS2_PLACEMENT_3D('',#10763,#8400,#8401);
#6506=AXIS2_PLACEMENT_3D('',#10766,#8404,#8405);
#6507=AXIS2_PLACEMENT_3D('',#10769,#8406,#8407);
#6508=AXIS2_PLACEMENT_3D('',#10771,#8408,#8409);
#6509=AXIS2_PLACEMENT_3D('',#10772,#8410,#8411);
#6510=AXIS2_PLACEMENT_3D('',#10773,#8412,#8413);
#6511=AXIS2_PLACEMENT_3D('',#10776,#8414,#8415);
#6512=AXIS2_PLACEMENT_3D('',#10778,#8416,#8417);
#6513=AXIS2_PLACEMENT_3D('',#10779,#8418,#8419);
#6514=AXIS2_PLACEMENT_3D('',#10780,#8420,#8421);
#6515=AXIS2_PLACEMENT_3D('',#10783,#8424,#8425);
#6516=AXIS2_PLACEMENT_3D('',#10786,#8428,#8429);
#6517=AXIS2_PLACEMENT_3D('',#10789,#8432,#8433);
#6518=AXIS2_PLACEMENT_3D('',#10792,#8436,#8437);
#6519=AXIS2_PLACEMENT_3D('',#10795,#8440,#8441);
#6520=AXIS2_PLACEMENT_3D('',#10798,#8444,#8445);
#6521=AXIS2_PLACEMENT_3D('',#10801,#8448,#8449);
#6522=AXIS2_PLACEMENT_3D('',#10802,#8450,#8451);
#6523=AXIS2_PLACEMENT_3D('',#10803,#8452,#8453);
#6524=AXIS2_PLACEMENT_3D('',#10804,#8454,#8455);
#6525=AXIS2_PLACEMENT_3D('',#10806,#8457,#8458);
#6526=AXIS2_PLACEMENT_3D('',#10807,#8459,#8460);
#6527=AXIS2_PLACEMENT_3D('',#10808,#8461,#8462);
#6528=DIRECTION('axis',(0.,0.,1.));
#6529=DIRECTION('refdir',(1.,0.,0.));
#6530=DIRECTION('center_axis',(-2.40699726482254E-16,-0.801001872928665,
-0.598661840745484));
#6531=DIRECTION('ref_axis',(-1.,-8.76142269845559E-9,1.17226717222252E-8));
#6532=DIRECTION('center_axis',(-3.11692126344965E-17,0.804030252207315,
-0.594588390010637));
#6533=DIRECTION('ref_axis',(0.100000000000018,-0.591607978310034,-0.799999999999944));
#6534=DIRECTION('center_axis',(-1.,5.70618514764569E-16,0.));
#6535=DIRECTION('ref_axis',(5.70618514764569E-16,1.,0.));
#6536=DIRECTION('',(-5.70618514764569E-16,-1.,0.));
#6537=DIRECTION('',(0.,0.,1.));
#6538=DIRECTION('',(5.70618514764569E-16,1.,0.));
#6539=DIRECTION('',(0.,0.,-1.));
#6540=DIRECTION('',(-5.70618514764569E-16,-1.,0.));
#6541=DIRECTION('center_axis',(0.,0.,-1.));
#6542=DIRECTION('ref_axis',(-5.55111512312578E-16,1.,0.));
#6543=DIRECTION('center_axis',(-3.5527136788005E-16,1.,0.));
#6544=DIRECTION('ref_axis',(1.,3.5527136788005E-16,0.));
#6545=DIRECTION('',(0.,0.,-1.));
#6546=DIRECTION('',(-1.,-3.5527136788005E-16,0.));
#6547=DIRECTION('',(0.,0.,-1.));
#6548=DIRECTION('',(1.,3.5527136788005E-16,0.));
#6549=DIRECTION('',(0.,0.,-1.));
#6550=DIRECTION('center_axis',(3.5527136788005E-16,-1.,0.));
#6551=DIRECTION('ref_axis',(-0.707106781186548,-2.51214793389404E-16,0.707106781186548));
#6552=DIRECTION('',(-1.,-3.5527136788005E-16,0.));
#6553=DIRECTION('center_axis',(3.5527136788005E-16,-1.,0.));
#6554=DIRECTION('ref_axis',(0.707106781186548,2.51214793389404E-16,0.707106781186547));
#6555=DIRECTION('',(0.,0.,1.));
#6556=DIRECTION('center_axis',(3.5527136788005E-16,-1.,0.));
#6557=DIRECTION('ref_axis',(0.707106781186548,2.51214793389404E-16,-0.707106781186547));
#6558=DIRECTION('',(1.,3.5527136788005E-16,2.07518322359842E-16));
#6559=DIRECTION('center_axis',(-3.5527136788005E-16,1.,0.));
#6560=DIRECTION('ref_axis',(-0.707106781186548,-2.51214793389404E-16,0.707106781186547));
#6561=DIRECTION('',(0.,0.,1.));
#6562=DIRECTION('center_axis',(-3.5527136788005E-16,1.,0.));
#6563=DIRECTION('ref_axis',(-0.707106781186548,-2.51214793389404E-16,-0.707106781186547));
#6564=DIRECTION('',(-1.,-3.5527136788005E-16,0.));
#6565=DIRECTION('center_axis',(3.5527136788005E-16,-1.,0.));
#6566=DIRECTION('ref_axis',(0.707106781186548,2.51214793389404E-16,0.707106781186547));
#6567=DIRECTION('',(0.,0.,1.));
#6568=DIRECTION('center_axis',(3.5527136788005E-16,-1.,0.));
#6569=DIRECTION('ref_axis',(0.707106781186548,2.51214793389404E-16,-0.707106781186547));
#6570=DIRECTION('',(1.,3.5527136788005E-16,0.));
#6571=DIRECTION('center_axis',(3.5527136788005E-16,-1.,0.));
#6572=DIRECTION('ref_axis',(-0.707106781186548,-2.51214793389404E-16,-0.707106781186548));
#6573=DIRECTION('',(0.,0.,1.));
#6574=DIRECTION('center_axis',(-3.5527136788005E-16,1.,0.));
#6575=DIRECTION('ref_axis',(0.707106781186549,0.,0.707106781186546));
#6576=DIRECTION('',(-1.,-3.5527136788005E-16,0.));
#6577=DIRECTION('center_axis',(-3.5527136788005E-16,1.,0.));
#6578=DIRECTION('ref_axis',(-0.707106781186548,0.,0.707106781186547));
#6579=DIRECTION('',(0.,0.,-1.));
#6580=DIRECTION('center_axis',(-3.5527136788005E-16,1.,0.));
#6581=DIRECTION('ref_axis',(-0.707106781186548,0.,-0.707106781186548));
#6582=DIRECTION('',(1.,3.5527136788005E-16,-2.70786103567111E-16));
#6583=DIRECTION('center_axis',(-3.5527136788005E-16,1.,0.));
#6584=DIRECTION('ref_axis',(0.707106781186546,0.,-0.707106781186549));
#6585=DIRECTION('',(0.,0.,1.));
#6586=DIRECTION('center_axis',(-3.5527136788005E-16,1.,0.));
#6587=DIRECTION('ref_axis',(0.707106781186551,0.,0.707106781186544));
#6588=DIRECTION('',(-1.,-3.5527136788005E-16,-2.70786103567111E-16));
#6589=DIRECTION('center_axis',(-3.5527136788005E-16,1.,0.));
#6590=DIRECTION('ref_axis',(-0.707106781186549,0.,0.707106781186546));
#6591=DIRECTION('',(0.,0.,-1.));
#6592=DIRECTION('center_axis',(-3.5527136788005E-16,1.,0.));
#6593=DIRECTION('ref_axis',(-0.707106781186548,0.,-0.707106781186548));
#6594=DIRECTION('',(1.,3.5527136788005E-16,0.));
#6595=DIRECTION('center_axis',(-3.5527136788005E-16,1.,0.));
#6596=DIRECTION('ref_axis',(0.70710678118655,0.,-0.707106781186545));
#6597=DIRECTION('center_axis',(1.,-1.95921710227969E-16,0.));
#6598=DIRECTION('ref_axis',(0.,-0.707106781186548,0.707106781186548));
#6599=DIRECTION('',(1.,-1.95921710227969E-16,0.));
#6600=DIRECTION('center_axis',(-1.,0.,0.));
#6601=DIRECTION('ref_axis',(0.,-1.,0.));
#6602=DIRECTION('',(-1.,1.95921710227969E-16,0.));
#6603=DIRECTION('center_axis',(0.707106781186548,0.707106781186548,0.));
#6604=DIRECTION('ref_axis',(-0.707106781186548,0.707106781186548,0.));
#6605=DIRECTION('center_axis',(0.,1.,0.));
#6606=DIRECTION('ref_axis',(0.707106781186546,0.,0.707106781186549));
#6607=DIRECTION('',(0.,-1.,0.));
#6608=DIRECTION('center_axis',(-0.707106781186548,0.707106781186548,0.));
#6609=DIRECTION('ref_axis',(-0.707106781186548,-0.707106781186548,0.));
#6610=DIRECTION('',(0.,1.,0.));
#6611=DIRECTION('center_axis',(1.,1.95921710227969E-16,0.));
#6612=DIRECTION('ref_axis',(0.,0.707106781186546,-0.707106781186549));
#6613=DIRECTION('',(1.,1.95921710227969E-16,0.));
#6614=DIRECTION('center_axis',(-1.,0.,0.));
#6615=DIRECTION('ref_axis',(0.,1.,0.));
#6616=DIRECTION('',(-1.,-1.95921710227969E-16,0.));
#6617=DIRECTION('center_axis',(0.707106781186548,-0.707106781186548,0.));
#6618=DIRECTION('ref_axis',(-0.707106781186548,-0.707106781186548,0.));
#6619=DIRECTION('center_axis',(1.95921710227969E-16,-1.,0.));
#6620=DIRECTION('ref_axis',(0.,0.,-1.));
#6621=DIRECTION('center_axis',(0.,0.,-1.));
#6622=DIRECTION('ref_axis',(0.,1.,0.));
#6623=DIRECTION('center_axis',(-1.95921710227969E-16,1.,0.));
#6624=DIRECTION('ref_axis',(0.707106781186548,1.38777878078145E-16,-0.707106781186548));
#6625=DIRECTION('center_axis',(1.95921710227969E-16,-1.,0.));
#6626=DIRECTION('ref_axis',(0.707106781186548,1.38537569883862E-16,-0.707106781186548));
#6627=DIRECTION('center_axis',(0.,0.,1.));
#6628=DIRECTION('ref_axis',(0.707106781186546,0.707106781186549,0.));
#6629=DIRECTION('center_axis',(0.,0.,-1.));
#6630=DIRECTION('ref_axis',(0.,1.,0.));
#6631=DIRECTION('',(0.,0.,-1.));
#6632=DIRECTION('',(0.,0.,1.));
#6633=DIRECTION('center_axis',(1.95921710227969E-16,-1.,0.));
#6634=DIRECTION('ref_axis',(0.,0.,-1.));
#6635=DIRECTION('center_axis',(1.,0.,0.));
#6636=DIRECTION('ref_axis',(0.,1.,0.));
#6637=DIRECTION('center_axis',(-1.95921710227969E-16,1.,0.));
#6638=DIRECTION('ref_axis',(0.707106781186548,1.38777878078145E-16,0.707106781186547));
#6639=DIRECTION('center_axis',(1.95921710227969E-16,-1.,0.));
#6640=DIRECTION('ref_axis',(0.707106781186548,1.38537569883862E-16,0.707106781186547));
#6641=DIRECTION('center_axis',(1.,1.95921710227969E-16,0.));
#6642=DIRECTION('ref_axis',(0.,0.707106781186548,0.707106781186548));
#6643=DIRECTION('center_axis',(1.,0.,0.));
#6644=DIRECTION('ref_axis',(0.,1.,0.));
#6645=DIRECTION('',(1.,1.95921710227969E-16,0.));
#6646=DIRECTION('',(-1.,-1.95921710227969E-16,0.));
#6647=DIRECTION('center_axis',(-1.95921710227969E-16,1.,0.));
#6648=DIRECTION('ref_axis',(0.,0.,1.));
#6649=DIRECTION('center_axis',(1.11022302462516E-15,0.,-1.));
#6650=DIRECTION('ref_axis',(0.,1.,0.));
#6651=DIRECTION('center_axis',(1.95921710227969E-16,-1.,0.));
#6652=DIRECTION('ref_axis',(-0.707106781186548,-1.38777878078145E-16,-0.707106781186547));
#6653=DIRECTION('center_axis',(-1.95921710227969E-16,1.,0.));
#6654=DIRECTION('ref_axis',(-0.707106781186548,-1.38537569883863E-16,-0.707106781186547));
#6655=DIRECTION('center_axis',(0.,0.,-1.));
#6656=DIRECTION('ref_axis',(0.707106781186548,0.707106781186548,0.));
#6657=DIRECTION('center_axis',(0.,0.,-1.));
#6658=DIRECTION('ref_axis',(0.,1.,0.));
#6659=DIRECTION('',(0.,0.,-1.));
#6660=DIRECTION('',(0.,0.,1.));
#6661=DIRECTION('center_axis',(-1.95921710227969E-16,1.,0.));
#6662=DIRECTION('ref_axis',(0.,0.,1.));
#6663=DIRECTION('center_axis',(-1.,0.,0.));
#6664=DIRECTION('ref_axis',(0.,1.,0.));
#6665=DIRECTION('center_axis',(1.95921710227969E-16,-1.,0.));
#6666=DIRECTION('ref_axis',(-0.707106781186548,-1.38777878078145E-16,0.707106781186547));
#6667=DIRECTION('center_axis',(-1.95921710227969E-16,1.,0.));
#6668=DIRECTION('ref_axis',(-0.707106781186548,-1.38537569883862E-16,0.707106781186547));
#6669=DIRECTION('center_axis',(-1.,-1.95921710227969E-16,-2.07518322359842E-16));
#6670=DIRECTION('ref_axis',(0.,0.707106781186548,-0.707106781186548));
#6671=DIRECTION('center_axis',(-1.,0.,0.));
#6672=DIRECTION('ref_axis',(0.,1.,0.));
#6673=DIRECTION('',(-1.,-1.95921710227969E-16,-2.07518322359842E-16));
#6674=DIRECTION('',(1.,1.95921710227969E-16,2.07518322359842E-16));
#6675=DIRECTION('center_axis',(1.95921710227969E-16,-1.,0.));
#6676=DIRECTION('ref_axis',(0.,0.,-1.));
#6677=DIRECTION('center_axis',(0.,0.,-1.));
#6678=DIRECTION('ref_axis',(0.,1.,0.));
#6679=DIRECTION('center_axis',(-1.95921710227969E-16,1.,0.));
#6680=DIRECTION('ref_axis',(0.707106781186548,1.38777878078145E-16,-0.707106781186548));
#6681=DIRECTION('center_axis',(1.95921710227969E-16,-1.,0.));
#6682=DIRECTION('ref_axis',(0.707106781186547,1.38537569883862E-16,-0.707106781186547));
#6683=DIRECTION('center_axis',(0.,0.,1.));
#6684=DIRECTION('ref_axis',(0.707106781186546,0.707106781186549,0.));
#6685=DIRECTION('center_axis',(0.,0.,-1.));
#6686=DIRECTION('ref_axis',(0.,1.,0.));
#6687=DIRECTION('',(0.,0.,-1.));
#6688=DIRECTION('',(0.,0.,1.));
#6689=DIRECTION('center_axis',(1.95921710227969E-16,-1.,0.));
#6690=DIRECTION('ref_axis',(0.,0.,-1.));
#6691=DIRECTION('center_axis',(1.,0.,0.));
#6692=DIRECTION('ref_axis',(0.,1.,0.));
#6693=DIRECTION('center_axis',(-1.95921710227969E-16,1.,0.));
#6694=DIRECTION('ref_axis',(0.707106781186548,1.38777878078145E-16,0.707106781186548));
#6695=DIRECTION('center_axis',(1.95921710227969E-16,-1.,0.));
#6696=DIRECTION('ref_axis',(0.707106781186548,1.38537569883862E-16,0.707106781186548));
#6697=DIRECTION('center_axis',(-1.,-1.95921710227969E-16,0.));
#6698=DIRECTION('ref_axis',(0.,0.707106781186546,0.707106781186549));
#6699=DIRECTION('',(1.,1.95921710227969E-16,0.));
#6700=DIRECTION('',(-1.,-1.95921710227969E-16,0.));
#6701=DIRECTION('center_axis',(0.,-1.,0.));
#6702=DIRECTION('ref_axis',(0.707106781186546,0.,-0.707106781186549));
#6703=DIRECTION('',(0.,-1.,0.));
#6704=DIRECTION('',(0.,1.,0.));
#6705=DIRECTION('center_axis',(-0.707106781186548,-0.707106781186548,0.));
#6706=DIRECTION('ref_axis',(-0.707106781186548,0.707106781186548,0.));
#6707=DIRECTION('center_axis',(1.95921710227969E-16,1.,0.));
#6708=DIRECTION('ref_axis',(0.,0.,1.));
#6709=DIRECTION('center_axis',(0.,0.,1.));
#6710=DIRECTION('ref_axis',(0.,-1.,0.));
#6711=DIRECTION('center_axis',(-1.95921710227969E-16,-1.,0.));
#6712=DIRECTION('ref_axis',(0.707106781186548,-1.38777878078145E-16,0.707106781186548));
#6713=DIRECTION('center_axis',(1.95921710227969E-16,1.,0.));
#6714=DIRECTION('ref_axis',(0.707106781186548,-1.38537569883862E-16,0.707106781186548));
#6715=DIRECTION('center_axis',(0.,0.,1.));
#6716=DIRECTION('ref_axis',(0.707106781186548,-0.707106781186548,0.));
#6717=DIRECTION('center_axis',(0.,0.,1.));
#6718=DIRECTION('ref_axis',(0.,-1.,0.));
#6719=DIRECTION('',(0.,0.,1.));
#6720=DIRECTION('',(0.,0.,-1.));
#6721=DIRECTION('center_axis',(1.95921710227969E-16,1.,0.));
#6722=DIRECTION('ref_axis',(0.,0.,1.));
#6723=DIRECTION('center_axis',(1.,0.,0.));
#6724=DIRECTION('ref_axis',(0.,-1.,0.));
#6725=DIRECTION('center_axis',(-1.95921710227969E-16,-1.,0.));
#6726=DIRECTION('ref_axis',(0.707106781186548,-1.38777878078145E-16,-0.707106781186548));
#6727=DIRECTION('center_axis',(1.95921710227969E-16,1.,0.));
#6728=DIRECTION('ref_axis',(0.707106781186548,-1.38537569883862E-16,-0.707106781186548));
#6729=DIRECTION('center_axis',(1.,-1.95921710227969E-16,2.07518322359842E-16));
#6730=DIRECTION('ref_axis',(0.,-0.707106781186546,-0.707106781186549));
#6731=DIRECTION('center_axis',(1.,0.,0.));
#6732=DIRECTION('ref_axis',(0.,-1.,0.));
#6733=DIRECTION('',(1.,-1.95921710227969E-16,2.07518322359842E-16));
#6734=DIRECTION('',(-1.,1.95921710227969E-16,-2.07518322359842E-16));
#6735=DIRECTION('center_axis',(-1.95921710227969E-16,-1.,0.));
#6736=DIRECTION('ref_axis',(0.,0.,-1.));
#6737=DIRECTION('center_axis',(-1.11022302462516E-15,0.,1.));
#6738=DIRECTION('ref_axis',(0.,-1.,0.));
#6739=DIRECTION('center_axis',(1.95921710227969E-16,1.,0.));
#6740=DIRECTION('ref_axis',(-0.707106781186548,1.38777878078144E-16,0.707106781186547));
#6741=DIRECTION('center_axis',(-1.95921710227969E-16,-1.,0.));
#6742=DIRECTION('ref_axis',(-0.707106781186548,1.38537569883863E-16,0.707106781186547));
#6743=DIRECTION('center_axis',(0.,0.,1.));
#6744=DIRECTION('ref_axis',(0.707106781186551,-0.707106781186544,0.));
#6745=DIRECTION('center_axis',(0.,0.,1.));
#6746=DIRECTION('ref_axis',(0.,-1.,0.));
#6747=DIRECTION('',(0.,0.,1.));
#6748=DIRECTION('',(0.,0.,-1.));
#6749=DIRECTION('center_axis',(-1.95921710227969E-16,-1.,0.));
#6750=DIRECTION('ref_axis',(0.,0.,-1.));
#6751=DIRECTION('center_axis',(-1.,0.,0.));
#6752=DIRECTION('ref_axis',(0.,-1.,0.));
#6753=DIRECTION('center_axis',(1.95921710227969E-16,1.,0.));
#6754=DIRECTION('ref_axis',(-0.707106781186548,1.38777878078144E-16,-0.707106781186547));
#6755=DIRECTION('center_axis',(-1.95921710227969E-16,-1.,0.));
#6756=DIRECTION('ref_axis',(-0.707106781186548,1.38537569883863E-16,-0.707106781186547));
#6757=DIRECTION('center_axis',(-1.,1.95921710227969E-16,0.));
#6758=DIRECTION('ref_axis',(0.,-0.707106781186549,0.707106781186546));
#6759=DIRECTION('center_axis',(-1.,0.,0.));
#6760=DIRECTION('ref_axis',(0.,-1.,0.));
#6761=DIRECTION('',(-1.,1.95921710227969E-16,0.));
#6762=DIRECTION('',(1.,-1.95921710227969E-16,0.));
#6763=DIRECTION('center_axis',(1.95921710227969E-16,1.,0.));
#6764=DIRECTION('ref_axis',(0.,0.,1.));
#6765=DIRECTION('center_axis',(0.,0.,1.));
#6766=DIRECTION('ref_axis',(0.,-1.,0.));
#6767=DIRECTION('center_axis',(-1.95921710227969E-16,-1.,0.));
#6768=DIRECTION('ref_axis',(0.707106781186548,-1.38777878078145E-16,0.707106781186548));
#6769=DIRECTION('center_axis',(1.95921710227969E-16,1.,0.));
#6770=DIRECTION('ref_axis',(0.707106781186548,-1.38537569883862E-16,0.707106781186548));
#6771=DIRECTION('center_axis',(0.,0.,1.));
#6772=DIRECTION('ref_axis',(0.707106781186548,-0.707106781186548,0.));
#6773=DIRECTION('center_axis',(0.,0.,1.));
#6774=DIRECTION('ref_axis',(0.,-1.,0.));
#6775=DIRECTION('',(0.,0.,1.));
#6776=DIRECTION('',(0.,0.,-1.));
#6777=DIRECTION('center_axis',(1.95921710227969E-16,1.,0.));
#6778=DIRECTION('ref_axis',(0.,0.,1.));
#6779=DIRECTION('center_axis',(1.,0.,0.));
#6780=DIRECTION('ref_axis',(0.,-1.,0.));
#6781=DIRECTION('center_axis',(-1.95921710227969E-16,-1.,0.));
#6782=DIRECTION('ref_axis',(0.707106781186548,-1.38777878078145E-16,-0.707106781186548));
#6783=DIRECTION('center_axis',(1.95921710227969E-16,1.,0.));
#6784=DIRECTION('ref_axis',(0.707106781186548,-1.38537569883862E-16,-0.707106781186548));
#6785=DIRECTION('center_axis',(-1.,1.95921710227969E-16,0.));
#6786=DIRECTION('ref_axis',(0.,-0.707106781186548,-0.707106781186548));
#6787=DIRECTION('',(1.,-1.95921710227969E-16,0.));
#6788=DIRECTION('',(-1.,1.95921710227969E-16,0.));
#6789=DIRECTION('center_axis',(-6.3441315692866E-16,1.,0.));
#6790=DIRECTION('ref_axis',(0.707106781186547,1.04672830578918E-15,0.707106781186548));
#6791=DIRECTION('',(-6.3441315692866E-16,1.,0.));
#6792=DIRECTION('center_axis',(-3.5527136788005E-16,1.,0.));
#6793=DIRECTION('ref_axis',(0.707106781186548,2.54426109809932E-16,0.707106781186547));
#6794=DIRECTION('',(6.3441315692866E-16,-1.,0.));
#6795=DIRECTION('center_axis',(1.,6.3441315692866E-16,0.));
#6796=DIRECTION('ref_axis',(6.3441315692866E-16,-1.,0.));
#6797=DIRECTION('',(6.3441315692866E-16,-1.,2.26986817256633E-31));
#6798=DIRECTION('',(0.,0.,-1.));
#6799=DIRECTION('center_axis',(-6.3441315692866E-16,1.,-2.26986817256633E-31));
#6800=DIRECTION('ref_axis',(0.707106781186549,1.04672830578918E-15,-0.707106781186546));
#6801=DIRECTION('',(-6.3441315692866E-16,1.,-2.26986817256633E-31));
#6802=DIRECTION('center_axis',(-3.5527136788005E-16,1.,0.));
#6803=DIRECTION('ref_axis',(0.707106781186548,2.54426109809932E-16,-0.707106781186547));
#6804=DIRECTION('center_axis',(-2.07518322359842E-16,9.53344632477858E-32,
1.));
#6805=DIRECTION('ref_axis',(-1.,4.03717463500057E-16,-2.07518322359842E-16));
#6806=DIRECTION('',(-4.59402630879375E-16,-1.,0.));
#6807=DIRECTION('',(-1.,-3.5527136788005E-16,-2.07518322359842E-16));
#6808=DIRECTION('center_axis',(-4.59402630879375E-16,-1.,0.));
#6809=DIRECTION('ref_axis',(-0.707106781186547,1.04672830578918E-15,0.707106781186548));
#6810=DIRECTION('',(4.59402630879375E-16,1.,0.));
#6811=DIRECTION('center_axis',(3.5527136788005E-16,-1.,0.));
#6812=DIRECTION('ref_axis',(-0.707106781186548,-2.54426109809932E-16,0.707106781186547));
#6813=DIRECTION('center_axis',(-1.,4.59402630879375E-16,0.));
#6814=DIRECTION('ref_axis',(0.,0.,-1.));
#6815=DIRECTION('',(-4.59402630879375E-16,-1.,0.));
#6816=DIRECTION('',(0.,0.,-1.));
#6817=DIRECTION('center_axis',(-4.59402630879375E-16,-1.,0.));
#6818=DIRECTION('ref_axis',(-0.707106781186547,0.,-0.707106781186548));
#6819=DIRECTION('',(4.59402630879375E-16,1.,0.));
#6820=DIRECTION('center_axis',(3.5527136788005E-16,-1.,0.));
#6821=DIRECTION('ref_axis',(-0.707106781186548,-2.54426109809932E-16,-0.707106781186547));
#6822=DIRECTION('center_axis',(0.,0.,-1.));
#6823=DIRECTION('ref_axis',(1.,-4.03717463500057E-16,0.));
#6824=DIRECTION('',(6.3441315692866E-16,-1.,0.));
#6825=DIRECTION('',(1.,3.5527136788005E-16,0.));
#6826=DIRECTION('center_axis',(6.3441315692866E-16,-1.,0.));
#6827=DIRECTION('ref_axis',(0.707106781186548,1.04672830578918E-15,0.707106781186547));
#6828=DIRECTION('',(-6.3441315692866E-16,1.,0.));
#6829=DIRECTION('center_axis',(-3.5527136788005E-16,1.,0.));
#6830=DIRECTION('ref_axis',(0.707106781186548,2.54426109809932E-16,0.707106781186547));
#6831=DIRECTION('center_axis',(1.,6.3441315692866E-16,0.));
#6832=DIRECTION('ref_axis',(6.3441315692866E-16,-1.,0.));
#6833=DIRECTION('',(6.3441315692866E-16,-1.,0.));
#6834=DIRECTION('',(0.,0.,-1.));
#6835=DIRECTION('center_axis',(6.3441315692866E-16,-1.,0.));
#6836=DIRECTION('ref_axis',(0.707106781186547,1.04672830578918E-15,-0.707106781186548));
#6837=DIRECTION('',(-6.3441315692866E-16,1.,0.));
#6838=DIRECTION('center_axis',(-3.5527136788005E-16,1.,0.));
#6839=DIRECTION('ref_axis',(0.707106781186548,2.54426109809932E-16,-0.707106781186547));
#6840=DIRECTION('center_axis',(0.,0.,-1.));
#6841=DIRECTION('ref_axis',(-1.,0.,0.));
#6842=DIRECTION('',(0.,1.,0.));
#6843=DIRECTION('',(1.,3.08148791101958E-34,0.));
#6844=DIRECTION('',(-5.70618514764569E-16,-1.,0.));
#6845=DIRECTION('',(-1.,-3.5527136788005E-16,0.));
#6846=DIRECTION('center_axis',(-1.95921710227969E-16,1.,0.));
#6847=DIRECTION('ref_axis',(1.,1.95921710227969E-16,0.));
#6848=DIRECTION('',(0.,0.,1.));
#6849=DIRECTION('center_axis',(-1.95921710227969E-16,1.,0.));
#6850=DIRECTION('ref_axis',(-0.642787609686539,-1.25936047803135E-16,-0.766044443118978));
#6851=DIRECTION('',(-0.984807753012208,-1.92945219215915E-16,-0.173648177666931));
#6852=DIRECTION('center_axis',(-1.95921710227969E-16,1.,0.));
#6853=DIRECTION('ref_axis',(0.766044443118979,1.50084737406502E-16,-0.642787609686538));
#6854=DIRECTION('',(0.,0.,-1.));
#6855=DIRECTION('center_axis',(-1.95921710227969E-16,1.,0.));
#6856=DIRECTION('ref_axis',(0.766044443118975,1.50084737406502E-16,0.642787609686543));
#6857=DIRECTION('',(0.984807753012209,1.92945219215915E-16,-0.173648177666926));
#6858=DIRECTION('center_axis',(-1.95921710227969E-16,1.,0.));
#6859=DIRECTION('ref_axis',(-0.642787609686541,-1.25936047803135E-16,0.766044443118976));
#6860=DIRECTION('',(5.2245789394125E-16,1.02360844103072E-31,1.));
#6861=DIRECTION('center_axis',(-1.95921710227969E-16,1.,0.));
#6862=DIRECTION('ref_axis',(-0.642787609686539,-1.25936047803135E-16,0.766044443118978));
#6863=DIRECTION('',(-5.2245789394125E-16,-1.02360844103072E-31,1.));
#6864=DIRECTION('center_axis',(-1.95921710227969E-16,1.,0.));
#6865=DIRECTION('ref_axis',(-0.642787609686541,-1.25936047803135E-16,-0.766044443118976));
#6866=DIRECTION('',(-0.984807753012209,-1.92945219215915E-16,-0.173648177666926));
#6867=DIRECTION('center_axis',(-1.95921710227969E-16,1.,0.));
#6868=DIRECTION('ref_axis',(0.766044443118975,1.50084737406502E-16,-0.642787609686543));
#6869=DIRECTION('',(0.,0.,-1.));
#6870=DIRECTION('center_axis',(-1.95921710227969E-16,1.,0.));
#6871=DIRECTION('ref_axis',(0.766044443118978,1.50084737406502E-16,0.642787609686539));
#6872=DIRECTION('',(0.984807753012208,1.92945219215915E-16,-0.173648177666931));
#6873=DIRECTION('center_axis',(1.,0.,0.));
#6874=DIRECTION('ref_axis',(0.,-1.,0.));
#6875=DIRECTION('',(0.,0.,1.));
#6876=DIRECTION('center_axis',(-9.06304509898087E-17,-1.,0.));
#6877=DIRECTION('ref_axis',(0.707106781186548,0.,0.707106781186547));
#6878=DIRECTION('center_axis',(0.,-1.,0.));
#6879=DIRECTION('ref_axis',(1.,0.,0.));
#6880=DIRECTION('',(-9.06304509898087E-17,-1.,0.));
#6881=DIRECTION('center_axis',(8.88178419700125E-15,1.,9.86076131526265E-30));
#6882=DIRECTION('ref_axis',(-1.11022302462516E-15,0.,1.));
#6883=DIRECTION('',(9.06304509898087E-17,1.,0.));
#6884=DIRECTION('center_axis',(-0.672672793996312,-2.98726729573457E-16,
0.739940073395944));
#6885=DIRECTION('ref_axis',(-0.739940073395944,0.,-0.672672793996312));
#6886=DIRECTION('center_axis',(0.739940073395944,3.28599402530802E-16,-0.672672793996313));
#6887=DIRECTION('ref_axis',(-0.672672793996312,0.,-0.739940073395944));
#6888=DIRECTION('center_axis',(0.,0.,1.));
#6889=DIRECTION('ref_axis',(1.,0.,0.));
#6890=DIRECTION('center_axis',(0.,-1.,4.31775426138038E-14));
#6891=DIRECTION('ref_axis',(-1.,0.,0.));
#6892=DIRECTION('center_axis',(-7.77156117237609E-15,0.,1.));
#6893=DIRECTION('ref_axis',(0.,-1.,0.));
#6894=DIRECTION('center_axis',(-0.771389215839869,-1.1090345913734E-14,
-0.636363636363637));
#6895=DIRECTION('ref_axis',(-0.636363636363637,0.,0.771389215839869));
#6896=DIRECTION('center_axis',(0.,0.,1.));
#6897=DIRECTION('ref_axis',(1.,0.,0.));
#6898=DIRECTION('center_axis',(0.,8.88178419700125E-15,-1.));
#6899=DIRECTION('ref_axis',(-1.,0.,0.));
#6900=DIRECTION('center_axis',(3.33066907387549E-14,-1.,-2.74766180269664E-14));
#6901=DIRECTION('ref_axis',(-0.636363636363638,0.,-0.771389215839869));
#6902=DIRECTION('center_axis',(-0.771389215839861,0.,0.636363636363648));
#6903=DIRECTION('ref_axis',(0.,-1.,0.));
#6904=DIRECTION('center_axis',(-0.816496580927726,-0.408248290463864,0.408248290463863));
#6905=DIRECTION('ref_axis',(0.577350269189626,-0.577350269189626,0.577350269189626));
#6906=DIRECTION('center_axis',(0.,-1.,0.));
#6907=DIRECTION('ref_axis',(0.,0.,1.));
#6908=DIRECTION('center_axis',(1.,0.,0.));
#6909=DIRECTION('ref_axis',(0.,-1.,0.));
#6910=DIRECTION('center_axis',(0.,0.,1.));
#6911=DIRECTION('ref_axis',(1.,0.,0.));
#6912=DIRECTION('center_axis',(0.,0.,1.));
#6913=DIRECTION('ref_axis',(1.,0.,0.));
#6914=DIRECTION('center_axis',(0.,-1.,0.));
#6915=DIRECTION('ref_axis',(0.,0.,1.));
#6916=DIRECTION('center_axis',(0.,0.,1.));
#6917=DIRECTION('ref_axis',(-0.707106781186547,-0.707106781186548,0.));
#6918=DIRECTION('center_axis',(-1.,0.,0.));
#6919=DIRECTION('ref_axis',(0.,-1.,0.));
#6920=DIRECTION('center_axis',(0.,0.,-1.));
#6921=DIRECTION('ref_axis',(-0.707106781186547,-0.707106781186548,0.));
#6922=DIRECTION('center_axis',(-1.,0.,0.));
#6923=DIRECTION('ref_axis',(0.,-0.707106781186548,0.707106781186547));
#6924=DIRECTION('',(1.,0.,0.));
#6925=DIRECTION('',(-1.,0.,0.));
#6926=DIRECTION('center_axis',(-0.408248290463863,-0.816496580927726,0.408248290463863));
#6927=DIRECTION('ref_axis',(0.577350269189626,-0.577350269189625,-0.577350269189626));
#6928=DIRECTION('center_axis',(0.,-1.,0.));
#6929=DIRECTION('ref_axis',(1.,0.,0.));
#6930=DIRECTION('center_axis',(0.,0.,-1.));
#6931=DIRECTION('ref_axis',(0.,-1.,0.));
#6932=DIRECTION('center_axis',(1.,0.,0.));
#6933=DIRECTION('ref_axis',(0.,0.,-1.));
#6934=DIRECTION('center_axis',(0.,0.,-1.));
#6935=DIRECTION('ref_axis',(0.707106781186546,-0.707106781186549,0.));
#6936=DIRECTION('',(0.,0.,1.));
#6937=DIRECTION('',(0.,0.,-1.));
#6938=DIRECTION('center_axis',(-1.,0.,0.));
#6939=DIRECTION('ref_axis',(0.,-0.707106781186548,-0.707106781186548));
#6940=DIRECTION('center_axis',(1.,0.,0.));
#6941=DIRECTION('ref_axis',(0.,-1.,0.));
#6942=DIRECTION('',(1.,0.,0.));
#6943=DIRECTION('',(-1.,0.,0.));
#6944=DIRECTION('center_axis',(0.,0.,-1.));
#6945=DIRECTION('ref_axis',(-1.,0.,0.));
#6946=DIRECTION('center_axis',(0.,-1.,0.));
#6947=DIRECTION('ref_axis',(-1.,0.,0.));
#6948=DIRECTION('center_axis',(0.,0.,1.));
#6949=DIRECTION('ref_axis',(-0.707106781186547,-0.707106781186548,0.));
#6950=DIRECTION('center_axis',(0.,0.,-1.));
#6951=DIRECTION('ref_axis',(-0.707106781186547,-0.707106781186548,0.));
#6952=DIRECTION('center_axis',(0.,1.,0.));
#6953=DIRECTION('ref_axis',(-0.707106781186546,0.,-0.707106781186549));
#6954=DIRECTION('center_axis',(0.,-1.,0.));
#6955=DIRECTION('ref_axis',(-1.,0.,0.));
#6956=DIRECTION('',(0.,-1.,0.));
#6957=DIRECTION('',(0.,1.,0.));
#6958=DIRECTION('center_axis',(1.,0.,0.));
#6959=DIRECTION('ref_axis',(0.,0.707106781186546,-0.707106781186549));
#6960=DIRECTION('center_axis',(1.,0.,0.));
#6961=DIRECTION('ref_axis',(0.,0.,-1.));
#6962=DIRECTION('',(1.,0.,0.));
#6963=DIRECTION('center_axis',(-1.,-3.33066907387548E-15,0.));
#6964=DIRECTION('ref_axis',(-3.33066907387548E-15,1.,0.));
#6965=DIRECTION('',(-1.,0.,0.));
#6966=DIRECTION('center_axis',(0.,0.,-1.));
#6967=DIRECTION('ref_axis',(-1.,0.,0.));
#6968=DIRECTION('center_axis',(0.,0.,1.));
#6969=DIRECTION('ref_axis',(-0.707106781186548,0.707106781186548,0.));
#6970=DIRECTION('center_axis',(0.,0.,-1.));
#6971=DIRECTION('ref_axis',(-0.707106781186547,0.707106781186547,0.));
#6972=DIRECTION('center_axis',(-5.70618514764569E-16,-1.,0.));
#6973=DIRECTION('ref_axis',(-0.904534033733291,0.,-0.42640143271122));
#6974=DIRECTION('center_axis',(0.,-1.,0.));
#6975=DIRECTION('ref_axis',(-1.,0.,0.));
#6976=DIRECTION('',(-5.70618514764569E-16,-1.,0.));
#6977=DIRECTION('',(-2.77555756156289E-17,1.,0.));
#6978=DIRECTION('center_axis',(0.887120199587438,-0.461538461543503,-3.17098014873342E-11));
#6979=DIRECTION('ref_axis',(-0.461538461543503,-0.887120199587438,0.));
#6980=DIRECTION('center_axis',(0.,0.,1.));
#6981=DIRECTION('ref_axis',(1.,0.,0.));
#6982=DIRECTION('center_axis',(0.,1.,0.));
#6983=DIRECTION('ref_axis',(1.,0.,0.));
#6984=DIRECTION('center_axis',(0.,0.,-1.));
#6985=DIRECTION('ref_axis',(-0.5,0.866025403784439,0.));
#6986=DIRECTION('center_axis',(0.,0.,1.));
#6987=DIRECTION('ref_axis',(-0.5,0.866025403784439,0.));
#6988=DIRECTION('center_axis',(0.,-1.,0.));
#6989=DIRECTION('ref_axis',(0.707106781186546,0.,-0.707106781186549));
#6990=DIRECTION('',(0.,1.,0.));
#6991=DIRECTION('',(0.,-1.,0.));
#6992=DIRECTION('center_axis',(-5.70618514764569E-16,-1.,0.));
#6993=DIRECTION('ref_axis',(-0.904534033733291,0.,0.426401432711221));
#6994=DIRECTION('center_axis',(0.,-1.,0.));
#6995=DIRECTION('ref_axis',(-0.636363636363637,0.,0.771389215839869));
#6996=DIRECTION('',(2.77555756156289E-17,-1.,0.));
#6997=DIRECTION('',(5.70618514764569E-16,1.,0.));
#6998=DIRECTION('center_axis',(0.887120199589306,-0.461538461539914,9.1497328093933E-12));
#6999=DIRECTION('ref_axis',(-1.03139718987677E-11,0.,1.));
#7000=DIRECTION('center_axis',(0.,0.,1.));
#7001=DIRECTION('ref_axis',(1.,0.,0.));
#7002=DIRECTION('center_axis',(0.,1.,0.));
#7003=DIRECTION('ref_axis',(0.,0.,1.));
#7004=DIRECTION('center_axis',(0.,0.,-1.));
#7005=DIRECTION('ref_axis',(-0.5,0.866025403784439,0.));
#7006=DIRECTION('center_axis',(0.,0.,1.));
#7007=DIRECTION('ref_axis',(-0.5,0.866025403784439,0.));
#7008=DIRECTION('center_axis',(0.,-1.,0.));
#7009=DIRECTION('ref_axis',(0.707106781186546,0.,0.707106781186549));
#7010=DIRECTION('',(0.,1.,0.));
#7011=DIRECTION('',(0.,-1.,0.));
#7012=DIRECTION('center_axis',(-3.08148791101958E-34,1.,0.));
#7013=DIRECTION('ref_axis',(0.,0.,1.));
#7014=DIRECTION('center_axis',(0.,0.,-1.));
#7015=DIRECTION('ref_axis',(0.,-1.,0.));
#7016=DIRECTION('center_axis',(-3.08148791101958E-34,1.,0.));
#7017=DIRECTION('ref_axis',(0.894427190999916,0.,-0.447213595499957));
#7018=DIRECTION('center_axis',(3.08148791101958E-34,-1.,0.));
#7019=DIRECTION('ref_axis',(0.894427190999916,2.75616657635344E-34,-0.447213595499957));
#7020=DIRECTION('center_axis',(0.,0.,-1.));
#7021=DIRECTION('ref_axis',(-0.707106781186548,-0.707106781186547,0.));
#7022=DIRECTION('center_axis',(0.,0.,-1.));
#7023=DIRECTION('ref_axis',(0.,-1.,0.));
#7024=DIRECTION('',(0.,0.,1.));
#7025=DIRECTION('center_axis',(-3.08148791101958E-34,1.,0.));
#7026=DIRECTION('ref_axis',(0.,0.,1.));
#7027=DIRECTION('center_axis',(-1.,0.,0.));
#7028=DIRECTION('ref_axis',(0.,-1.,0.));
#7029=DIRECTION('center_axis',(3.08148791101958E-34,-1.,0.));
#7030=DIRECTION('ref_axis',(-0.707106781186548,0.,0.707106781186548));
#7031=DIRECTION('center_axis',(-3.08148791101958E-34,1.,0.));
#7032=DIRECTION('ref_axis',(-0.707106781186548,-2.17894099802631E-34,0.707106781186548));
#7033=DIRECTION('center_axis',(1.,3.08148791101958E-34,0.));
#7034=DIRECTION('ref_axis',(0.,-0.707106781186546,0.707106781186549));
#7035=DIRECTION('center_axis',(-1.,0.,0.));
#7036=DIRECTION('ref_axis',(0.,-1.,0.));
#7037=DIRECTION('',(-1.,-3.08148791101958E-34,0.));
#7038=DIRECTION('',(1.,3.08148791101958E-34,0.));
#7039=DIRECTION('center_axis',(-3.08148791101958E-34,1.,0.));
#7040=DIRECTION('ref_axis',(0.,0.,1.));
#7041=DIRECTION('center_axis',(0.,0.,1.));
#7042=DIRECTION('ref_axis',(0.,-1.,0.));
#7043=DIRECTION('center_axis',(3.08148791101958E-34,-1.,0.));
#7044=DIRECTION('ref_axis',(0.707106781186548,0.,0.707106781186548));
#7045=DIRECTION('center_axis',(-3.08148791101958E-34,1.,0.));
#7046=DIRECTION('ref_axis',(0.707106781186548,2.17894099802631E-34,0.707106781186548));
#7047=DIRECTION('center_axis',(0.,0.,1.));
#7048=DIRECTION('ref_axis',(0.707106781186546,-0.707106781186549,0.));
#7049=DIRECTION('center_axis',(0.,0.,1.));
#7050=DIRECTION('ref_axis',(0.,-1.,0.));
#7051=DIRECTION('',(0.,0.,1.));
#7052=DIRECTION('',(0.,0.,-1.));
#7053=DIRECTION('center_axis',(-3.08148791101958E-34,1.,0.));
#7054=DIRECTION('ref_axis',(0.,0.,1.));
#7055=DIRECTION('center_axis',(1.,0.,0.));
#7056=DIRECTION('ref_axis',(0.,-1.,0.));
#7057=DIRECTION('center_axis',(3.08148791101958E-34,-1.,0.));
#7058=DIRECTION('ref_axis',(0.707106781186548,0.,-0.707106781186548));
#7059=DIRECTION('center_axis',(-3.08148791101958E-34,1.,0.));
#7060=DIRECTION('ref_axis',(0.707106781186547,2.17894099802631E-34,-0.707106781186547));
#7061=DIRECTION('center_axis',(1.,3.08148791101958E-34,2.07518322359842E-16));
#7062=DIRECTION('ref_axis',(0.,-0.707106781186548,-0.707106781186548));
#7063=DIRECTION('center_axis',(1.,0.,0.));
#7064=DIRECTION('ref_axis',(0.,-1.,0.));
#7065=DIRECTION('',(1.,3.08148791101958E-34,2.07518322359842E-16));
#7066=DIRECTION('',(-1.,-3.08148791101958E-34,-2.07518322359842E-16));
#7067=DIRECTION('center_axis',(3.08148791101958E-34,-1.,0.));
#7068=DIRECTION('ref_axis',(0.,0.,-1.));
#7069=DIRECTION('center_axis',(-1.11022302462516E-15,0.,1.));
#7070=DIRECTION('ref_axis',(0.,-1.,0.));
#7071=DIRECTION('center_axis',(-3.08148791101958E-34,1.,0.));
#7072=DIRECTION('ref_axis',(-0.707106781186548,0.,0.707106781186547));
#7073=DIRECTION('center_axis',(3.08148791101958E-34,-1.,0.));
#7074=DIRECTION('ref_axis',(-0.707106781186548,-2.17894099802631E-34,0.707106781186547));
#7075=DIRECTION('center_axis',(0.,0.,1.));
#7076=DIRECTION('ref_axis',(0.707106781186549,-0.707106781186546,0.));
#7077=DIRECTION('center_axis',(0.,0.,1.));
#7078=DIRECTION('ref_axis',(0.,-1.,0.));
#7079=DIRECTION('',(0.,0.,1.));
#7080=DIRECTION('',(0.,0.,-1.));
#7081=DIRECTION('center_axis',(3.08148791101958E-34,-1.,0.));
#7082=DIRECTION('ref_axis',(0.,0.,-1.));
#7083=DIRECTION('center_axis',(-1.,0.,0.));
#7084=DIRECTION('ref_axis',(0.,-1.,0.));
#7085=DIRECTION('center_axis',(-3.08148791101958E-34,1.,0.));
#7086=DIRECTION('ref_axis',(-0.707106781186548,0.,-0.707106781186547));
#7087=DIRECTION('center_axis',(3.08148791101958E-34,-1.,0.));
#7088=DIRECTION('ref_axis',(-0.707106781186548,-2.17894099802631E-34,-0.707106781186547));
#7089=DIRECTION('center_axis',(-1.,-3.08148791101958E-34,0.));
#7090=DIRECTION('ref_axis',(0.,-0.707106781186548,0.707106781186548));
#7091=DIRECTION('center_axis',(-1.,0.,0.));
#7092=DIRECTION('ref_axis',(0.,-1.,0.));
#7093=DIRECTION('',(-1.,-3.08148791101958E-34,0.));
#7094=DIRECTION('',(1.,3.08148791101958E-34,0.));
#7095=DIRECTION('center_axis',(-3.08148791101958E-34,1.,0.));
#7096=DIRECTION('ref_axis',(0.,0.,1.));
#7097=DIRECTION('center_axis',(0.,0.,1.));
#7098=DIRECTION('ref_axis',(0.,-1.,0.));
#7099=DIRECTION('center_axis',(3.08148791101958E-34,-1.,0.));
#7100=DIRECTION('ref_axis',(0.707106781186548,0.,0.707106781186547));
#7101=DIRECTION('center_axis',(-3.08148791101958E-34,1.,0.));
#7102=DIRECTION('ref_axis',(0.707106781186548,2.17894099802631E-34,0.707106781186547));
#7103=DIRECTION('center_axis',(0.,0.,1.));
#7104=DIRECTION('ref_axis',(0.707106781186546,-0.707106781186549,0.));
#7105=DIRECTION('center_axis',(0.,0.,1.));
#7106=DIRECTION('ref_axis',(0.,-1.,0.));
#7107=DIRECTION('',(0.,0.,1.));
#7108=DIRECTION('',(0.,0.,-1.));
#7109=DIRECTION('center_axis',(-3.08148791101958E-34,1.,0.));
#7110=DIRECTION('ref_axis',(0.,0.,1.));
#7111=DIRECTION('center_axis',(1.,0.,0.));
#7112=DIRECTION('ref_axis',(0.,-1.,0.));
#7113=DIRECTION('center_axis',(3.08148791101958E-34,-1.,0.));
#7114=DIRECTION('ref_axis',(0.707106781186548,0.,-0.707106781186548));
#7115=DIRECTION('center_axis',(-3.08148791101958E-34,1.,0.));
#7116=DIRECTION('ref_axis',(0.707106781186548,2.17894099802631E-34,-0.707106781186548));
#7117=DIRECTION('center_axis',(-1.,-3.08148791101958E-34,0.));
#7118=DIRECTION('ref_axis',(0.,-0.707106781186546,-0.707106781186549));
#7119=DIRECTION('center_axis',(1.,0.,0.));
#7120=DIRECTION('ref_axis',(0.,-1.,0.));
#7121=DIRECTION('',(-1.,-3.08148791101958E-34,0.));
#7122=DIRECTION('center_axis',(-3.08148791101958E-34,1.,0.));
#7123=DIRECTION('ref_axis',(0.,0.,1.));
#7124=DIRECTION('center_axis',(0.,0.,-1.));
#7125=DIRECTION('ref_axis',(0.,-1.,0.));
#7126=DIRECTION('center_axis',(3.08148791101958E-34,-1.,0.));
#7127=DIRECTION('ref_axis',(-0.707106781186548,0.,-0.707106781186548));
#7128=DIRECTION('center_axis',(-3.08148791101958E-34,1.,0.));
#7129=DIRECTION('ref_axis',(-0.707106781186548,-2.17894099802631E-34,-0.707106781186548));
#7130=DIRECTION('center_axis',(0.,0.,-1.));
#7131=DIRECTION('ref_axis',(-0.707106781186548,-0.707106781186547,0.));
#7132=DIRECTION('center_axis',(0.,0.,-1.));
#7133=DIRECTION('ref_axis',(0.,-1.,0.));
#7134=DIRECTION('',(0.,0.,-1.));
#7135=DIRECTION('',(0.,0.,1.));
#7136=DIRECTION('center_axis',(3.08148791101958E-34,-1.,0.));
#7137=DIRECTION('ref_axis',(0.,0.,-1.));
#7138=DIRECTION('center_axis',(-3.08148791101958E-34,1.,0.));
#7139=DIRECTION('ref_axis',(0.894427190999916,0.,0.447213595499957));
#7140=DIRECTION('center_axis',(3.08148791101958E-34,-1.,0.));
#7141=DIRECTION('ref_axis',(0.894427190999916,2.75616657635344E-34,0.447213595499957));
#7142=DIRECTION('center_axis',(0.,0.,-1.));
#7143=DIRECTION('ref_axis',(-0.707106781186548,-0.707106781186547,0.));
#7144=DIRECTION('',(0.,0.,1.));
#7145=DIRECTION('',(0.,0.,-1.));
#7146=DIRECTION('center_axis',(0.,1.,0.));
#7147=DIRECTION('ref_axis',(-0.707106781186546,0.,0.707106781186549));
#7148=DIRECTION('center_axis',(0.,-1.,0.));
#7149=DIRECTION('ref_axis',(0.,0.,1.));
#7150=DIRECTION('',(0.,-1.,0.));
#7151=DIRECTION('',(0.,1.,0.));
#7152=DIRECTION('center_axis',(0.,0.,1.));
#7153=DIRECTION('ref_axis',(1.,0.,0.));
#7154=DIRECTION('center_axis',(-1.,0.,0.));
#7155=DIRECTION('ref_axis',(0.,0.,1.));
#7156=DIRECTION('center_axis',(0.,0.,1.));
#7157=DIRECTION('ref_axis',(-0.707106781186547,0.707106781186547,0.));
#7158=DIRECTION('center_axis',(0.,0.,-1.));
#7159=DIRECTION('ref_axis',(-0.707106781186548,0.707106781186548,0.));
#7160=DIRECTION('center_axis',(1.,0.,0.));
#7161=DIRECTION('ref_axis',(0.,0.707106781186546,0.707106781186549));
#7162=DIRECTION('center_axis',(-1.,-3.33066907387548E-15,0.));
#7163=DIRECTION('ref_axis',(0.,0.,1.));
#7164=DIRECTION('',(-1.,0.,0.));
#7165=DIRECTION('',(1.,0.,0.));
#7166=DIRECTION('center_axis',(-9.06304509898087E-17,-1.,0.));
#7167=DIRECTION('ref_axis',(0.707106781186546,0.,-0.707106781186549));
#7168=DIRECTION('center_axis',(0.,-1.,0.));
#7169=DIRECTION('ref_axis',(0.,0.,-1.));
#7170=DIRECTION('',(-9.06304509898087E-17,-1.,0.));
#7171=DIRECTION('center_axis',(0.,1.,8.88178419700124E-15));
#7172=DIRECTION('ref_axis',(1.,0.,0.));
#7173=DIRECTION('',(9.06304509898087E-17,1.,0.));
#7174=DIRECTION('center_axis',(0.739940073395943,3.28599402530802E-16,0.672672793996313));
#7175=DIRECTION('ref_axis',(-0.672672793996313,0.,0.739940073395944));
#7176=DIRECTION('center_axis',(-0.672672793996313,-2.98726729573456E-16,
-0.739940073395944));
#7177=DIRECTION('ref_axis',(-0.739940073395944,0.,0.672672793996312));
#7178=DIRECTION('center_axis',(-0.408248290463865,-0.40824829046386,-0.816496580927727));
#7179=DIRECTION('ref_axis',(0.577350269189628,0.577350269189623,-0.577350269189626));
#7180=DIRECTION('center_axis',(0.,0.,-1.));
#7181=DIRECTION('ref_axis',(1.,0.,0.));
#7182=DIRECTION('center_axis',(0.408248290463862,-0.816496580927727,0.408248290463863));
#7183=DIRECTION('ref_axis',(0.577350269189627,0.577350269189623,0.577350269189627));
#7184=DIRECTION('center_axis',(0.,0.,1.));
#7185=DIRECTION('ref_axis',(1.,0.,0.));
#7186=DIRECTION('center_axis',(-1.,-2.77555756156289E-17,0.));
#7187=DIRECTION('ref_axis',(-2.77555756156289E-17,1.,0.));
#7188=DIRECTION('',(0.,0.,1.));
#7189=DIRECTION('center_axis',(0.,0.,-1.));
#7190=DIRECTION('ref_axis',(1.,0.,0.));
#7191=DIRECTION('',(0.,0.,-1.));
#7192=DIRECTION('center_axis',(0.,0.,1.));
#7193=DIRECTION('ref_axis',(1.,0.,0.));
#7194=DIRECTION('',(1.,3.5527136788005E-16,0.));
#7195=DIRECTION('',(5.70618514764569E-16,1.,0.));
#7196=DIRECTION('',(0.,-1.,0.));
#7197=DIRECTION('center_axis',(0.,1.,0.));
#7198=DIRECTION('ref_axis',(0.707106781186547,0.,0.707106781186548));
#7199=DIRECTION('',(0.,1.,0.));
#7200=DIRECTION('center_axis',(1.,0.,0.));
#7201=DIRECTION('ref_axis',(0.,-1.,0.));
#7202=DIRECTION('',(0.,-1.,9.53344632477858E-32));
#7203=DIRECTION('center_axis',(0.,1.,-9.53344632477858E-32));
#7204=DIRECTION('ref_axis',(0.707106781186547,0.,-0.707106781186547));
#7205=DIRECTION('',(0.,1.,-9.53344632477858E-32));
#7206=DIRECTION('center_axis',(-2.07518322359842E-16,9.53344632477858E-32,
1.));
#7207=DIRECTION('ref_axis',(-1.,4.03717463500057E-16,-2.07518322359842E-16));
#7208=DIRECTION('',(-4.59402630879375E-16,-1.,0.));
#7209=DIRECTION('center_axis',(-4.59402630879375E-16,-1.,0.));
#7210=DIRECTION('ref_axis',(-0.707106781186547,1.04672830578918E-15,0.707106781186548));
#7211=DIRECTION('',(4.59402630879375E-16,1.,0.));
#7212=DIRECTION('center_axis',(-1.,4.59402630879375E-16,0.));
#7213=DIRECTION('ref_axis',(0.,0.,-1.));
#7214=DIRECTION('',(-4.59402630879375E-16,-1.,0.));
#7215=DIRECTION('center_axis',(-4.59402630879375E-16,-1.,0.));
#7216=DIRECTION('ref_axis',(-0.707106781186547,0.,-0.707106781186548));
#7217=DIRECTION('',(4.59402630879375E-16,1.,0.));
#7218=DIRECTION('center_axis',(0.,0.,-1.));
#7219=DIRECTION('ref_axis',(1.,-4.03717463500057E-16,0.));
#7220=DIRECTION('',(0.,-1.,0.));
#7221=DIRECTION('center_axis',(0.,-1.,0.));
#7222=DIRECTION('ref_axis',(0.707106781186547,0.,0.707106781186548));
#7223=DIRECTION('',(0.,1.,0.));
#7224=DIRECTION('center_axis',(1.,0.,0.));
#7225=DIRECTION('ref_axis',(0.,-1.,0.));
#7226=DIRECTION('',(0.,-1.,0.));
#7227=DIRECTION('center_axis',(0.,-1.,0.));
#7228=DIRECTION('ref_axis',(0.707106781186547,0.,-0.707106781186548));
#7229=DIRECTION('center_axis',(5.70618514764569E-16,1.,0.));
#7230=DIRECTION('ref_axis',(-0.707106781186547,2.61682076447296E-16,-0.707106781186548));
#7231=DIRECTION('',(5.70618514764569E-16,1.,0.));
#7232=DIRECTION('center_axis',(-3.5527136788005E-16,1.,0.));
#7233=DIRECTION('ref_axis',(-0.707106781186548,-2.54426109809932E-16,-0.707106781186548));
#7234=DIRECTION('center_axis',(-1.,5.70618514764569E-16,0.));
#7235=DIRECTION('ref_axis',(5.70618514764569E-16,1.,0.));
#7236=DIRECTION('',(-5.70618514764569E-16,-1.,0.));
#7237=DIRECTION('',(0.,0.,1.));
#7238=DIRECTION('center_axis',(5.70618514764569E-16,1.,0.));
#7239=DIRECTION('ref_axis',(0.707106781186547,-3.14018491736755E-16,0.707106781186547));
#7240=DIRECTION('',(5.70618514764569E-16,1.,0.));
#7241=DIRECTION('center_axis',(-0.739940073395944,-0.672672793996313,0.));
#7242=DIRECTION('ref_axis',(0.672672793996312,-0.739940073395944,0.));
#7243=DIRECTION('center_axis',(0.,0.,1.));
#7244=DIRECTION('ref_axis',(1.,0.,0.));
#7245=DIRECTION('',(1.,3.5527136788005E-16,0.));
#7246=DIRECTION('',(-0.500000000000001,0.866025403784438,0.));
#7247=DIRECTION('',(-1.,0.,0.));
#7248=DIRECTION('',(-0.499999999999996,-0.866025403784441,0.));
#7249=DIRECTION('',(0.500000000000001,-0.866025403784438,0.));
#7250=DIRECTION('',(1.,0.,0.));
#7251=DIRECTION('',(0.499999999999999,0.866025403784439,0.));
#7252=DIRECTION('',(-0.500000000000001,0.866025403784438,0.));
#7253=DIRECTION('',(-1.,0.,0.));
#7254=DIRECTION('',(-0.500000000000002,-0.866025403784438,0.));
#7255=DIRECTION('',(0.500000000000001,-0.866025403784438,0.));
#7256=DIRECTION('',(1.,0.,0.));
#7257=DIRECTION('',(0.500000000000001,0.866025403784438,0.));
#7258=DIRECTION('center_axis',(1.,3.5527136788005E-16,0.));
#7259=DIRECTION('ref_axis',(3.14018491736755E-16,-0.707106781186547,0.707106781186547));
#7260=DIRECTION('center_axis',(0.672672793996312,0.739940073395944,-7.46816823933641E-17));
#7261=DIRECTION('ref_axis',(0.739940073395944,-0.672672793996312,0.));
#7262=DIRECTION('center_axis',(3.08148791101958E-34,-1.,0.));
#7263=DIRECTION('ref_axis',(-1.,-3.08148791101958E-34,0.));
#7264=DIRECTION('center_axis',(3.08148791101958E-34,-1.,0.));
#7265=DIRECTION('ref_axis',(-0.642787609686539,-1.98074224860224E-34,-0.766044443118978));
#7266=DIRECTION('',(5.2245789394125E-16,1.60994768419671E-49,-1.));
#7267=DIRECTION('center_axis',(3.08148791101958E-34,-1.,0.));
#7268=DIRECTION('ref_axis',(-0.642787609686539,-1.98074224860224E-34,0.766044443118978));
#7269=DIRECTION('',(-0.984807753012208,-3.03467318558547E-34,0.173648177666931));
#7270=DIRECTION('center_axis',(3.08148791101958E-34,-1.,0.));
#7271=DIRECTION('ref_axis',(0.766044443118978,2.36055669077486E-34,0.642787609686539));
#7272=DIRECTION('',(0.,0.,1.));
#7273=DIRECTION('center_axis',(3.08148791101958E-34,-1.,0.));
#7274=DIRECTION('ref_axis',(0.766044443118977,2.36055669077485E-34,-0.64278760968654));
#7275=DIRECTION('',(0.984807753012209,3.03467318558548E-34,0.173648177666926));
#7276=DIRECTION('center_axis',(3.08148791101958E-34,-1.,0.));
#7277=DIRECTION('ref_axis',(-0.642787609686541,-1.98074224860225E-34,0.766044443118976));
#7278=DIRECTION('',(-0.984807753012209,-3.03467318558548E-34,0.173648177666926));
#7279=DIRECTION('center_axis',(3.08148791101958E-34,-1.,0.));
#7280=DIRECTION('ref_axis',(0.766044443118977,2.36055669077485E-34,0.64278760968654));
#7281=DIRECTION('',(0.,0.,1.));
#7282=DIRECTION('center_axis',(3.08148791101958E-34,-1.,0.));
#7283=DIRECTION('ref_axis',(0.766044443118978,2.36055669077486E-34,-0.642787609686539));
#7284=DIRECTION('',(0.984807753012208,3.03467318558547E-34,0.173648177666931));
#7285=DIRECTION('center_axis',(3.08148791101958E-34,-1.,0.));
#7286=DIRECTION('ref_axis',(-0.64278760968654,-1.98074224860224E-34,-0.766044443118978));
#7287=DIRECTION('',(-5.2245789394125E-16,-1.60994768419671E-49,-1.));
#7288=DIRECTION('center_axis',(0.,0.,-1.));
#7289=DIRECTION('ref_axis',(-1.,0.,0.));
#7290=DIRECTION('center_axis',(0.672672793996312,0.739940073395944,0.));
#7291=DIRECTION('ref_axis',(0.739940073395944,-0.672672793996312,-7.46816823933641E-17));
#7292=DIRECTION('center_axis',(-0.739940073395944,-0.672672793996313,0.));
#7293=DIRECTION('ref_axis',(0.672672793996312,-0.739940073395944,-7.46816823933641E-17));
#7294=DIRECTION('center_axis',(0.,0.,1.));
#7295=DIRECTION('ref_axis',(-0.707106781186546,0.707106781186549,0.));
#7296=DIRECTION('center_axis',(0.,0.,-1.));
#7297=DIRECTION('ref_axis',(-1.,-4.44089209850062E-15,0.));
#7298=DIRECTION('center_axis',(3.5527136788005E-16,-1.,0.));
#7299=DIRECTION('ref_axis',(0.,0.,-1.));
#7300=DIRECTION('center_axis',(-1.,0.,0.));
#7301=DIRECTION('ref_axis',(0.,0.,1.));
#7302=DIRECTION('center_axis',(-3.5527136788005E-16,1.,0.));
#7303=DIRECTION('ref_axis',(-0.707106781186548,-2.54426109809932E-16,0.707106781186548));
#7304=DIRECTION('center_axis',(-1.,-3.5527136788005E-16,0.));
#7305=DIRECTION('ref_axis',(0.,0.707106781186544,0.707106781186551));
#7306=DIRECTION('center_axis',(-1.,0.,0.));
#7307=DIRECTION('ref_axis',(0.,-4.44089209850062E-15,1.));
#7308=DIRECTION('center_axis',(3.5527136788005E-16,-1.,0.));
#7309=DIRECTION('ref_axis',(0.,0.,-1.));
#7310=DIRECTION('center_axis',(0.,0.,1.));
#7311=DIRECTION('ref_axis',(1.,4.4408920985006E-15,0.));
#7312=DIRECTION('center_axis',(0.,0.,1.));
#7313=DIRECTION('ref_axis',(0.707106781186544,0.707106781186551,0.));
#7314=DIRECTION('center_axis',(0.,0.,1.));
#7315=DIRECTION('ref_axis',(1.,0.,0.));
#7316=DIRECTION('center_axis',(3.5527136788005E-16,-1.,0.));
#7317=DIRECTION('ref_axis',(0.,0.,-1.));
#7318=DIRECTION('center_axis',(1.,0.,0.));
#7319=DIRECTION('ref_axis',(0.,0.,-1.));
#7320=DIRECTION('center_axis',(-1.,-3.5527136788005E-16,-2.07518322359842E-16));
#7321=DIRECTION('ref_axis',(0.,0.707106781186549,-0.707106781186546));
#7322=DIRECTION('center_axis',(1.,0.,0.));
#7323=DIRECTION('ref_axis',(0.,0.,-1.));
#7324=DIRECTION('center_axis',(-3.5527136788005E-16,1.,0.));
#7325=DIRECTION('ref_axis',(0.,0.,1.));
#7326=DIRECTION('center_axis',(-1.11022302462516E-15,0.,1.));
#7327=DIRECTION('ref_axis',(1.,0.,1.11022302462516E-15));
#7328=DIRECTION('center_axis',(0.,0.,-1.));
#7329=DIRECTION('ref_axis',(0.707106781186544,0.707106781186551,0.));
#7330=DIRECTION('center_axis',(0.,0.,1.));
#7331=DIRECTION('ref_axis',(1.,0.,0.));
#7332=DIRECTION('center_axis',(-3.5527136788005E-16,1.,0.));
#7333=DIRECTION('ref_axis',(0.,0.,1.));
#7334=DIRECTION('center_axis',(-1.,0.,0.));
#7335=DIRECTION('ref_axis',(0.,0.,1.));
#7336=DIRECTION('center_axis',(1.,3.5527136788005E-16,0.));
#7337=DIRECTION('ref_axis',(0.,0.707106781186546,0.707106781186549));
#7338=DIRECTION('center_axis',(-1.,0.,0.));
#7339=DIRECTION('ref_axis',(0.,0.,1.));
#7340=DIRECTION('center_axis',(3.5527136788005E-16,-1.,0.));
#7341=DIRECTION('ref_axis',(0.,0.,-1.));
#7342=DIRECTION('center_axis',(0.,0.,1.));
#7343=DIRECTION('ref_axis',(1.,0.,0.));
#7344=DIRECTION('center_axis',(0.,0.,1.));
#7345=DIRECTION('ref_axis',(0.707106781186544,0.707106781186551,0.));
#7346=DIRECTION('center_axis',(0.,0.,1.));
#7347=DIRECTION('ref_axis',(1.,0.,0.));
#7348=DIRECTION('center_axis',(3.5527136788005E-16,-1.,0.));
#7349=DIRECTION('ref_axis',(0.,0.,-1.));
#7350=DIRECTION('center_axis',(1.,0.,0.));
#7351=DIRECTION('ref_axis',(0.,0.,-1.));
#7352=DIRECTION('center_axis',(1.,3.5527136788005E-16,0.));
#7353=DIRECTION('ref_axis',(0.,0.707106781186544,-0.707106781186551));
#7354=DIRECTION('center_axis',(1.,0.,0.));
#7355=DIRECTION('ref_axis',(0.,0.,-1.));
#7356=DIRECTION('center_axis',(3.5527136788005E-16,-1.,0.));
#7357=DIRECTION('ref_axis',(0.,0.,-1.));
#7358=DIRECTION('center_axis',(0.,0.,-1.));
#7359=DIRECTION('ref_axis',(-1.,0.,0.));
#7360=DIRECTION('center_axis',(0.,0.,1.));
#7361=DIRECTION('ref_axis',(-0.707106781186546,0.707106781186549,0.));
#7362=DIRECTION('center_axis',(0.,0.,-1.));
#7363=DIRECTION('ref_axis',(-1.,0.,0.));
#7364=DIRECTION('center_axis',(-5.70618514764569E-16,-1.,0.));
#7365=DIRECTION('ref_axis',(-0.707106781186547,2.61682076447296E-16,0.707106781186548));
#7366=DIRECTION('center_axis',(-5.70618514764569E-16,-1.,0.));
#7367=DIRECTION('ref_axis',(0.707106781186547,-3.14018491736755E-16,-0.707106781186547));
#7368=DIRECTION('',(-5.70618514764569E-16,-1.,0.));
#7369=DIRECTION('center_axis',(-1.,-3.5527136788005E-16,0.));
#7370=DIRECTION('ref_axis',(3.14018491736755E-16,-0.707106781186547,-0.707106781186547));
#7371=DIRECTION('',(-1.,-3.5527136788005E-16,0.));
#7372=DIRECTION('center_axis',(0.,0.,1.));
#7373=DIRECTION('ref_axis',(-0.707106781186548,-0.707106781186547,0.));
#7374=DIRECTION('',(0.,0.,1.));
#7375=DIRECTION('center_axis',(-1.95921710227969E-16,-1.,0.));
#7376=DIRECTION('ref_axis',(-1.,1.95921710227969E-16,0.));
#7377=DIRECTION('center_axis',(-1.95921710227969E-16,-1.,0.));
#7378=DIRECTION('ref_axis',(-0.642787609686539,1.25936047803135E-16,-0.766044443118978));
#7379=DIRECTION('',(5.2245789394125E-16,-1.02360844103072E-31,-1.));
#7380=DIRECTION('center_axis',(-1.95921710227969E-16,-1.,0.));
#7381=DIRECTION('ref_axis',(-0.64278760968654,1.25936047803135E-16,0.766044443118977));
#7382=DIRECTION('',(-0.984807753012208,1.92945219215915E-16,0.173648177666931));
#7383=DIRECTION('center_axis',(-1.95921710227969E-16,-1.,0.));
#7384=DIRECTION('ref_axis',(0.766044443118978,-1.50084737406502E-16,0.642787609686539));
#7385=DIRECTION('',(0.,0.,1.));
#7386=DIRECTION('center_axis',(-1.95921710227969E-16,-1.,0.));
#7387=DIRECTION('ref_axis',(0.766044443118977,-1.50084737406502E-16,-0.64278760968654));
#7388=DIRECTION('',(0.984807753012209,-1.92945219215915E-16,0.173648177666926));
#7389=DIRECTION('center_axis',(-1.95921710227969E-16,-1.,0.));
#7390=DIRECTION('ref_axis',(-0.642787609686541,1.25936047803135E-16,0.766044443118976));
#7391=DIRECTION('',(-0.984807753012209,1.92945219215915E-16,0.173648177666926));
#7392=DIRECTION('center_axis',(-1.95921710227969E-16,-1.,0.));
#7393=DIRECTION('ref_axis',(0.766044443118977,-1.50084737406502E-16,0.64278760968654));
#7394=DIRECTION('',(0.,0.,1.));
#7395=DIRECTION('center_axis',(-1.95921710227969E-16,-1.,0.));
#7396=DIRECTION('ref_axis',(0.766044443118978,-1.50084737406502E-16,-0.642787609686539));
#7397=DIRECTION('',(0.984807753012208,-1.92945219215915E-16,0.173648177666931));
#7398=DIRECTION('center_axis',(-1.95921710227969E-16,-1.,0.));
#7399=DIRECTION('ref_axis',(-0.64278760968654,1.25936047803135E-16,-0.766044443118978));
#7400=DIRECTION('',(-5.2245789394125E-16,1.02360844103072E-31,-1.));
#7401=DIRECTION('center_axis',(6.505213034913E-18,0.,1.));
#7402=DIRECTION('ref_axis',(1.,0.,0.));
#7403=DIRECTION('center_axis',(6.505213034913E-18,0.,1.));
#7404=DIRECTION('ref_axis',(1.,0.,-6.505213034913E-18));
#7405=DIRECTION('center_axis',(0.866025403784438,0.500000000000001,0.));
#7406=DIRECTION('ref_axis',(-0.500000000000001,0.866025403784438,0.));
#7407=DIRECTION('',(0.,0.,1.));
#7408=DIRECTION('',(-0.500000000000001,0.866025403784438,0.));
#7409=DIRECTION('',(0.,0.,1.));
#7410=DIRECTION('center_axis',(0.866025403784438,-0.500000000000001,0.));
#7411=DIRECTION('ref_axis',(0.500000000000001,0.866025403784438,0.));
#7412=DIRECTION('',(0.,0.,1.));
#7413=DIRECTION('',(0.500000000000001,0.866025403784438,0.));
#7414=DIRECTION('center_axis',(0.,-1.,0.));
#7415=DIRECTION('ref_axis',(1.,0.,0.));
#7416=DIRECTION('',(0.,0.,1.));
#7417=DIRECTION('',(1.,0.,0.));
#7418=DIRECTION('center_axis',(-0.866025403784438,-0.500000000000001,0.));
#7419=DIRECTION('ref_axis',(0.500000000000001,-0.866025403784438,0.));
#7420=DIRECTION('',(0.,0.,1.));
#7421=DIRECTION('',(0.500000000000001,-0.866025403784438,0.));
#7422=DIRECTION('center_axis',(-0.866025403784438,0.500000000000002,0.));
#7423=DIRECTION('ref_axis',(-0.500000000000002,-0.866025403784438,0.));
#7424=DIRECTION('',(0.,0.,1.));
#7425=DIRECTION('',(-0.500000000000002,-0.866025403784438,0.));
#7426=DIRECTION('center_axis',(0.,1.,0.));
#7427=DIRECTION('ref_axis',(-1.,0.,0.));
#7428=DIRECTION('',(-1.,0.,0.));
#7429=DIRECTION('center_axis',(0.,0.,-1.));
#7430=DIRECTION('ref_axis',(-1.,0.,0.));
#7431=DIRECTION('center_axis',(0.,0.,-1.));
#7432=DIRECTION('ref_axis',(1.,0.,0.));
#7433=DIRECTION('center_axis',(0.866025403784438,0.500000000000001,0.));
#7434=DIRECTION('ref_axis',(-0.500000000000001,0.866025403784438,0.));
#7435=DIRECTION('',(0.,0.,1.));
#7436=DIRECTION('',(-0.500000000000001,0.866025403784438,0.));
#7437=DIRECTION('',(0.,0.,1.));
#7438=DIRECTION('center_axis',(0.866025403784439,-0.499999999999999,0.));
#7439=DIRECTION('ref_axis',(0.499999999999999,0.866025403784439,0.));
#7440=DIRECTION('',(0.,0.,1.));
#7441=DIRECTION('',(0.499999999999999,0.866025403784439,0.));
#7442=DIRECTION('center_axis',(0.,-1.,0.));
#7443=DIRECTION('ref_axis',(1.,0.,0.));
#7444=DIRECTION('',(0.,0.,1.));
#7445=DIRECTION('',(1.,0.,0.));
#7446=DIRECTION('center_axis',(-0.866025403784438,-0.500000000000001,0.));
#7447=DIRECTION('ref_axis',(0.500000000000001,-0.866025403784438,0.));
#7448=DIRECTION('',(0.,0.,1.));
#7449=DIRECTION('',(0.500000000000001,-0.866025403784438,0.));
#7450=DIRECTION('center_axis',(-0.866025403784441,0.499999999999996,0.));
#7451=DIRECTION('ref_axis',(-0.499999999999996,-0.866025403784441,0.));
#7452=DIRECTION('',(0.,0.,1.));
#7453=DIRECTION('',(-0.499999999999996,-0.866025403784441,0.));
#7454=DIRECTION('center_axis',(0.,1.,0.));
#7455=DIRECTION('ref_axis',(-1.,0.,0.));
#7456=DIRECTION('',(-1.,0.,0.));
#7457=DIRECTION('center_axis',(0.,0.,-1.));
#7458=DIRECTION('ref_axis',(-1.,0.,0.));
#7459=DIRECTION('center_axis',(0.,0.,-1.));
#7460=DIRECTION('ref_axis',(1.,0.,0.));
#7461=DIRECTION('center_axis',(0.,0.,1.));
#7462=DIRECTION('ref_axis',(1.,0.,0.));
#7463=DIRECTION('center_axis',(0.,0.,-1.));
#7464=DIRECTION('ref_axis',(1.,0.,0.));
#7465=DIRECTION('center_axis',(0.,0.,-1.));
#7466=DIRECTION('ref_axis',(1.,0.,0.));
#7467=DIRECTION('center_axis',(1.,-9.06304509898087E-17,0.));
#7468=DIRECTION('ref_axis',(-9.06304509898087E-17,-1.,0.));
#7469=DIRECTION('',(0.,0.,-1.));
#7470=DIRECTION('center_axis',(0.,0.,-1.));
#7471=DIRECTION('ref_axis',(1.,0.,0.));
#7472=DIRECTION('',(0.,0.,1.));
#7473=DIRECTION('center_axis',(0.,0.,-1.));
#7474=DIRECTION('ref_axis',(1.,0.,0.));
#7475=DIRECTION('',(0.,0.,1.));
#7476=DIRECTION('center_axis',(0.,0.,-1.));
#7477=DIRECTION('ref_axis',(1.,0.,0.));
#7478=DIRECTION('',(0.,0.,-1.));
#7479=DIRECTION('center_axis',(0.,1.,0.));
#7480=DIRECTION('ref_axis',(1.,0.,0.));
#7481=DIRECTION('',(0.,0.,-1.));
#7482=DIRECTION('center_axis',(0.,0.,-1.));
#7483=DIRECTION('ref_axis',(0.,1.,0.));
#7484=DIRECTION('',(0.,0.,-1.));
#7485=DIRECTION('center_axis',(-1.,0.,0.));
#7486=DIRECTION('ref_axis',(0.,1.,0.));
#7487=DIRECTION('',(0.,0.,-1.));
#7488=DIRECTION('center_axis',(0.,0.,-1.));
#7489=DIRECTION('ref_axis',(-1.,0.,0.));
#7490=DIRECTION('',(0.,0.,-1.));
#7491=DIRECTION('center_axis',(0.,-1.,0.));
#7492=DIRECTION('ref_axis',(-1.,0.,0.));
#7493=DIRECTION('center_axis',(1.,0.,0.));
#7494=DIRECTION('ref_axis',(0.,-1.,0.));
#7495=DIRECTION('center_axis',(3.08148791101958E-34,-1.,0.));
#7496=DIRECTION('ref_axis',(0.,0.,-1.));
#7497=DIRECTION('center_axis',(0.,0.,-1.));
#7498=DIRECTION('ref_axis',(1.,0.,0.));
#7499=DIRECTION('center_axis',(-0.984807753012209,0.,-0.173648177666927));
#7500=DIRECTION('ref_axis',(0.,-1.,0.));
#7501=DIRECTION('center_axis',(-3.08148791101958E-34,1.,0.));
#7502=DIRECTION('ref_axis',(-0.642787609686539,0.,-0.766044443118978));
#7503=DIRECTION('center_axis',(-0.984807753012209,-3.03467318558548E-34,
-0.173648177666926));
#7504=DIRECTION('ref_axis',(-0.122787803968968,-0.707106781186548,0.69636424032002));
#7505=DIRECTION('center_axis',(-0.984807753012209,0.,-0.173648177666923));
#7506=DIRECTION('ref_axis',(0.,-1.,0.));
#7507=DIRECTION('',(-0.984807753012209,-3.03467318558548E-34,-0.173648177666926));
#7508=DIRECTION('center_axis',(3.08148791101958E-34,-1.,0.));
#7509=DIRECTION('ref_axis',(0.,0.,-1.));
#7510=DIRECTION('center_axis',(0.,0.,-1.));
#7511=DIRECTION('ref_axis',(0.,-1.,0.));
#7512=DIRECTION('center_axis',(-3.08148791101958E-34,1.,0.));
#7513=DIRECTION('ref_axis',(0.766044443118977,0.,-0.64278760968654));
#7514=DIRECTION('center_axis',(0.,0.,-1.));
#7515=DIRECTION('ref_axis',(-0.707106781186546,-0.707106781186549,0.));
#7516=DIRECTION('center_axis',(0.,0.,-1.));
#7517=DIRECTION('ref_axis',(0.,-1.,0.));
#7518=DIRECTION('',(0.,0.,-1.));
#7519=DIRECTION('center_axis',(3.08148791101958E-34,-1.,0.));
#7520=DIRECTION('ref_axis',(0.,0.,-1.));
#7521=DIRECTION('center_axis',(0.984807753012207,0.,-0.173648177666936));
#7522=DIRECTION('ref_axis',(0.,-1.,0.));
#7523=DIRECTION('center_axis',(-3.08148791101958E-34,1.,0.));
#7524=DIRECTION('ref_axis',(0.766044443118978,0.,0.642787609686539));
#7525=DIRECTION('center_axis',(0.984807753012208,3.03467318558547E-34,-0.173648177666931));
#7526=DIRECTION('ref_axis',(-0.122787803968974,-0.707106781186547,-0.696364240320019));
#7527=DIRECTION('center_axis',(0.984807753012208,0.,-0.173648177666931));
#7528=DIRECTION('ref_axis',(0.,-1.,0.));
#7529=DIRECTION('',(0.984807753012208,3.03467318558547E-34,-0.173648177666931));
#7530=DIRECTION('center_axis',(3.08148791101958E-34,-1.,0.));
#7531=DIRECTION('ref_axis',(-0.642787609686539,0.,0.766044443118979));
#7532=DIRECTION('center_axis',(0.,0.,1.));
#7533=DIRECTION('ref_axis',(0.,-1.,0.));
#7534=DIRECTION('center_axis',(-3.08148791101958E-34,1.,0.));
#7535=DIRECTION('ref_axis',(-0.642787609686539,0.,0.766044443118978));
#7536=DIRECTION('center_axis',(-5.2245789394125E-16,-1.60994768419671E-49,
1.));
#7537=DIRECTION('ref_axis',(0.707106781186546,-0.707106781186549,0.));
#7538=DIRECTION('',(-5.2245789394125E-16,-1.60994768419671E-49,1.));
#7539=DIRECTION('center_axis',(-0.173648177666931,7.97744296675973E-17,
-0.984807753012208));
#7540=DIRECTION('ref_axis',(0.984807753012208,-3.97584088081279E-16,-0.173648177666931));
#7541=DIRECTION('',(-4.59402630879375E-16,-1.,1.21386927423419E-32));
#7542=DIRECTION('',(-0.984807753012208,-1.92945219215915E-16,0.173648177666931));
#7543=DIRECTION('',(4.59402630879375E-16,1.,0.));
#7544=DIRECTION('center_axis',(-4.59402630879375E-16,-1.,0.));
#7545=DIRECTION('ref_axis',(-0.642787609686541,0.,0.766044443118977));
#7546=DIRECTION('',(4.59402630879375E-16,1.,-5.15183258942947E-47));
#7547=DIRECTION('center_axis',(1.95921710227969E-16,-1.,0.));
#7548=DIRECTION('ref_axis',(-0.642787609686539,-1.38777878078145E-16,0.766044443118978));
#7549=DIRECTION('center_axis',(1.,-4.59402630879375E-16,5.2245789394125E-16));
#7550=DIRECTION('ref_axis',(-5.2245789394125E-16,2.10925375727543E-31,1.));
#7551=DIRECTION('',(-4.59402630879375E-16,-1.,0.));
#7552=DIRECTION('',(5.2245789394125E-16,1.02360844103072E-31,-1.));
#7553=DIRECTION('center_axis',(-4.59402630879375E-16,-1.,0.));
#7554=DIRECTION('ref_axis',(-0.642787609686543,0.,-0.766044443118975));
#7555=DIRECTION('',(4.59402630879375E-16,1.,0.));
#7556=DIRECTION('center_axis',(1.95921710227969E-16,-1.,0.));
#7557=DIRECTION('ref_axis',(-0.642787609686541,-1.38777878078145E-16,-0.766044443118976));
#7558=DIRECTION('center_axis',(-1.95921710227969E-16,1.,0.));
#7559=DIRECTION('ref_axis',(0.,0.,1.));
#7560=DIRECTION('center_axis',(0.,0.,1.));
#7561=DIRECTION('ref_axis',(1.,0.,0.));
#7562=DIRECTION('center_axis',(-0.984807753012208,0.,0.173648177666932));
#7563=DIRECTION('ref_axis',(0.,1.,0.));
#7564=DIRECTION('center_axis',(-0.984807753012208,-1.92945219215915E-16,
0.173648177666931));
#7565=DIRECTION('ref_axis',(-0.122787803968974,0.707106781186547,-0.696364240320019));
#7566=DIRECTION('center_axis',(-0.984807753012208,0.,0.173648177666932));
#7567=DIRECTION('ref_axis',(0.,1.,0.));
#7568=DIRECTION('center_axis',(-1.95921710227969E-16,1.,0.));
#7569=DIRECTION('ref_axis',(0.,0.,1.));
#7570=DIRECTION('center_axis',(0.,0.,1.));
#7571=DIRECTION('ref_axis',(0.,1.,0.));
#7572=DIRECTION('center_axis',(1.95921710227969E-16,-1.,0.));
#7573=DIRECTION('ref_axis',(0.766044443118978,1.38777878078145E-16,0.642787609686539));
#7574=DIRECTION('center_axis',(0.,0.,1.));
#7575=DIRECTION('ref_axis',(-0.707106781186546,0.707106781186549,0.));
#7576=DIRECTION('center_axis',(0.,0.,1.));
#7577=DIRECTION('ref_axis',(0.,1.,0.));
#7578=DIRECTION('',(0.,0.,1.));
#7579=DIRECTION('center_axis',(-1.95921710227969E-16,1.,0.));
#7580=DIRECTION('ref_axis',(0.,0.,1.));
#7581=DIRECTION('center_axis',(0.984807753012209,0.,0.173648177666927));
#7582=DIRECTION('ref_axis',(0.,1.,0.));
#7583=DIRECTION('center_axis',(1.95921710227969E-16,-1.,0.));
#7584=DIRECTION('ref_axis',(0.766044443118975,1.38777878078144E-16,-0.642787609686543));
#7585=DIRECTION('center_axis',(0.984807753012209,1.92945219215915E-16,0.173648177666926));
#7586=DIRECTION('ref_axis',(-0.122787803968967,0.707106781186549,0.696364240320018));
#7587=DIRECTION('center_axis',(0.984807753012208,0.,0.173648177666928));
#7588=DIRECTION('ref_axis',(0.,1.,0.));
#7589=DIRECTION('',(0.984807753012209,1.92945219215915E-16,0.173648177666926));
#7590=DIRECTION('center_axis',(-1.95921710227969E-16,1.,0.));
#7591=DIRECTION('ref_axis',(-0.642787609686541,0.,-0.766044443118977));
#7592=DIRECTION('center_axis',(0.,0.,-1.));
#7593=DIRECTION('ref_axis',(0.,1.,0.));
#7594=DIRECTION('center_axis',(5.2245789394125E-16,1.02360844103072E-31,
-1.));
#7595=DIRECTION('ref_axis',(0.707106781186548,0.707106781186548,0.));
#7596=DIRECTION('center_axis',(-0.173648177666926,7.97744296675949E-17,
0.984807753012209));
#7597=DIRECTION('ref_axis',(-0.984807753012209,3.9758408808128E-16,-0.173648177666926));
#7598=DIRECTION('',(-4.59402630879375E-16,-1.,0.));
#7599=DIRECTION('center_axis',(-1.95921710227969E-16,-1.,0.));
#7600=DIRECTION('ref_axis',(0.,0.,-1.));
#7601=DIRECTION('center_axis',(0.,0.,-1.));
#7602=DIRECTION('ref_axis',(1.,0.,0.));
#7603=DIRECTION('center_axis',(-0.984807753012209,0.,-0.173648177666927));
#7604=DIRECTION('ref_axis',(0.,-1.,0.));
#7605=DIRECTION('center_axis',(1.95921710227969E-16,1.,0.));
#7606=DIRECTION('ref_axis',(-0.642787609686539,1.38777878078145E-16,-0.766044443118978));
#7607=DIRECTION('center_axis',(-0.984807753012209,1.92945219215915E-16,
-0.173648177666926));
#7608=DIRECTION('ref_axis',(-0.122787803968968,-0.707106781186547,0.696364240320021));
#7609=DIRECTION('center_axis',(-0.984807753012209,0.,-0.173648177666923));
#7610=DIRECTION('ref_axis',(0.,-1.,0.));
#7611=DIRECTION('',(-0.984807753012209,1.92945219215915E-16,-0.173648177666926));
#7612=DIRECTION('center_axis',(-1.95921710227969E-16,-1.,0.));
#7613=DIRECTION('ref_axis',(0.,0.,-1.));
#7614=DIRECTION('center_axis',(0.,0.,-1.));
#7615=DIRECTION('ref_axis',(0.,-1.,0.));
#7616=DIRECTION('center_axis',(1.95921710227969E-16,1.,0.));
#7617=DIRECTION('ref_axis',(0.766044443118977,-1.38777878078144E-16,-0.64278760968654));
#7618=DIRECTION('center_axis',(0.,0.,-1.));
#7619=DIRECTION('ref_axis',(-0.707106781186548,-0.707106781186548,0.));
#7620=DIRECTION('center_axis',(0.,0.,-1.));
#7621=DIRECTION('ref_axis',(0.,-1.,0.));
#7622=DIRECTION('',(0.,0.,-1.));
#7623=DIRECTION('center_axis',(-1.95921710227969E-16,-1.,0.));
#7624=DIRECTION('ref_axis',(0.,0.,-1.));
#7625=DIRECTION('center_axis',(0.984807753012207,0.,-0.173648177666936));
#7626=DIRECTION('ref_axis',(0.,-1.,0.));
#7627=DIRECTION('center_axis',(1.95921710227969E-16,1.,0.));
#7628=DIRECTION('ref_axis',(0.766044443118978,-1.38777878078145E-16,0.642787609686539));
#7629=DIRECTION('center_axis',(0.984807753012208,-1.92945219215915E-16,
-0.173648177666931));
#7630=DIRECTION('ref_axis',(-0.122787803968973,-0.707106781186549,-0.696364240320017));
#7631=DIRECTION('center_axis',(0.984807753012209,0.,-0.173648177666927));
#7632=DIRECTION('ref_axis',(0.,-1.,0.));
#7633=DIRECTION('',(0.984807753012208,-1.92945219215915E-16,-0.173648177666931));
#7634=DIRECTION('center_axis',(-1.95921710227969E-16,-1.,0.));
#7635=DIRECTION('ref_axis',(-0.642787609686539,0.,0.766044443118979));
#7636=DIRECTION('center_axis',(0.,0.,1.));
#7637=DIRECTION('ref_axis',(0.,-1.,0.));
#7638=DIRECTION('center_axis',(1.95921710227969E-16,1.,0.));
#7639=DIRECTION('ref_axis',(-0.64278760968654,1.38777878078144E-16,0.766044443118977));
#7640=DIRECTION('center_axis',(-5.2245789394125E-16,1.02360844103072E-31,
1.));
#7641=DIRECTION('ref_axis',(0.707106781186551,-0.707106781186544,0.));
#7642=DIRECTION('',(-5.2245789394125E-16,1.02360844103072E-31,1.));
#7643=DIRECTION('center_axis',(-0.173648177666931,7.97744296675973E-17,
-0.984807753012208));
#7644=DIRECTION('ref_axis',(0.984807753012208,-3.97584088081279E-16,-0.173648177666931));
#7645=DIRECTION('',(-4.59402630879375E-16,-1.,1.21386927423419E-32));
#7646=DIRECTION('',(-0.984807753012208,0.,0.173648177666931));
#7647=DIRECTION('',(4.59402630879375E-16,1.,0.));
#7648=DIRECTION('center_axis',(-4.59402630879375E-16,-1.,0.));
#7649=DIRECTION('ref_axis',(-0.642787609686541,0.,0.766044443118977));
#7650=DIRECTION('',(4.59402630879375E-16,1.,-5.15183258942947E-47));
#7651=DIRECTION('center_axis',(0.,-1.,0.));
#7652=DIRECTION('ref_axis',(-0.642787609686538,0.,0.766044443118979));
#7653=DIRECTION('center_axis',(1.,-4.59402630879375E-16,5.2245789394125E-16));
#7654=DIRECTION('ref_axis',(-5.2245789394125E-16,2.10925375727543E-31,1.));
#7655=DIRECTION('',(-4.59402630879375E-16,-1.,0.));
#7656=DIRECTION('',(5.2245789394125E-16,0.,-1.));
#7657=DIRECTION('center_axis',(-4.59402630879375E-16,-1.,0.));
#7658=DIRECTION('ref_axis',(-0.642787609686543,0.,-0.766044443118975));
#7659=DIRECTION('',(4.59402630879375E-16,1.,0.));
#7660=DIRECTION('center_axis',(0.,-1.,0.));
#7661=DIRECTION('ref_axis',(-0.642787609686539,0.,-0.766044443118978));
#7662=DIRECTION('center_axis',(-0.984807753012209,0.,-0.173648177666926));
#7663=DIRECTION('ref_axis',(-0.122787803968967,0.707106781186549,0.696364240320018));
#7664=DIRECTION('center_axis',(-0.984807753012209,0.,-0.173648177666927));
#7665=DIRECTION('ref_axis',(-0.173648177666927,0.,0.984807753012209));
#7666=DIRECTION('',(-0.984807753012209,0.,-0.173648177666926));
#7667=DIRECTION('center_axis',(0.984807753012209,0.,0.173648177666927));
#7668=DIRECTION('ref_axis',(0.,1.,0.));
#7669=DIRECTION('',(0.984807753012209,0.,0.173648177666926));
#7670=DIRECTION('center_axis',(0.,1.,0.));
#7671=DIRECTION('ref_axis',(-0.642787609686541,0.,-0.766044443118976));
#7672=DIRECTION('center_axis',(0.,0.,-1.));
#7673=DIRECTION('ref_axis',(0.,1.,0.));
#7674=DIRECTION('center_axis',(0.,1.,0.));
#7675=DIRECTION('ref_axis',(-0.642787609686539,0.,-0.766044443118978));
#7676=DIRECTION('center_axis',(-5.2245789394125E-16,0.,1.));
#7677=DIRECTION('ref_axis',(0.707106781186548,0.707106781186548,0.));
#7678=DIRECTION('center_axis',(0.,0.,-1.));
#7679=DIRECTION('ref_axis',(0.,1.,0.));
#7680=DIRECTION('',(-5.2245789394125E-16,0.,1.));
#7681=DIRECTION('center_axis',(0.,1.,0.));
#7682=DIRECTION('ref_axis',(0.,0.,1.));
#7683=DIRECTION('center_axis',(-0.984807753012208,0.,0.173648177666932));
#7684=DIRECTION('ref_axis',(0.,1.,0.));
#7685=DIRECTION('center_axis',(0.,1.,0.));
#7686=DIRECTION('ref_axis',(-0.642787609686538,0.,0.766044443118979));
#7687=DIRECTION('center_axis',(0.984807753012208,0.,-0.173648177666931));
#7688=DIRECTION('ref_axis',(-0.122787803968973,0.707106781186549,-0.696364240320017));
#7689=DIRECTION('center_axis',(-0.984807753012208,0.,0.173648177666932));
#7690=DIRECTION('ref_axis',(0.,1.,0.));
#7691=DIRECTION('',(0.984807753012208,0.,-0.173648177666931));
#7692=DIRECTION('center_axis',(0.,1.,0.));
#7693=DIRECTION('ref_axis',(0.,0.,1.));
#7694=DIRECTION('center_axis',(0.,0.,1.));
#7695=DIRECTION('ref_axis',(0.,1.,0.));
#7696=DIRECTION('center_axis',(0.,-1.,0.));
#7697=DIRECTION('ref_axis',(0.766044443118979,0.,0.642787609686538));
#7698=DIRECTION('center_axis',(0.,1.,0.));
#7699=DIRECTION('ref_axis',(0.766044443118979,0.,0.642787609686538));
#7700=DIRECTION('center_axis',(0.,0.,-1.));
#7701=DIRECTION('ref_axis',(-0.707106781186544,0.707106781186551,0.));
#7702=DIRECTION('center_axis',(0.,0.,1.));
#7703=DIRECTION('ref_axis',(0.,1.,0.));
#7704=DIRECTION('',(0.,0.,1.));
#7705=DIRECTION('',(0.,0.,-1.));
#7706=DIRECTION('center_axis',(0.,1.,0.));
#7707=DIRECTION('ref_axis',(0.,0.,1.));
#7708=DIRECTION('center_axis',(0.,-1.,0.));
#7709=DIRECTION('ref_axis',(0.766044443118977,0.,-0.64278760968654));
#7710=DIRECTION('center_axis',(0.,1.,0.));
#7711=DIRECTION('ref_axis',(0.766044443118977,0.,-0.64278760968654));
#7712=DIRECTION('center_axis',(-4.59402630879375E-16,-1.,0.));
#7713=DIRECTION('ref_axis',(0.766044443118981,0.,0.642787609686536));
#7714=DIRECTION('',(-4.59402630879375E-16,-1.,0.));
#7715=DIRECTION('center_axis',(-1.,4.59402630879375E-16,0.));
#7716=DIRECTION('ref_axis',(0.,0.,-1.));
#7717=DIRECTION('',(4.59402630879375E-16,1.,0.));
#7718=DIRECTION('center_axis',(-4.59402630879375E-16,-1.,0.));
#7719=DIRECTION('ref_axis',(0.766044443118977,0.,-0.64278760968654));
#7720=DIRECTION('',(-4.59402630879375E-16,-1.,0.));
#7721=DIRECTION('center_axis',(-0.173648177666926,7.97744296675949E-17,
0.984807753012209));
#7722=DIRECTION('ref_axis',(-0.984807753012209,3.9758408808128E-16,-0.173648177666926));
#7723=DIRECTION('center_axis',(0.,1.,0.));
#7724=DIRECTION('ref_axis',(0.,0.,1.));
#7725=DIRECTION('center_axis',(0.,1.,0.));
#7726=DIRECTION('ref_axis',(-0.707106781186548,0.,0.707106781186547));
#7727=DIRECTION('',(1.,-4.03717463500057E-16,0.));
#7728=DIRECTION('center_axis',(0.,1.,0.));
#7729=DIRECTION('ref_axis',(0.707106781186549,0.,0.707106781186546));
#7730=DIRECTION('',(0.,0.,-1.));
#7731=DIRECTION('center_axis',(0.,1.,0.));
#7732=DIRECTION('ref_axis',(0.707106781186546,0.,-0.707106781186549));
#7733=DIRECTION('',(-1.,4.03717463500057E-16,2.70786103567111E-16));
#7734=DIRECTION('center_axis',(0.,1.,0.));
#7735=DIRECTION('ref_axis',(-0.707106781186548,0.,-0.707106781186548));
#7736=DIRECTION('',(0.,0.,1.));
#7737=DIRECTION('center_axis',(-4.59402630879375E-16,-1.,0.));
#7738=DIRECTION('ref_axis',(0.766044443118977,0.,-0.64278760968654));
#7739=DIRECTION('',(4.59402630879375E-16,1.,0.));
#7740=DIRECTION('center_axis',(-4.59402630879375E-16,-1.,0.));
#7741=DIRECTION('ref_axis',(0.766044443118981,0.,0.642787609686536));
#7742=DIRECTION('',(-4.59402630879375E-16,-1.,0.));
#7743=DIRECTION('center_axis',(-1.,4.59402630879375E-16,0.));
#7744=DIRECTION('ref_axis',(0.,0.,-1.));
#7745=DIRECTION('center_axis',(0.,-1.,0.));
#7746=DIRECTION('ref_axis',(-0.707106781186548,0.,0.707106781186547));
#7747=DIRECTION('',(0.,1.,0.));
#7748=DIRECTION('',(0.,-1.,0.));
#7749=DIRECTION('center_axis',(1.,0.,0.));
#7750=DIRECTION('ref_axis',(0.,0.,1.));
#7751=DIRECTION('',(0.,-1.,0.));
#7752=DIRECTION('center_axis',(0.,-1.,0.));
#7753=DIRECTION('ref_axis',(0.707106781186549,0.,0.707106781186546));
#7754=DIRECTION('',(0.,1.,0.));
#7755=DIRECTION('',(0.,-1.,0.));
#7756=DIRECTION('center_axis',(-1.,0.,0.));
#7757=DIRECTION('ref_axis',(0.,0.,-1.));
#7758=DIRECTION('',(0.,1.,0.));
#7759=DIRECTION('center_axis',(0.,-1.,0.));
#7760=DIRECTION('ref_axis',(0.707106781186546,0.,-0.707106781186549));
#7761=DIRECTION('',(0.,-1.,0.));
#7762=DIRECTION('center_axis',(0.,-1.,0.));
#7763=DIRECTION('ref_axis',(-0.707106781186548,0.,-0.707106781186548));
#7764=DIRECTION('',(0.,1.,0.));
#7765=DIRECTION('center_axis',(0.,0.,-1.));
#7766=DIRECTION('ref_axis',(1.,-4.03717463500057E-16,0.));
#7767=DIRECTION('center_axis',(2.70786103567111E-16,0.,1.));
#7768=DIRECTION('ref_axis',(-1.,4.03717463500057E-16,2.70786103567111E-16));
#7769=DIRECTION('center_axis',(3.08148791101958E-34,-1.,0.));
#7770=DIRECTION('ref_axis',(-0.642787609686541,0.,0.766044443118977));
#7771=DIRECTION('center_axis',(-0.984807753012209,0.,0.173648177666923));
#7772=DIRECTION('ref_axis',(-0.173648177666923,0.,-0.984807753012209));
#7773=DIRECTION('center_axis',(0.,0.,1.));
#7774=DIRECTION('ref_axis',(0.,-1.,0.));
#7775=DIRECTION('center_axis',(-3.08148791101958E-34,1.,0.));
#7776=DIRECTION('ref_axis',(-0.642787609686541,0.,0.766044443118976));
#7777=DIRECTION('center_axis',(5.2245789394125E-16,1.60994768419671E-49,
1.));
#7778=DIRECTION('ref_axis',(0.707106781186546,-0.707106781186549,0.));
#7779=DIRECTION('center_axis',(0.,0.,1.));
#7780=DIRECTION('ref_axis',(0.,-1.,0.));
#7781=DIRECTION('',(5.2245789394125E-16,1.60994768419671E-49,1.));
#7782=DIRECTION('center_axis',(3.08148791101958E-34,-1.,0.));
#7783=DIRECTION('ref_axis',(0.,0.,-1.));
#7784=DIRECTION('center_axis',(-0.984807753012208,0.,-0.173648177666932));
#7785=DIRECTION('ref_axis',(0.,-1.,0.));
#7786=DIRECTION('center_axis',(-3.08148791101958E-34,1.,0.));
#7787=DIRECTION('ref_axis',(-0.64278760968654,0.,-0.766044443118978));
#7788=DIRECTION('center_axis',(-0.984807753012208,-3.03467318558547E-34,
-0.173648177666931));
#7789=DIRECTION('ref_axis',(-0.122787803968974,-0.707106781186547,0.696364240320019));
#7790=DIRECTION('center_axis',(-0.984807753012208,0.,-0.173648177666932));
#7791=DIRECTION('ref_axis',(0.,-1.,0.));
#7792=DIRECTION('',(-0.984807753012208,-3.03467318558547E-34,-0.173648177666931));
#7793=DIRECTION('center_axis',(3.08148791101958E-34,-1.,0.));
#7794=DIRECTION('ref_axis',(0.,0.,-1.));
#7795=DIRECTION('center_axis',(0.,0.,-1.));
#7796=DIRECTION('ref_axis',(0.,-1.,0.));
#7797=DIRECTION('center_axis',(-3.08148791101958E-34,1.,0.));
#7798=DIRECTION('ref_axis',(0.766044443118978,0.,-0.642787609686539));
#7799=DIRECTION('center_axis',(0.,0.,-1.));
#7800=DIRECTION('ref_axis',(-0.707106781186546,-0.707106781186549,0.));
#7801=DIRECTION('center_axis',(0.,0.,-1.));
#7802=DIRECTION('ref_axis',(0.,-1.,0.));
#7803=DIRECTION('',(0.,0.,-1.));
#7804=DIRECTION('center_axis',(3.08148791101958E-34,-1.,0.));
#7805=DIRECTION('ref_axis',(0.,0.,-1.));
#7806=DIRECTION('center_axis',(0.984807753012209,0.,-0.173648177666923));
#7807=DIRECTION('ref_axis',(0.,-1.,0.));
#7808=DIRECTION('center_axis',(-3.08148791101958E-34,1.,0.));
#7809=DIRECTION('ref_axis',(0.766044443118977,0.,0.64278760968654));
#7810=DIRECTION('center_axis',(0.984807753012209,3.03467318558548E-34,-0.173648177666926));
#7811=DIRECTION('ref_axis',(-0.122787803968968,-0.707106781186548,-0.69636424032002));
#7812=DIRECTION('',(0.984807753012209,3.03467318558548E-34,-0.173648177666926));
#7813=DIRECTION('center_axis',(1.,-4.59402630879375E-16,0.));
#7814=DIRECTION('ref_axis',(0.,0.,1.));
#7815=DIRECTION('',(-4.59402630879375E-16,-1.,0.));
#7816=DIRECTION('',(0.,0.,1.));
#7817=DIRECTION('',(4.59402630879375E-16,1.,0.));
#7818=DIRECTION('center_axis',(-4.59402630879375E-16,-1.,0.));
#7819=DIRECTION('ref_axis',(0.766044443118977,0.,0.64278760968654));
#7820=DIRECTION('',(4.59402630879375E-16,1.,0.));
#7821=DIRECTION('center_axis',(1.95921710227969E-16,-1.,0.));
#7822=DIRECTION('ref_axis',(0.766044443118975,1.38777878078144E-16,0.642787609686543));
#7823=DIRECTION('center_axis',(0.173648177666926,-7.97744296675949E-17,
0.984807753012209));
#7824=DIRECTION('ref_axis',(-0.984807753012209,3.9758408808128E-16,0.173648177666926));
#7825=DIRECTION('',(-4.59402630879375E-16,-1.,0.));
#7826=DIRECTION('',(-0.984807753012209,-1.92945219215915E-16,0.173648177666926));
#7827=DIRECTION('center_axis',(-4.59402630879375E-16,-1.,0.));
#7828=DIRECTION('ref_axis',(-0.642787609686541,0.,0.766044443118977));
#7829=DIRECTION('',(4.59402630879375E-16,1.,0.));
#7830=DIRECTION('center_axis',(1.95921710227969E-16,-1.,0.));
#7831=DIRECTION('ref_axis',(-0.642787609686541,-1.38777878078145E-16,0.766044443118976));
#7832=DIRECTION('center_axis',(-1.95921710227969E-16,1.,0.));
#7833=DIRECTION('ref_axis',(-0.642787609686539,0.,-0.766044443118979));
#7834=DIRECTION('center_axis',(-0.984807753012208,0.,-0.173648177666932));
#7835=DIRECTION('ref_axis',(-0.173648177666932,0.,0.984807753012208));
#7836=DIRECTION('center_axis',(0.,0.,-1.));
#7837=DIRECTION('ref_axis',(0.,1.,0.));
#7838=DIRECTION('center_axis',(1.95921710227969E-16,-1.,0.));
#7839=DIRECTION('ref_axis',(-0.642787609686539,-1.38777878078145E-16,-0.766044443118978));
#7840=DIRECTION('center_axis',(-5.2245789394125E-16,-1.02360844103072E-31,
-1.));
#7841=DIRECTION('ref_axis',(0.707106781186548,0.707106781186548,0.));
#7842=DIRECTION('center_axis',(0.,0.,-1.));
#7843=DIRECTION('ref_axis',(0.,1.,0.));
#7844=DIRECTION('',(-5.2245789394125E-16,-1.02360844103072E-31,-1.));
#7845=DIRECTION('center_axis',(-1.95921710227969E-16,1.,0.));
#7846=DIRECTION('ref_axis',(0.,0.,1.));
#7847=DIRECTION('center_axis',(-0.984807753012209,0.,0.173648177666923));
#7848=DIRECTION('ref_axis',(0.,1.,0.));
#7849=DIRECTION('center_axis',(-0.984807753012209,-1.92945219215915E-16,
0.173648177666926));
#7850=DIRECTION('ref_axis',(-0.122787803968967,0.707106781186549,-0.696364240320018));
#7851=DIRECTION('center_axis',(-0.984807753012209,0.,0.173648177666927));
#7852=DIRECTION('ref_axis',(0.,1.,0.));
#7853=DIRECTION('center_axis',(-1.95921710227969E-16,1.,0.));
#7854=DIRECTION('ref_axis',(0.,0.,1.));
#7855=DIRECTION('center_axis',(0.,0.,1.));
#7856=DIRECTION('ref_axis',(0.,1.,0.));
#7857=DIRECTION('center_axis',(0.,0.,1.));
#7858=DIRECTION('ref_axis',(-0.707106781186546,0.707106781186549,0.));
#7859=DIRECTION('center_axis',(0.,0.,1.));
#7860=DIRECTION('ref_axis',(0.,1.,0.));
#7861=DIRECTION('center_axis',(-1.95921710227969E-16,1.,0.));
#7862=DIRECTION('ref_axis',(0.,0.,1.));
#7863=DIRECTION('center_axis',(0.984807753012208,0.,0.173648177666932));
#7864=DIRECTION('ref_axis',(0.,1.,0.));
#7865=DIRECTION('center_axis',(1.95921710227969E-16,-1.,0.));
#7866=DIRECTION('ref_axis',(0.766044443118979,1.38777878078144E-16,-0.642787609686538));
#7867=DIRECTION('center_axis',(0.984807753012208,1.92945219215915E-16,0.173648177666931));
#7868=DIRECTION('ref_axis',(-0.122787803968974,0.707106781186547,0.696364240320019));
#7869=DIRECTION('',(0.984807753012208,1.92945219215915E-16,0.173648177666931));
#7870=DIRECTION('center_axis',(-4.59402630879375E-16,-1.,0.));
#7871=DIRECTION('ref_axis',(0.76604444311898,0.,-0.642787609686537));
#7872=DIRECTION('',(-4.59402630879375E-16,-1.,0.));
#7873=DIRECTION('center_axis',(0.173648177666931,-7.97744296675973E-17,
-0.984807753012208));
#7874=DIRECTION('ref_axis',(0.984807753012208,-3.97584088081279E-16,0.173648177666931));
#7875=DIRECTION('',(4.59402630879375E-16,1.,1.21386927423419E-32));
#7876=DIRECTION('center_axis',(-4.59402630879375E-16,-1.,0.));
#7877=DIRECTION('ref_axis',(-0.642787609686539,0.,-0.766044443118979));
#7878=DIRECTION('',(-4.59402630879375E-16,-1.,-5.15183258942947E-47));
#7879=DIRECTION('center_axis',(-1.95921710227969E-16,-1.,0.));
#7880=DIRECTION('ref_axis',(-0.642787609686541,0.,0.766044443118977));
#7881=DIRECTION('center_axis',(-0.984807753012209,0.,0.173648177666923));
#7882=DIRECTION('ref_axis',(-0.173648177666923,0.,-0.984807753012209));
#7883=DIRECTION('center_axis',(0.,0.,1.));
#7884=DIRECTION('ref_axis',(0.,-1.,0.));
#7885=DIRECTION('center_axis',(1.95921710227969E-16,1.,0.));
#7886=DIRECTION('ref_axis',(-0.642787609686541,1.38777878078145E-16,0.766044443118976));
#7887=DIRECTION('center_axis',(5.2245789394125E-16,-1.02360844103072E-31,
1.));
#7888=DIRECTION('ref_axis',(0.707106781186551,-0.707106781186544,0.));
#7889=DIRECTION('center_axis',(0.,0.,1.));
#7890=DIRECTION('ref_axis',(0.,-1.,0.));
#7891=DIRECTION('',(5.2245789394125E-16,-1.02360844103072E-31,1.));
#7892=DIRECTION('center_axis',(-1.95921710227969E-16,-1.,0.));
#7893=DIRECTION('ref_axis',(0.,0.,-1.));
#7894=DIRECTION('center_axis',(-0.984807753012208,0.,-0.173648177666932));
#7895=DIRECTION('ref_axis',(0.,-1.,0.));
#7896=DIRECTION('center_axis',(1.95921710227969E-16,1.,0.));
#7897=DIRECTION('ref_axis',(-0.64278760968654,1.38777878078145E-16,-0.766044443118978));
#7898=DIRECTION('center_axis',(-0.984807753012208,1.92945219215915E-16,
-0.173648177666931));
#7899=DIRECTION('ref_axis',(-0.122787803968973,-0.707106781186549,0.696364240320017));
#7900=DIRECTION('center_axis',(-0.984807753012208,0.,-0.173648177666932));
#7901=DIRECTION('ref_axis',(0.,-1.,0.));
#7902=DIRECTION('',(-0.984807753012208,1.92945219215915E-16,-0.173648177666931));
#7903=DIRECTION('center_axis',(-1.95921710227969E-16,-1.,0.));
#7904=DIRECTION('ref_axis',(0.,0.,-1.));
#7905=DIRECTION('center_axis',(0.,0.,-1.));
#7906=DIRECTION('ref_axis',(0.,-1.,0.));
#7907=DIRECTION('center_axis',(1.95921710227969E-16,1.,0.));
#7908=DIRECTION('ref_axis',(0.766044443118978,-1.38777878078145E-16,-0.642787609686539));
#7909=DIRECTION('center_axis',(0.,0.,-1.));
#7910=DIRECTION('ref_axis',(-0.707106781186548,-0.707106781186548,0.));
#7911=DIRECTION('center_axis',(0.,0.,-1.));
#7912=DIRECTION('ref_axis',(0.,-1.,0.));
#7913=DIRECTION('',(0.,0.,-1.));
#7914=DIRECTION('center_axis',(-1.95921710227969E-16,-1.,0.));
#7915=DIRECTION('ref_axis',(0.,0.,-1.));
#7916=DIRECTION('center_axis',(0.98480775301221,0.,-0.173648177666919));
#7917=DIRECTION('ref_axis',(0.,-1.,0.));
#7918=DIRECTION('center_axis',(1.95921710227969E-16,1.,0.));
#7919=DIRECTION('ref_axis',(0.766044443118977,-1.38777878078144E-16,0.64278760968654));
#7920=DIRECTION('center_axis',(0.984807753012209,-1.92945219215915E-16,
-0.173648177666926));
#7921=DIRECTION('ref_axis',(-0.122787803968968,-0.707106781186547,-0.696364240320021));
#7922=DIRECTION('',(0.984807753012209,-1.92945219215915E-16,-0.173648177666926));
#7923=DIRECTION('center_axis',(1.,-4.59402630879375E-16,0.));
#7924=DIRECTION('ref_axis',(0.,0.,1.));
#7925=DIRECTION('',(-4.59402630879375E-16,-1.,0.));
#7926=DIRECTION('',(0.,0.,1.));
#7927=DIRECTION('',(4.59402630879375E-16,1.,0.));
#7928=DIRECTION('center_axis',(-4.59402630879375E-16,-1.,0.));
#7929=DIRECTION('ref_axis',(0.766044443118977,0.,0.64278760968654));
#7930=DIRECTION('',(4.59402630879375E-16,1.,0.));
#7931=DIRECTION('center_axis',(0.,-1.,0.));
#7932=DIRECTION('ref_axis',(0.766044443118977,0.,0.64278760968654));
#7933=DIRECTION('center_axis',(0.173648177666926,-7.97744296675949E-17,
0.984807753012209));
#7934=DIRECTION('ref_axis',(-0.984807753012209,3.9758408808128E-16,0.173648177666926));
#7935=DIRECTION('',(-4.59402630879375E-16,-1.,0.));
#7936=DIRECTION('',(-0.984807753012209,0.,0.173648177666926));
#7937=DIRECTION('center_axis',(-4.59402630879375E-16,-1.,0.));
#7938=DIRECTION('ref_axis',(-0.642787609686541,0.,0.766044443118977));
#7939=DIRECTION('',(4.59402630879375E-16,1.,0.));
#7940=DIRECTION('center_axis',(0.,-1.,0.));
#7941=DIRECTION('ref_axis',(-0.64278760968654,0.,0.766044443118977));
#7942=DIRECTION('center_axis',(0.984807753012209,0.,-0.173648177666926));
#7943=DIRECTION('ref_axis',(-0.122787803968967,0.707106781186549,-0.696364240320018));
#7944=DIRECTION('center_axis',(0.984807753012209,0.,-0.173648177666927));
#7945=DIRECTION('ref_axis',(-0.173648177666927,0.,-0.984807753012209));
#7946=DIRECTION('',(0.984807753012209,0.,-0.173648177666926));
#7947=DIRECTION('center_axis',(-0.984807753012209,0.,0.173648177666927));
#7948=DIRECTION('ref_axis',(0.,1.,0.));
#7949=DIRECTION('center_axis',(0.,1.,0.));
#7950=DIRECTION('ref_axis',(0.,0.,1.));
#7951=DIRECTION('center_axis',(0.,0.,1.));
#7952=DIRECTION('ref_axis',(0.,1.,0.));
#7953=DIRECTION('center_axis',(0.,1.,0.));
#7954=DIRECTION('ref_axis',(0.766044443118977,0.,0.64278760968654));
#7955=DIRECTION('center_axis',(0.,0.,-1.));
#7956=DIRECTION('ref_axis',(-0.707106781186544,0.707106781186551,0.));
#7957=DIRECTION('center_axis',(0.,0.,1.));
#7958=DIRECTION('ref_axis',(0.,1.,0.));
#7959=DIRECTION('',(0.,0.,-1.));
#7960=DIRECTION('center_axis',(0.,1.,0.));
#7961=DIRECTION('ref_axis',(0.,0.,1.));
#7962=DIRECTION('center_axis',(0.984807753012207,0.,0.173648177666936));
#7963=DIRECTION('ref_axis',(0.,1.,0.));
#7964=DIRECTION('center_axis',(0.,-1.,0.));
#7965=DIRECTION('ref_axis',(0.76604444311898,0.,-0.642787609686537));
#7966=DIRECTION('center_axis',(0.,1.,0.));
#7967=DIRECTION('ref_axis',(0.76604444311898,0.,-0.642787609686537));
#7968=DIRECTION('center_axis',(-0.984807753012208,0.,-0.173648177666931));
#7969=DIRECTION('ref_axis',(-0.122787803968973,0.707106781186549,0.696364240320017));
#7970=DIRECTION('center_axis',(0.984807753012208,0.,0.173648177666932));
#7971=DIRECTION('ref_axis',(0.,1.,0.));
#7972=DIRECTION('',(0.984807753012208,0.,0.173648177666931));
#7973=DIRECTION('',(-0.984807753012208,0.,-0.173648177666931));
#7974=DIRECTION('center_axis',(0.,1.,0.));
#7975=DIRECTION('ref_axis',(-0.642787609686539,0.,-0.766044443118979));
#7976=DIRECTION('center_axis',(0.,0.,-1.));
#7977=DIRECTION('ref_axis',(0.,1.,0.));
#7978=DIRECTION('center_axis',(0.,-1.,0.));
#7979=DIRECTION('ref_axis',(-0.642787609686538,0.,-0.766044443118979));
#7980=DIRECTION('center_axis',(0.,1.,0.));
#7981=DIRECTION('ref_axis',(-0.642787609686538,0.,-0.766044443118979));
#7982=DIRECTION('center_axis',(5.2245789394125E-16,0.,1.));
#7983=DIRECTION('ref_axis',(0.707106781186548,0.707106781186548,0.));
#7984=DIRECTION('center_axis',(0.,0.,-1.));
#7985=DIRECTION('ref_axis',(0.,1.,0.));
#7986=DIRECTION('',(-5.2245789394125E-16,0.,-1.));
#7987=DIRECTION('',(5.2245789394125E-16,0.,1.));
#7988=DIRECTION('center_axis',(0.,1.,0.));
#7989=DIRECTION('ref_axis',(0.,0.,1.));
#7990=DIRECTION('center_axis',(0.,1.,0.));
#7991=DIRECTION('ref_axis',(-0.64278760968654,0.,0.766044443118977));
#7992=DIRECTION('center_axis',(-4.59402630879375E-16,-1.,0.));
#7993=DIRECTION('ref_axis',(-0.642787609686539,0.,-0.766044443118979));
#7994=DIRECTION('',(4.59402630879375E-16,1.,1.21386927423419E-32));
#7995=DIRECTION('',(-4.59402630879375E-16,-1.,-5.15183258942947E-47));
#7996=DIRECTION('center_axis',(-1.,4.59402630879375E-16,5.2245789394125E-16));
#7997=DIRECTION('ref_axis',(-5.2245789394125E-16,2.10925375727543E-31,-1.));
#7998=DIRECTION('center_axis',(0.,-1.,0.));
#7999=DIRECTION('ref_axis',(0.,0.,-1.));
#8000=DIRECTION('center_axis',(0.,1.,0.));
#8001=DIRECTION('ref_axis',(-0.707106781186548,0.,-0.707106781186548));
#8002=DIRECTION('',(0.,0.,-1.));
#8003=DIRECTION('center_axis',(0.,1.,0.));
#8004=DIRECTION('ref_axis',(-0.707106781186549,0.,0.707106781186546));
#8005=DIRECTION('',(-1.,4.03717463500057E-16,-2.70786103567111E-16));
#8006=DIRECTION('center_axis',(0.,1.,0.));
#8007=DIRECTION('ref_axis',(0.707106781186551,0.,0.707106781186544));
#8008=DIRECTION('',(0.,0.,1.));
#8009=DIRECTION('center_axis',(0.,1.,0.));
#8010=DIRECTION('ref_axis',(0.70710678118655,0.,-0.707106781186545));
#8011=DIRECTION('',(1.,-4.03717463500057E-16,0.));
#8012=DIRECTION('center_axis',(-4.59402630879375E-16,-1.,0.));
#8013=DIRECTION('ref_axis',(0.76604444311898,0.,-0.642787609686537));
#8014=DIRECTION('',(-4.59402630879375E-16,-1.,0.));
#8015=DIRECTION('center_axis',(0.173648177666931,-7.97744296675973E-17,
-0.984807753012208));
#8016=DIRECTION('ref_axis',(0.984807753012208,-3.97584088081279E-16,0.173648177666931));
#8017=DIRECTION('center_axis',(-1.,4.59402630879375E-16,5.2245789394125E-16));
#8018=DIRECTION('ref_axis',(-5.2245789394125E-16,2.10925375727543E-31,-1.));
#8019=DIRECTION('center_axis',(0.,-1.,0.));
#8020=DIRECTION('ref_axis',(-0.707106781186548,0.,-0.707106781186548));
#8021=DIRECTION('',(0.,1.,0.));
#8022=DIRECTION('',(0.,-1.,0.));
#8023=DIRECTION('center_axis',(-1.,0.,0.));
#8024=DIRECTION('ref_axis',(0.,0.,-1.));
#8025=DIRECTION('',(0.,1.,0.));
#8026=DIRECTION('center_axis',(0.,-1.,0.));
#8027=DIRECTION('ref_axis',(0.70710678118655,0.,-0.707106781186545));
#8028=DIRECTION('',(0.,1.,0.));
#8029=DIRECTION('',(0.,-1.,0.));
#8030=DIRECTION('center_axis',(0.,0.,-1.));
#8031=DIRECTION('ref_axis',(1.,-4.03717463500057E-16,0.));
#8032=DIRECTION('center_axis',(0.,-1.,0.));
#8033=DIRECTION('ref_axis',(0.707106781186551,0.,0.707106781186544));
#8034=DIRECTION('',(0.,1.,0.));
#8035=DIRECTION('',(0.,-1.,0.));
#8036=DIRECTION('center_axis',(1.,0.,0.));
#8037=DIRECTION('ref_axis',(0.,0.,1.));
#8038=DIRECTION('center_axis',(0.,-1.,0.));
#8039=DIRECTION('ref_axis',(-0.707106781186549,0.,0.707106781186546));
#8040=DIRECTION('',(0.,-1.,0.));
#8041=DIRECTION('center_axis',(-2.70786103567111E-16,0.,1.));
#8042=DIRECTION('ref_axis',(-1.,4.03717463500057E-16,-2.70786103567111E-16));
#8043=DIRECTION('center_axis',(-1.,0.,-2.84672570416707E-16));
#8044=DIRECTION('ref_axis',(0.,-0.707106781186544,0.707106781186551));
#8045=DIRECTION('center_axis',(-1.,0.,0.));
#8046=DIRECTION('ref_axis',(0.,-1.,0.));
#8047=DIRECTION('',(-1.,0.,-2.84672570416707E-16));
#8048=DIRECTION('center_axis',(1.,0.,0.));
#8049=DIRECTION('ref_axis',(0.,0.,1.));
#8050=DIRECTION('',(1.,0.,2.84672570416707E-16));
#8051=DIRECTION('center_axis',(0.,0.,1.));
#8052=DIRECTION('ref_axis',(-1.,0.,0.));
#8053=DIRECTION('center_axis',(0.,1.,0.));
#8054=DIRECTION('ref_axis',(-0.707106781186548,0.,0.707106781186548));
#8055=DIRECTION('center_axis',(0.,-1.,0.));
#8056=DIRECTION('ref_axis',(-0.707106781186548,0.,0.707106781186548));
#8057=DIRECTION('center_axis',(0.,0.,-1.));
#8058=DIRECTION('ref_axis',(-0.707106781186544,-0.707106781186551,0.));
#8059=DIRECTION('center_axis',(0.,0.,1.));
#8060=DIRECTION('ref_axis',(-1.,0.,0.));
#8061=DIRECTION('',(0.,0.,1.));
#8062=DIRECTION('',(0.,0.,-1.));
#8063=DIRECTION('center_axis',(-1.,0.,0.));
#8064=DIRECTION('ref_axis',(0.,0.,-1.));
#8065=DIRECTION('center_axis',(0.,1.,0.));
#8066=DIRECTION('ref_axis',(-0.707106781186548,0.,-0.707106781186548));
#8067=DIRECTION('center_axis',(0.,-1.,0.));
#8068=DIRECTION('ref_axis',(-0.707106781186547,0.,-0.707106781186547));
#8069=DIRECTION('center_axis',(1.,0.,0.));
#8070=DIRECTION('ref_axis',(0.,-0.707106781186549,-0.707106781186546));
#8071=DIRECTION('center_axis',(-1.,0.,0.));
#8072=DIRECTION('ref_axis',(0.,0.,-1.));
#8073=DIRECTION('',(-1.,0.,0.));
#8074=DIRECTION('',(1.,0.,0.));
#8075=DIRECTION('center_axis',(0.,0.,-1.));
#8076=DIRECTION('ref_axis',(1.,0.,0.));
#8077=DIRECTION('center_axis',(0.,1.,0.));
#8078=DIRECTION('ref_axis',(0.707106781186546,0.,-0.707106781186549));
#8079=DIRECTION('center_axis',(0.,-1.,0.));
#8080=DIRECTION('ref_axis',(0.707106781186546,0.,-0.707106781186549));
#8081=DIRECTION('center_axis',(0.,0.,1.));
#8082=DIRECTION('ref_axis',(0.707106781186548,-0.707106781186548,0.));
#8083=DIRECTION('center_axis',(0.,0.,-1.));
#8084=DIRECTION('ref_axis',(1.,0.,0.));
#8085=DIRECTION('',(0.,0.,-1.));
#8086=DIRECTION('',(0.,0.,1.));
#8087=DIRECTION('center_axis',(0.,-1.,0.));
#8088=DIRECTION('ref_axis',(0.707106781186548,0.,0.707106781186548));
#8089=DIRECTION('center_axis',(0.,1.,0.));
#8090=DIRECTION('ref_axis',(0.707106781186548,0.,0.707106781186548));
#8091=DIRECTION('center_axis',(0.,-1.,0.));
#8092=DIRECTION('ref_axis',(-0.707106781186548,0.,-0.707106781186547));
#8093=DIRECTION('',(0.,1.,0.));
#8094=DIRECTION('center_axis',(4.03717463500057E-16,1.,0.));
#8095=DIRECTION('ref_axis',(-0.707106781186548,2.77555756156289E-16,-0.707106781186547));
#8096=DIRECTION('',(0.,-1.,0.));
#8097=DIRECTION('center_axis',(-1.,0.,0.));
#8098=DIRECTION('ref_axis',(0.,0.,-1.));
#8099=DIRECTION('',(0.,-1.,0.));
#8100=DIRECTION('',(0.,0.,1.));
#8101=DIRECTION('center_axis',(0.,-1.,0.));
#8102=DIRECTION('ref_axis',(-0.707106781186548,0.,0.707106781186548));
#8103=DIRECTION('',(0.,1.,0.));
#8104=DIRECTION('center_axis',(4.03717463500057E-16,1.,0.));
#8105=DIRECTION('ref_axis',(-0.707106781186548,2.77555756156289E-16,0.707106781186547));
#8106=DIRECTION('center_axis',(-2.84672570416707E-16,0.,1.));
#8107=DIRECTION('ref_axis',(-1.,4.03717463500057E-16,-2.84672570416707E-16));
#8108=DIRECTION('',(0.,-1.,0.));
#8109=DIRECTION('',(1.,-4.03717463500057E-16,2.84672570416707E-16));
#8110=DIRECTION('center_axis',(0.,-1.,0.));
#8111=DIRECTION('ref_axis',(0.,0.,-1.));
#8112=DIRECTION('',(-0.984807753012209,0.,0.173648177666925));
#8113=DIRECTION('center_axis',(0.,1.,0.));
#8114=DIRECTION('ref_axis',(0.766044443118977,0.,0.64278760968654));
#8115=DIRECTION('',(0.,0.,1.));
#8116=DIRECTION('center_axis',(0.,1.,0.));
#8117=DIRECTION('ref_axis',(0.76604444311898,0.,-0.642787609686537));
#8118=DIRECTION('',(0.984807753012208,0.,0.173648177666931));
#8119=DIRECTION('center_axis',(0.,1.,0.));
#8120=DIRECTION('ref_axis',(-0.642787609686542,0.,-0.766044443118976));
#8121=DIRECTION('',(-8.30249316472086E-16,0.,-1.));
#8122=DIRECTION('center_axis',(0.,1.,0.));
#8123=DIRECTION('ref_axis',(-0.642787609686541,0.,0.766044443118977));
#8124=DIRECTION('center_axis',(0.,0.,-1.));
#8125=DIRECTION('ref_axis',(-1.,0.,0.));
#8126=DIRECTION('center_axis',(-4.03717463500057E-16,-1.,0.));
#8127=DIRECTION('ref_axis',(-0.707106781186548,2.85471356124323E-16,-0.707106781186547));
#8128=DIRECTION('center_axis',(-1.,0.,0.));
#8129=DIRECTION('ref_axis',(0.,1.,0.));
#8130=DIRECTION('center_axis',(1.,-4.03717463500057E-16,0.));
#8131=DIRECTION('ref_axis',(0.,0.707106781186546,-0.707106781186549));
#8132=DIRECTION('center_axis',(-1.,0.,0.));
#8133=DIRECTION('ref_axis',(0.,1.,0.));
#8134=DIRECTION('',(-1.,4.03717463500057E-16,0.));
#8135=DIRECTION('',(1.,-4.03717463500057E-16,0.));
#8136=DIRECTION('center_axis',(0.,0.,-1.));
#8137=DIRECTION('ref_axis',(0.,1.,0.));
#8138=DIRECTION('center_axis',(4.03717463500057E-16,1.,0.));
#8139=DIRECTION('ref_axis',(0.707106781186546,-2.77555756156289E-16,-0.707106781186549));
#8140=DIRECTION('center_axis',(-4.03717463500057E-16,-1.,0.));
#8141=DIRECTION('ref_axis',(0.707106781186546,-2.85471356124322E-16,-0.707106781186549));
#8142=DIRECTION('center_axis',(0.,0.,1.));
#8143=DIRECTION('ref_axis',(0.707106781186544,0.707106781186551,0.));
#8144=DIRECTION('center_axis',(0.,0.,-1.));
#8145=DIRECTION('ref_axis',(0.,1.,0.));
#8146=DIRECTION('',(0.,0.,-1.));
#8147=DIRECTION('',(0.,0.,1.));
#8148=DIRECTION('center_axis',(1.,0.,0.));
#8149=DIRECTION('ref_axis',(0.,1.,0.));
#8150=DIRECTION('center_axis',(4.03717463500057E-16,1.,0.));
#8151=DIRECTION('ref_axis',(0.707106781186547,-2.7755575615629E-16,0.707106781186548));
#8152=DIRECTION('center_axis',(-4.03717463500057E-16,-1.,0.));
#8153=DIRECTION('ref_axis',(0.707106781186547,-2.85471356124323E-16,0.707106781186548));
#8154=DIRECTION('center_axis',(-1.,4.03717463500057E-16,-2.84672570416707E-16));
#8155=DIRECTION('ref_axis',(0.,0.707106781186544,0.707106781186551));
#8156=DIRECTION('center_axis',(1.,0.,0.));
#8157=DIRECTION('ref_axis',(0.,1.,0.));
#8158=DIRECTION('',(-1.,4.03717463500057E-16,-2.84672570416707E-16));
#8159=DIRECTION('center_axis',(0.,0.,1.));
#8160=DIRECTION('ref_axis',(0.,1.,0.));
#8161=DIRECTION('center_axis',(-4.03717463500057E-16,-1.,0.));
#8162=DIRECTION('ref_axis',(-0.707106781186548,2.85471356124323E-16,0.707106781186547));
#8163=DIRECTION('center_axis',(0.,0.,-1.));
#8164=DIRECTION('ref_axis',(-0.707106781186544,0.707106781186551,0.));
#8165=DIRECTION('',(0.,0.,-1.));
#8166=DIRECTION('center_axis',(4.03717463500057E-16,1.,0.));
#8167=DIRECTION('ref_axis',(-1.,4.03717463500057E-16,0.));
#8168=DIRECTION('center_axis',(-0.861731174705539,0.361496794355032,0.356004845769895));
#8169=DIRECTION('ref_axis',(-0.507365137293263,-0.613981991182398,-0.6046542251263));
#8170=DIRECTION('center_axis',(-2.22044604925031E-15,-1.,-3.9152454769035E-16));
#8171=DIRECTION('ref_axis',(0.173648177666932,0.,-0.984807753012208));
#8172=DIRECTION('center_axis',(-0.984807753012208,0.,-0.173648177666932));
#8173=DIRECTION('ref_axis',(0.,-1.,0.));
#8174=DIRECTION('center_axis',(0.,0.,-1.));
#8175=DIRECTION('ref_axis',(-1.,4.16333634234433E-16,0.));
#8176=DIRECTION('center_axis',(0.,0.,1.));
#8177=DIRECTION('ref_axis',(1.,0.,0.));
#8178=DIRECTION('center_axis',(0.,-1.,-2.25470000866534E-15));
#8179=DIRECTION('ref_axis',(1.,0.,0.));
#8180=DIRECTION('center_axis',(0.,0.,-1.));
#8181=DIRECTION('ref_axis',(0.,-1.,0.));
#8182=DIRECTION('center_axis',(0.984807753012208,0.,0.173648177666932));
#8183=DIRECTION('ref_axis',(0.173648177666932,0.,-0.984807753012208));
#8184=DIRECTION('center_axis',(-0.861731174705538,0.361496794355033,-0.356004845769899));
#8185=DIRECTION('ref_axis',(-0.507365137293265,-0.613981991182397,0.6046542251263));
#8186=DIRECTION('center_axis',(0.,0.,1.));
#8187=DIRECTION('ref_axis',(0.,-1.,0.));
#8188=DIRECTION('center_axis',(-0.984807753012209,0.,0.173648177666925));
#8189=DIRECTION('ref_axis',(0.173648177666925,0.,0.984807753012209));
#8190=DIRECTION('center_axis',(0.,-1.,0.));
#8191=DIRECTION('ref_axis',(-1.,0.,0.));
#8192=DIRECTION('center_axis',(0.,0.,1.));
#8193=DIRECTION('ref_axis',(1.,0.,0.));
#8194=DIRECTION('center_axis',(-2.22044604925031E-15,-1.,3.91524547690334E-16));
#8195=DIRECTION('ref_axis',(0.173648177666925,0.,0.984807753012209));
#8196=DIRECTION('center_axis',(0.984807753012209,0.,-0.173648177666923));
#8197=DIRECTION('ref_axis',(0.,-1.,0.));
#8198=DIRECTION('center_axis',(-9.24446373305873E-31,-2.22044604925031E-15,
1.));
#8199=DIRECTION('ref_axis',(1.,-4.16333634234433E-16,0.));
#8200=DIRECTION('center_axis',(0.984807753012209,3.03467318558548E-34,-0.173648177666925));
#8201=DIRECTION('ref_axis',(0.122787803968971,-0.707106781186547,0.69636424032002));
#8202=DIRECTION('',(-0.984807753012209,-3.03467318558548E-34,0.173648177666925));
#8203=DIRECTION('',(0.984807753012209,3.03467318558548E-34,-0.173648177666925));
#8204=DIRECTION('center_axis',(0.,0.,-1.));
#8205=DIRECTION('ref_axis',(0.707106781186548,-0.707106781186547,0.));
#8206=DIRECTION('',(0.,0.,1.));
#8207=DIRECTION('',(0.,0.,-1.));
#8208=DIRECTION('center_axis',(-3.58329109615435E-16,-1.,0.));
#8209=DIRECTION('ref_axis',(0.766044443118977,0.,0.64278760968654));
#8210=DIRECTION('',(-3.58329109615435E-16,-1.,0.));
#8211=DIRECTION('',(3.58329109615435E-16,1.,0.));
#8212=DIRECTION('center_axis',(-3.58329109615435E-16,-1.,0.));
#8213=DIRECTION('ref_axis',(-0.642787609686541,0.,0.766044443118977));
#8214=DIRECTION('',(-3.58329109615435E-16,-1.,0.));
#8215=DIRECTION('',(3.58329109615435E-16,1.,0.));
#8216=DIRECTION('center_axis',(8.30249316472086E-16,2.558403231841E-49,
1.));
#8217=DIRECTION('ref_axis',(-0.707106781186548,-0.707106781186547,0.));
#8218=DIRECTION('',(-8.30249316472086E-16,-2.558403231841E-49,-1.));
#8219=DIRECTION('',(8.30249316472086E-16,2.558403231841E-49,1.));
#8220=DIRECTION('center_axis',(-0.984807753012208,-3.03467318558547E-34,
-0.173648177666931));
#8221=DIRECTION('ref_axis',(0.122787803968974,-0.707106781186547,-0.696364240320019));
#8222=DIRECTION('',(0.984807753012208,3.03467318558547E-34,0.173648177666931));
#8223=DIRECTION('',(-0.984807753012208,-3.03467318558547E-34,-0.173648177666931));
#8224=DIRECTION('center_axis',(-3.58329109615435E-16,-1.,0.));
#8225=DIRECTION('ref_axis',(0.76604444311898,0.,-0.642787609686537));
#8226=DIRECTION('',(-3.58329109615435E-16,-1.,0.));
#8227=DIRECTION('',(3.58329109615435E-16,1.,0.));
#8228=DIRECTION('center_axis',(-3.58329109615435E-16,-1.,0.));
#8229=DIRECTION('ref_axis',(-0.642787609686542,0.,-0.766044443118976));
#8230=DIRECTION('',(-3.58329109615435E-16,-1.,0.));
#8231=DIRECTION('',(3.58329109615435E-16,1.,0.));
#8232=DIRECTION('center_axis',(1.,-3.58329109615435E-16,0.));
#8233=DIRECTION('ref_axis',(0.,0.,1.));
#8234=DIRECTION('center_axis',(0.173648177666931,-6.22231968897344E-17,
-0.984807753012208));
#8235=DIRECTION('ref_axis',(0.984807753012208,-3.97584088081279E-16,0.173648177666931));
#8236=DIRECTION('center_axis',(3.08148791101958E-34,-1.,0.));
#8237=DIRECTION('ref_axis',(0.,0.,-1.));
#8238=DIRECTION('center_axis',(0.,-1.,0.));
#8239=DIRECTION('ref_axis',(0.707106781186546,0.,-0.707106781186549));
#8240=DIRECTION('',(0.,1.,0.));
#8241=DIRECTION('',(0.,-1.,0.));
#8242=DIRECTION('center_axis',(1.,0.,0.));
#8243=DIRECTION('ref_axis',(0.,0.,1.));
#8244=DIRECTION('',(0.,1.,0.));
#8245=DIRECTION('center_axis',(0.,-1.,0.));
#8246=DIRECTION('ref_axis',(0.707106781186546,0.,0.707106781186549));
#8247=DIRECTION('center_axis',(0.,0.,-1.));
#8248=DIRECTION('ref_axis',(1.,-4.03717463500057E-16,0.));
#8249=DIRECTION('center_axis',(0.173648177666925,-6.22231968897323E-17,
0.984807753012209));
#8250=DIRECTION('ref_axis',(-0.984807753012209,3.9758408808128E-16,0.173648177666925));
#8251=DIRECTION('center_axis',(-1.,3.58329109615435E-16,8.30249316472086E-16));
#8252=DIRECTION('ref_axis',(-8.30249316472086E-16,3.35186148118767E-31,
-1.));
#8253=DIRECTION('center_axis',(-1.,0.,2.84672570416707E-16));
#8254=DIRECTION('ref_axis',(0.,-0.707106781186548,-0.707106781186548));
#8255=DIRECTION('center_axis',(-1.,0.,0.));
#8256=DIRECTION('ref_axis',(0.,0.,-1.));
#8257=DIRECTION('',(-1.,0.,2.84672570416707E-16));
#8258=DIRECTION('center_axis',(1.,0.,0.));
#8259=DIRECTION('ref_axis',(0.,-1.,0.));
#8260=DIRECTION('',(1.,0.,-2.84672570416707E-16));
#8261=DIRECTION('center_axis',(0.,0.,-1.));
#8262=DIRECTION('ref_axis',(0.,-1.,0.));
#8263=DIRECTION('center_axis',(0.,-1.,0.));
#8264=DIRECTION('ref_axis',(-0.707106781186546,0.,-0.707106781186549));
#8265=DIRECTION('center_axis',(0.,1.,0.));
#8266=DIRECTION('ref_axis',(-0.707106781186546,0.,-0.707106781186549));
#8267=DIRECTION('center_axis',(0.,0.,1.));
#8268=DIRECTION('ref_axis',(-0.707106781186544,-0.707106781186551,0.));
#8269=DIRECTION('center_axis',(0.,0.,-1.));
#8270=DIRECTION('ref_axis',(0.,-1.,0.));
#8271=DIRECTION('',(0.,0.,-1.));
#8272=DIRECTION('',(0.,0.,1.));
#8273=DIRECTION('center_axis',(-1.,0.,0.));
#8274=DIRECTION('ref_axis',(0.,-1.,0.));
#8275=DIRECTION('center_axis',(0.,-1.,0.));
#8276=DIRECTION('ref_axis',(-0.707106781186548,0.,0.707106781186547));
#8277=DIRECTION('center_axis',(0.,1.,0.));
#8278=DIRECTION('ref_axis',(-0.707106781186548,0.,0.707106781186547));
#8279=DIRECTION('center_axis',(1.,0.,0.));
#8280=DIRECTION('ref_axis',(0.,-0.707106781186549,0.707106781186546));
#8281=DIRECTION('center_axis',(-1.,0.,0.));
#8282=DIRECTION('ref_axis',(0.,-1.,0.));
#8283=DIRECTION('',(-1.,0.,0.));
#8284=DIRECTION('',(1.,0.,0.));
#8285=DIRECTION('center_axis',(0.,0.,1.));
#8286=DIRECTION('ref_axis',(0.,-1.,0.));
#8287=DIRECTION('center_axis',(0.,-1.,0.));
#8288=DIRECTION('ref_axis',(0.707106781186547,0.,0.707106781186548));
#8289=DIRECTION('center_axis',(0.,1.,0.));
#8290=DIRECTION('ref_axis',(0.707106781186547,0.,0.707106781186548));
#8291=DIRECTION('center_axis',(0.,0.,-1.));
#8292=DIRECTION('ref_axis',(0.707106781186544,-0.707106781186551,0.));
#8293=DIRECTION('center_axis',(0.,0.,1.));
#8294=DIRECTION('ref_axis',(0.,-1.,0.));
#8295=DIRECTION('',(0.,0.,1.));
#8296=DIRECTION('',(0.,0.,-1.));
#8297=DIRECTION('center_axis',(0.,-1.,0.));
#8298=DIRECTION('ref_axis',(0.707106781186548,0.,-0.707106781186548));
#8299=DIRECTION('center_axis',(0.,1.,0.));
#8300=DIRECTION('ref_axis',(0.707106781186548,0.,-0.707106781186548));
#8301=DIRECTION('center_axis',(0.,-1.,0.));
#8302=DIRECTION('ref_axis',(0.707106781186547,0.,0.707106781186548));
#8303=DIRECTION('',(0.,1.,0.));
#8304=DIRECTION('center_axis',(4.03717463500057E-16,1.,0.));
#8305=DIRECTION('ref_axis',(0.707106781186547,-2.7755575615629E-16,0.707106781186548));
#8306=DIRECTION('',(0.,-1.,0.));
#8307=DIRECTION('center_axis',(-1.,0.,0.));
#8308=DIRECTION('ref_axis',(0.,0.,-1.));
#8309=DIRECTION('',(0.,-1.,0.));
#8310=DIRECTION('',(0.,0.,-1.));
#8311=DIRECTION('center_axis',(0.,-1.,0.));
#8312=DIRECTION('ref_axis',(0.707106781186546,0.,-0.707106781186549));
#8313=DIRECTION('',(0.,1.,0.));
#8314=DIRECTION('center_axis',(4.03717463500057E-16,1.,0.));
#8315=DIRECTION('ref_axis',(0.707106781186547,-2.7755575615629E-16,-0.707106781186548));
#8316=DIRECTION('center_axis',(2.84672570416707E-16,0.,1.));
#8317=DIRECTION('ref_axis',(-1.,4.03717463500057E-16,2.84672570416707E-16));
#8318=DIRECTION('',(0.,-1.,0.));
#8319=DIRECTION('',(-1.,4.03717463500057E-16,2.84672570416707E-16));
#8320=DIRECTION('center_axis',(0.,1.,0.));
#8321=DIRECTION('ref_axis',(0.,0.,1.));
#8322=DIRECTION('center_axis',(0.,1.,0.));
#8323=DIRECTION('ref_axis',(-0.642787609686541,0.,0.766044443118977));
#8324=DIRECTION('',(-0.984807753012208,0.,0.173648177666931));
#8325=DIRECTION('center_axis',(0.,1.,0.));
#8326=DIRECTION('ref_axis',(0.766044443118978,0.,0.642787609686539));
#8327=DIRECTION('',(0.,0.,1.));
#8328=DIRECTION('center_axis',(0.,1.,0.));
#8329=DIRECTION('ref_axis',(0.766044443118977,0.,-0.64278760968654));
#8330=DIRECTION('',(0.984807753012209,0.,0.173648177666925));
#8331=DIRECTION('center_axis',(0.,1.,0.));
#8332=DIRECTION('ref_axis',(-0.642787609686541,0.,-0.766044443118977));
#8333=DIRECTION('',(8.30249316472086E-16,0.,-1.));
#8334=DIRECTION('center_axis',(-1.,0.,0.));
#8335=DIRECTION('ref_axis',(0.,0.,1.));
#8336=DIRECTION('center_axis',(-4.03717463500057E-16,-1.,0.));
#8337=DIRECTION('ref_axis',(-0.707106781186548,2.85471356124323E-16,0.707106781186547));
#8338=DIRECTION('center_axis',(0.,0.,1.));
#8339=DIRECTION('ref_axis',(0.,1.,0.));
#8340=DIRECTION('center_axis',(4.03717463500057E-16,1.,0.));
#8341=DIRECTION('ref_axis',(-0.707106781186548,2.77555756156289E-16,0.707106781186547));
#8342=DIRECTION('center_axis',(0.,0.,1.));
#8343=DIRECTION('ref_axis',(-0.707106781186544,0.707106781186551,0.));
#8344=DIRECTION('center_axis',(0.,0.,1.));
#8345=DIRECTION('ref_axis',(0.,1.,0.));
#8346=DIRECTION('',(0.,0.,1.));
#8347=DIRECTION('',(0.,0.,-1.));
#8348=DIRECTION('center_axis',(-1.,0.,0.));
#8349=DIRECTION('ref_axis',(0.,1.,0.));
#8350=DIRECTION('center_axis',(4.03717463500057E-16,1.,0.));
#8351=DIRECTION('ref_axis',(-0.707106781186547,2.77555756156289E-16,-0.707106781186549));
#8352=DIRECTION('center_axis',(-4.03717463500057E-16,-1.,0.));
#8353=DIRECTION('ref_axis',(-0.707106781186547,2.85471356124322E-16,-0.707106781186549));
#8354=DIRECTION('center_axis',(-1.,4.03717463500057E-16,2.84672570416707E-16));
#8355=DIRECTION('ref_axis',(0.,0.707106781186544,-0.707106781186551));
#8356=DIRECTION('center_axis',(-1.,0.,0.));
#8357=DIRECTION('ref_axis',(0.,1.,0.));
#8358=DIRECTION('',(1.,-4.03717463500057E-16,-2.84672570416707E-16));
#8359=DIRECTION('center_axis',(0.,0.,-1.));
#8360=DIRECTION('ref_axis',(0.,1.,0.));
#8361=DIRECTION('center_axis',(-4.03717463500057E-16,-1.,0.));
#8362=DIRECTION('ref_axis',(0.707106781186547,-2.85471356124323E-16,-0.707106781186548));
#8363=DIRECTION('center_axis',(0.,0.,-1.));
#8364=DIRECTION('ref_axis',(0.707106781186548,0.707106781186548,0.));
#8365=DIRECTION('center_axis',(0.,0.,-1.));
#8366=DIRECTION('ref_axis',(0.,1.,0.));
#8367=DIRECTION('',(0.,0.,1.));
#8368=DIRECTION('center_axis',(1.,0.,0.));
#8369=DIRECTION('ref_axis',(0.,1.,0.));
#8370=DIRECTION('center_axis',(-4.03717463500057E-16,-1.,0.));
#8371=DIRECTION('ref_axis',(0.707106781186547,-2.85471356124322E-16,0.707106781186548));
#8372=DIRECTION('center_axis',(1.,-4.03717463500057E-16,0.));
#8373=DIRECTION('ref_axis',(0.,0.707106781186546,0.707106781186549));
#8374=DIRECTION('',(-1.,4.03717463500057E-16,0.));
#8375=DIRECTION('',(1.,-4.03717463500057E-16,0.));
#8376=DIRECTION('center_axis',(0.,0.,-1.));
#8377=DIRECTION('ref_axis',(1.,-4.03717463500057E-16,0.));
#8378=DIRECTION('',(0.,1.,0.));
#8379=DIRECTION('center_axis',(0.,-1.,0.));
#8380=DIRECTION('ref_axis',(-0.707106781186548,0.,0.707106781186547));
#8381=DIRECTION('',(0.,-1.,0.));
#8382=DIRECTION('center_axis',(-4.03717463500057E-16,-1.,0.));
#8383=DIRECTION('ref_axis',(-1.,4.03717463500057E-16,0.));
#8384=DIRECTION('center_axis',(-0.861731174705537,0.361496794355035,-0.356004845769898));
#8385=DIRECTION('ref_axis',(-0.507365137293266,-0.613981991182398,0.604654225126297));
#8386=DIRECTION('center_axis',(-2.22044604925031E-15,0.,1.));
#8387=DIRECTION('ref_axis',(0.,-1.,0.));
#8388=DIRECTION('center_axis',(-0.984807753012208,2.18671248444704E-15,
0.173648177666932));
#8389=DIRECTION('ref_axis',(0.173648177666932,0.,0.984807753012208));
#8390=DIRECTION('center_axis',(0.,-1.,0.));
#8391=DIRECTION('ref_axis',(-1.,0.,0.));
#8392=DIRECTION('center_axis',(0.,0.,1.));
#8393=DIRECTION('ref_axis',(1.,0.,0.));
#8394=DIRECTION('center_axis',(-2.22044604925031E-15,-1.,3.91524547690349E-16));
#8395=DIRECTION('ref_axis',(0.173648177666932,0.,0.984807753012208));
#8396=DIRECTION('center_axis',(0.984807753012208,0.,-0.17364817766693));
#8397=DIRECTION('ref_axis',(0.,-1.,0.));
#8398=DIRECTION('center_axis',(9.24446373305873E-31,2.22044604925031E-15,
1.));
#8399=DIRECTION('ref_axis',(1.,-4.16333634234433E-16,0.));
#8400=DIRECTION('center_axis',(0.984807753012208,3.03467318558547E-34,-0.173648177666931));
#8401=DIRECTION('ref_axis',(0.122787803968974,-0.707106781186549,0.696364240320018));
#8402=DIRECTION('',(-0.984807753012208,-3.03467318558547E-34,0.173648177666931));
#8403=DIRECTION('',(0.984807753012208,3.03467318558547E-34,-0.173648177666931));
#8404=DIRECTION('center_axis',(-0.861731174705537,0.361496794355034,0.356004845769899));
#8405=DIRECTION('ref_axis',(-0.507365137293266,-0.613981991182396,-0.604654225126299));
#8406=DIRECTION('center_axis',(-2.22044604925032E-15,-1.,-3.91524547690336E-16));
#8407=DIRECTION('ref_axis',(0.173648177666925,0.,-0.984807753012209));
#8408=DIRECTION('center_axis',(-0.984807753012209,0.,-0.173648177666923));
#8409=DIRECTION('ref_axis',(0.,-1.,0.));
#8410=DIRECTION('center_axis',(0.,0.,-1.));
#8411=DIRECTION('ref_axis',(-1.,4.16333634234433E-16,0.));
#8412=DIRECTION('center_axis',(0.,0.,1.));
#8413=DIRECTION('ref_axis',(1.,0.,0.));
#8414=DIRECTION('center_axis',(0.,-1.,-2.25470000866533E-15));
#8415=DIRECTION('ref_axis',(1.,0.,0.));
#8416=DIRECTION('center_axis',(0.,0.,-1.));
#8417=DIRECTION('ref_axis',(0.,-1.,0.));
#8418=DIRECTION('center_axis',(0.984807753012209,2.18671248444704E-15,0.173648177666925));
#8419=DIRECTION('ref_axis',(0.173648177666925,0.,-0.984807753012209));
#8420=DIRECTION('center_axis',(0.,0.,-1.));
#8421=DIRECTION('ref_axis',(0.707106781186548,-0.707106781186547,0.));
#8422=DIRECTION('',(0.,0.,1.));
#8423=DIRECTION('',(0.,0.,-1.));
#8424=DIRECTION('center_axis',(-0.984807753012209,-3.03467318558548E-34,
-0.173648177666925));
#8425=DIRECTION('ref_axis',(0.122787803968971,-0.707106781186547,-0.69636424032002));
#8426=DIRECTION('',(0.984807753012209,3.03467318558548E-34,0.173648177666925));
#8427=DIRECTION('',(-0.984807753012209,-3.03467318558548E-34,-0.173648177666925));
#8428=DIRECTION('center_axis',(-3.58329109615435E-16,-1.,0.));
#8429=DIRECTION('ref_axis',(0.766044443118977,0.,-0.64278760968654));
#8430=DIRECTION('',(-3.58329109615435E-16,-1.,0.));
#8431=DIRECTION('',(3.58329109615435E-16,1.,0.));
#8432=DIRECTION('center_axis',(-8.30249316472086E-16,-2.558403231841E-49,
1.));
#8433=DIRECTION('ref_axis',(-0.707106781186548,-0.707106781186547,0.));
#8434=DIRECTION('',(8.30249316472086E-16,2.558403231841E-49,-1.));
#8435=DIRECTION('',(-8.30249316472086E-16,-2.558403231841E-49,1.));
#8436=DIRECTION('center_axis',(-3.58329109615435E-16,-1.,0.));
#8437=DIRECTION('ref_axis',(-0.642787609686541,0.,-0.766044443118977));
#8438=DIRECTION('',(-3.58329109615435E-16,-1.,0.));
#8439=DIRECTION('',(3.58329109615435E-16,1.,0.));
#8440=DIRECTION('center_axis',(-3.58329109615435E-16,-1.,0.));
#8441=DIRECTION('ref_axis',(0.766044443118978,0.,0.642787609686539));
#8442=DIRECTION('',(-3.58329109615435E-16,-1.,0.));
#8443=DIRECTION('',(3.58329109615435E-16,1.,0.));
#8444=DIRECTION('center_axis',(-3.58329109615435E-16,-1.,0.));
#8445=DIRECTION('ref_axis',(-0.642787609686541,0.,0.766044443118977));
#8446=DIRECTION('',(-3.58329109615435E-16,-1.,0.));
#8447=DIRECTION('',(3.58329109615435E-16,1.,0.));
#8448=DIRECTION('center_axis',(0.173648177666925,-6.22231968897323E-17,
-0.984807753012209));
#8449=DIRECTION('ref_axis',(0.984807753012209,-3.9758408808128E-16,0.173648177666925));
#8450=DIRECTION('center_axis',(-1.,3.58329109615435E-16,-8.30249316472086E-16));
#8451=DIRECTION('ref_axis',(8.30249316472086E-16,-3.35186148118767E-31,
-1.));
#8452=DIRECTION('center_axis',(3.08148791101958E-34,-1.,0.));
#8453=DIRECTION('ref_axis',(0.,0.,-1.));
#8454=DIRECTION('center_axis',(0.,-1.,0.));
#8455=DIRECTION('ref_axis',(-0.707106781186549,0.,-0.707106781186546));
#8456=DIRECTION('',(0.,1.,0.));
#8457=DIRECTION('center_axis',(1.,0.,0.));
#8458=DIRECTION('ref_axis',(0.,0.,1.));
#8459=DIRECTION('center_axis',(0.173648177666931,-6.22231968897344E-17,
0.984807753012208));
#8460=DIRECTION('ref_axis',(-0.984807753012208,3.97584088081279E-16,0.173648177666931));
#8461=DIRECTION('center_axis',(1.,-3.58329109615435E-16,0.));
#8462=DIRECTION('ref_axis',(0.,0.,1.));
#8463=CARTESIAN_POINT('',(0.,0.,0.));
#8464=CARTESIAN_POINT('Ctrl Pts',(0.474999999750051,11.2198261309535,16.5999999880026));
#8465=CARTESIAN_POINT('Ctrl Pts',(0.469043622982067,10.8367893446394,16.3140938952786));
#8466=CARTESIAN_POINT('Ctrl Pts',(0.463036840021487,10.2848338804728,15.4579463004557));
#8467=CARTESIAN_POINT('Ctrl Pts',(0.464948476753622,10.5099988165889,13.9464756079812));
#8468=CARTESIAN_POINT('Ctrl Pts',(0.480728238459542,11.6729821339009,12.9533915923626));
#8469=CARTESIAN_POINT('Ctrl Pts',(0.516870295438227,13.2019351762702,12.9654018616799));
#8470=CARTESIAN_POINT('Ctrl Pts',(0.584281790489266,14.1773207402528,13.7896731887763));
#8471=CARTESIAN_POINT('Ctrl Pts',(0.628709167721458,14.5030779087411,14.7089236066813));
#8472=CARTESIAN_POINT('Ctrl Pts',(0.621719860061067,14.466087936264,15.6805886703018));
#8473=CARTESIAN_POINT('Ctrl Pts',(0.573662997271083,14.0341344460669,16.316044032747));
#8474=CARTESIAN_POINT('Ctrl Pts',(0.550000000000007,13.6461561192953,16.5999999999999));
#8475=CARTESIAN_POINT('Ctrl Pts',(0.40267269924908,11.2176584398797,16.6029003308872));
#8476=CARTESIAN_POINT('Ctrl Pts',(0.397326956396134,10.8334433418494,16.3171579778968));
#8477=CARTESIAN_POINT('Ctrl Pts',(0.391967603990672,10.2791219184932,15.459262381482));
#8478=CARTESIAN_POINT('Ctrl Pts',(0.393648584694842,10.5054075015362,13.9435858537531));
#8479=CARTESIAN_POINT('Ctrl Pts',(0.407831167849289,11.6725027612602,12.9500084703046));
#8480=CARTESIAN_POINT('Ctrl Pts',(0.440318806739469,13.2032830714092,12.9685359177882));
#8481=CARTESIAN_POINT('Ctrl Pts',(0.502317394287489,14.1669378198975,13.8001137332868));
#8482=CARTESIAN_POINT('Ctrl Pts',(0.544460745516123,14.4802611076791,14.7128415250057));
#8483=CARTESIAN_POINT('Ctrl Pts',(0.537738243152634,14.4455165865622,15.6717075228269));
#8484=CARTESIAN_POINT('Ctrl Pts',(0.492618315621482,14.0255095691624,16.3075467297834));
#8485=CARTESIAN_POINT('Ctrl Pts',(0.47082914585347,13.6414249971779,16.5936023552204));
#8486=CARTESIAN_POINT('Ctrl Pts',(0.259845449373269,11.194174895374,16.6343210125672));
#8487=CARTESIAN_POINT('Ctrl Pts',(0.256072385322672,10.8017875091245,16.3438912321729));
#8488=CARTESIAN_POINT('Ctrl Pts',(0.252321548471318,10.2347706303717,15.4689565192681));
#8489=CARTESIAN_POINT('Ctrl Pts',(0.253465643713909,10.4664826579345,13.9215256110514));
#8490=CARTESIAN_POINT('Ctrl Pts',(0.263520020123992,11.6590383235606,12.9102632551718));
#8491=CARTESIAN_POINT('Ctrl Pts',(0.286522626526937,13.2183371882886,12.9380657567704));
#8492=CARTESIAN_POINT('Ctrl Pts',(0.332014871798293,14.1810251185788,13.794372711652));
#8493=CARTESIAN_POINT('Ctrl Pts',(0.364396073640658,14.4805219330016,14.7135727523632));
#8494=CARTESIAN_POINT('Ctrl Pts',(0.359133930190417,14.448681233379,15.6704633410293));
#8495=CARTESIAN_POINT('Ctrl Pts',(0.324949848720436,14.039764879146,16.3178941842027));
#8496=CARTESIAN_POINT('Ctrl Pts',(0.308950915614533,13.6549294337088,16.6118636864073));
#8497=CARTESIAN_POINT('Ctrl Pts',(0.0612967590734439,11.0939391762441,16.7684351205541));
#8498=CARTESIAN_POINT('Ctrl Pts',(0.060298925137287,10.6696007908795,16.4540971040585));
#8499=CARTESIAN_POINT('Ctrl Pts',(0.059320865061359,10.0563514616114,15.5073991338261));
#8500=CARTESIAN_POINT('Ctrl Pts',(0.0596130824395801,10.3070046206285,13.8331196635436));
#8501=CARTESIAN_POINT('Ctrl Pts',(0.062266100121389,11.5966132504195,12.7387517371533));
#8502=CARTESIAN_POINT('Ctrl Pts',(0.0683523247972359,13.2827010640297,12.7681817309373));
#8503=CARTESIAN_POINT('Ctrl Pts',(0.0808919391545835,14.3207072401849,13.6946547410448));
#8504=CARTESIAN_POINT('Ctrl Pts',(0.0903074054702991,14.6402395516589,14.6899035199523));
#8505=CARTESIAN_POINT('Ctrl Pts',(0.088740534438833,14.6066518048876,15.7259009827768));
#8506=CARTESIAN_POINT('Ctrl Pts',(0.0789866934375221,14.1683348075745,16.4267760588862));
#8507=CARTESIAN_POINT('Ctrl Pts',(0.0745521683917383,13.7532626752391,16.7448344983441));
#8508=CARTESIAN_POINT('Ctrl Pts',(-3.11496475701936E-15,10.9859003399498,
16.9129896993343));
#8509=CARTESIAN_POINT('Ctrl Pts',(1.52604114049367E-5,10.5279705082872,
16.5718065080635));
#8510=CARTESIAN_POINT('Ctrl Pts',(1.43727851523459E-5,9.86712418996226,
15.5479777214957));
#8511=CARTESIAN_POINT('Ctrl Pts',(-1.82681686474619E-6,10.136978216702,
13.7394649173361));
#8512=CARTESIAN_POINT('Ctrl Pts',(3.69807805769726E-5,11.5279912505631,
12.5533607702061));
#8513=CARTESIAN_POINT('Ctrl Pts',(2.24998448495106E-5,13.3520438716705,
12.5738285194759));
#8514=CARTESIAN_POINT('Ctrl Pts',(8.42082647665032E-6,14.4942548905917,
13.5652604231833));
#8515=CARTESIAN_POINT('Ctrl Pts',(-7.46113182027766E-5,14.8594151334502,
14.656428702215));
#8516=CARTESIAN_POINT('Ctrl Pts',(-3.6271136168751E-5,14.8195973782406,
15.8036195257279));
#8517=CARTESIAN_POINT('Ctrl Pts',(-8.0333505203621E-5,14.3264835579418,
16.5629354979239));
#8518=CARTESIAN_POINT('Ctrl Pts',(-4.14263162776515E-16,13.8709932766887,
16.9040353283071));
#8519=CARTESIAN_POINT('Ctrl Pts',(-3.12250225675825E-15,10.9208696083838,
16.9999999850032));
#8520=CARTESIAN_POINT('Ctrl Pts',(-3.51701881552128E-15,10.4426962470492,
16.6426173690982));
#8521=CARTESIAN_POINT('Ctrl Pts',(-3.2879270503297E-15,9.75322314046836,
15.5724328755696));
#8522=CARTESIAN_POINT('Ctrl Pts',(-2.87657832914732E-15,10.0346453386728,
13.6830945099765));
#8523=CARTESIAN_POINT('Ctrl Pts',(-5.00356595180717E-15,11.4866407772458,
12.4417394904532));
#8524=CARTESIAN_POINT('Ctrl Pts',(-2.73741759118926E-15,13.3937636975963,
12.4567523270999));
#8525=CARTESIAN_POINT('Ctrl Pts',(-9.31594529716305E-16,14.5989141938227,
13.4870914859704));
#8526=CARTESIAN_POINT('Ctrl Pts',(-8.17851661122068E-18,14.9918749690496,
14.6361545083517));
#8527=CARTESIAN_POINT('Ctrl Pts',(5.84714283606469E-16,14.9482201124746,
15.8507358378772));
#8528=CARTESIAN_POINT('Ctrl Pts',(-9.60140878952189E-16,14.421933296209,
16.6450550409337));
#8529=CARTESIAN_POINT('Ctrl Pts',(-4.16333634234434E-16,13.9419601084504,
16.9999999999999));
#8530=CARTESIAN_POINT('',(-2.7265867331366E-15,10.9208696040031,16.9999999908646));
#8531=CARTESIAN_POINT('',(0.474999999750051,11.2198261309535,16.5999999880026));
#8532=CARTESIAN_POINT('Origin',(0.499999999999997,10.9208696083838,16.9999999850032));
#8533=CARTESIAN_POINT('',(0.624886196291492,14.4792810190452,15.0000405705211));
#8534=CARTESIAN_POINT('Ctrl Pts',(0.474999999750051,11.2198261309535,16.5999999880026));
#8535=CARTESIAN_POINT('Ctrl Pts',(0.469043622982067,10.8367893446394,16.3140938952786));
#8536=CARTESIAN_POINT('Ctrl Pts',(0.463036840021487,10.2848338804728,15.4579463004557));
#8537=CARTESIAN_POINT('Ctrl Pts',(0.464948476753622,10.5099988165889,13.9464756079812));
#8538=CARTESIAN_POINT('Ctrl Pts',(0.480728238459542,11.6729821339009,12.9533915923626));
#8539=CARTESIAN_POINT('Ctrl Pts',(0.516870295438227,13.2019351762702,12.9654018616799));
#8540=CARTESIAN_POINT('Ctrl Pts',(0.584281790489266,14.1773207402528,13.7896731887763));
#8541=CARTESIAN_POINT('Ctrl Pts',(0.622028768971398,14.4540948735775,14.5706989415009));
#8542=CARTESIAN_POINT('Ctrl Pts',(0.624991354554136,14.479303510069,14.9049141778729));
#8543=CARTESIAN_POINT('Ctrl Pts',(0.624920483289123,14.4793125465831,15.0001236067867));
#8544=CARTESIAN_POINT('',(0.550000000000008,13.6461561192953,16.5999999999999));
#8545=CARTESIAN_POINT('Ctrl Pts',(0.624920574818895,14.479312530813,14.9999999531938));
#8546=CARTESIAN_POINT('Ctrl Pts',(0.624814781269533,14.4793355504695,15.1437314334222));
#8547=CARTESIAN_POINT('Ctrl Pts',(0.615338539673368,14.4087301843529,15.76496879885));
#8548=CARTESIAN_POINT('Ctrl Pts',(0.573662997271083,14.0341344460669,16.316044032747));
#8549=CARTESIAN_POINT('Ctrl Pts',(0.550000000000007,13.6461561192953,16.5999999999999));
#8550=CARTESIAN_POINT('',(-1.00269655651953E-15,13.9419601084504,16.9999999999999));
#8551=CARTESIAN_POINT('Origin',(0.499999999999999,13.9419601084504,16.9999999999999));
#8552=CARTESIAN_POINT('Ctrl Pts',(-4.57966997657877E-16,13.9419601084504,
16.9999999999999));
#8553=CARTESIAN_POINT('Ctrl Pts',(-5.65969158617096E-16,14.0375336288208,
16.929322428542));
#8554=CARTESIAN_POINT('Ctrl Pts',(-5.80796131176337E-16,14.1279699639512,
16.8517322583452));
#8555=CARTESIAN_POINT('Ctrl Pts',(-5.82867087928207E-16,14.2125313638278,
16.7682455387682));
#8556=CARTESIAN_POINT('Ctrl Pts',(-6.13402441828614E-16,14.3053982997614,
16.6765588371577));
#8557=CARTESIAN_POINT('Ctrl Pts',(1.11109501716246E-10,14.3911972836631,
16.5777530036196));
#8558=CARTESIAN_POINT('Ctrl Pts',(-2.83923917709927E-9,14.4690462776306,
16.4730477868275));
#8559=CARTESIAN_POINT('Ctrl Pts',(-5.75270628571887E-9,14.5459221008145,
16.369651463737));
#8560=CARTESIAN_POINT('Ctrl Pts',(-1.22320093368475E-8,14.6150460591255,
16.2605011296274));
#8561=CARTESIAN_POINT('Ctrl Pts',(-2.09708508613904E-8,14.675525349716,
16.1467473028946));
#8562=CARTESIAN_POINT('Ctrl Pts',(-2.57858801743014E-8,14.7088489379971,
16.0840698863702));
#8563=CARTESIAN_POINT('Ctrl Pts',(-3.11550246155652E-8,14.7395472538073,
16.0199945651468));
#8564=CARTESIAN_POINT('Ctrl Pts',(-3.54295060789322E-8,14.7674642201599,
15.954712591821));
#8565=CARTESIAN_POINT('Ctrl Pts',(-4.28739973864252E-8,14.8160847639907,
15.8410166763925));
#8566=CARTESIAN_POINT('Ctrl Pts',(-4.0287364740948E-8,14.8562860483767,
15.7237153321081));
#8567=CARTESIAN_POINT('Ctrl Pts',(-4.01214353684676E-8,14.8872083410942,
15.6039745663802));
#8568=CARTESIAN_POINT('Ctrl Pts',(-4.00892807272347E-8,14.8932006209032,
15.580770589258));
#8569=CARTESIAN_POINT('Ctrl Pts',(-4.00777847654966E-8,14.8988445870852,
15.5574750810103));
#8570=CARTESIAN_POINT('Ctrl Pts',(-4.00888452156689E-8,14.9041341918334,
15.5340966246964));
#8571=CARTESIAN_POINT('Ctrl Pts',(-4.01453911661464E-8,14.93117702075,15.4145754837929));
#8572=CARTESIAN_POINT('Ctrl Pts',(-4.06190395906552E-8,14.9489537399095,
15.2928857815083));
#8573=CARTESIAN_POINT('Ctrl Pts',(-3.61927178504917E-8,14.9574891945396,
15.1705836296706));
#8574=CARTESIAN_POINT('Ctrl Pts',(-3.43040959933919E-8,14.9611311001942,
15.1183997780009));
#8575=CARTESIAN_POINT('Ctrl Pts',(-3.15795565928134E-8,14.9630912216489,
15.0661044974714));
#8576=CARTESIAN_POINT('Ctrl Pts',(-2.81283114578201E-8,14.9633743915688,
15.0138185817435));
#8577=CARTESIAN_POINT('Ctrl Pts',(-1.99720107609847E-8,14.9640436048308,
14.8902516851013));
#8578=CARTESIAN_POINT('Ctrl Pts',(-2.37175377575086E-8,14.9553142892871,
14.766601586455));
#8579=CARTESIAN_POINT('Ctrl Pts',(-3.28772103708186E-8,14.9372080605467,
14.6443576579376));
#8580=CARTESIAN_POINT('Ctrl Pts',(-4.7009298516065E-8,14.9092726930944,
14.4557524485975));
#8581=CARTESIAN_POINT('Ctrl Pts',(-7.9024226208041E-8,14.8590189543677,
14.2704928555238));
#8582=CARTESIAN_POINT('Ctrl Pts',(1.31115512502777E-7,14.7882331012966,
14.0934637299087));
#8583=CARTESIAN_POINT('Ctrl Pts',(2.49954613194264E-7,14.7482019907021,
13.9933494811077));
#8584=CARTESIAN_POINT('Ctrl Pts',(2.74435198419767E-7,14.7017405991311,
13.8957748294029));
#8585=CARTESIAN_POINT('Ctrl Pts',(2.20553721341776E-7,14.6490934321607,
13.8016833012692));
#8586=CARTESIAN_POINT('Ctrl Pts',(1.6543553002104E-7,14.5952378814434,13.7054321379667));
#8587=CARTESIAN_POINT('Ctrl Pts',(7.16075996885886E-8,14.5349086398434,
13.6128269860015));
#8588=CARTESIAN_POINT('Ctrl Pts',(3.39561481710327E-8,14.4687792876774,
13.5245545206489));
#8589=CARTESIAN_POINT('Ctrl Pts',(-1.51976772100305E-9,14.4064709505249,
13.4413825198304));
#8590=CARTESIAN_POINT('Ctrl Pts',(-1.30243029328676E-15,14.3390137606678,
13.3620580436654));
#8591=CARTESIAN_POINT('Ctrl Pts',(-1.41553435639707E-15,14.2670126387646,
13.2871642750769));
#8592=CARTESIAN_POINT('Ctrl Pts',(-1.57733326809762E-15,14.1640127743496,
13.1800263888018));
#8593=CARTESIAN_POINT('Ctrl Pts',(-2.63082855467582E-9,14.0517706085354,
13.0817440782623));
#8594=CARTESIAN_POINT('Ctrl Pts',(6.91339105407529E-9,13.9319642068084,
12.9937739349372));
#8595=CARTESIAN_POINT('Ctrl Pts',(1.62374603097566E-8,13.8149213020169,
12.9078329421249));
#8596=CARTESIAN_POINT('Ctrl Pts',(2.58733539827454E-8,13.6906578363525,
12.8317338541613));
#8597=CARTESIAN_POINT('Ctrl Pts',(1.59689509407479E-7,13.5607405444464,
12.76688377435));
#8598=CARTESIAN_POINT('Ctrl Pts',(1.94156039305828E-7,13.5272782303365,
12.7501805802728));
#8599=CARTESIAN_POINT('Ctrl Pts',(2.38012644293984E-7,13.4934409022868,
12.7342239090065));
#8600=CARTESIAN_POINT('Ctrl Pts',(2.96433730825885E-7,13.4592554985768,
12.719038350814));
#8601=CARTESIAN_POINT('Ctrl Pts',(3.76601329350001E-7,13.4123450098698,
12.6982001602767));
#8602=CARTESIAN_POINT('Ctrl Pts',(4.31727991075283E-7,13.3648181104587,
12.6787836491634));
#8603=CARTESIAN_POINT('Ctrl Pts',(4.50953056896353E-7,13.3167397827794,
12.6608542698194));
#8604=CARTESIAN_POINT('Ctrl Pts',(4.95069560190529E-7,13.2064125818267,
12.6197110285022));
#8605=CARTESIAN_POINT('Ctrl Pts',(3.53283059210151E-7,13.0931783119821,
12.5863975846229));
#8606=CARTESIAN_POINT('Ctrl Pts',(2.33509975966495E-7,12.9781583169815,
12.5610323083456));
#8607=CARTESIAN_POINT('Ctrl Pts',(1.12357634732855E-7,12.861813798617,12.5353749358892));
#8608=CARTESIAN_POINT('Ctrl Pts',(3.38580098291742E-8,12.7436420539763,
12.5178510522958));
#8609=CARTESIAN_POINT('Ctrl Pts',(1.14478038021337E-8,12.6248558095825,
12.5085919294354));
#8610=CARTESIAN_POINT('Ctrl Pts',(3.32593362026011E-9,12.5818054933473,
12.505236253286));
#8611=CARTESIAN_POINT('Ctrl Pts',(-3.69060294456375E-15,12.5386749637561,
12.5029661216808));
#8612=CARTESIAN_POINT('Ctrl Pts',(-3.73312492030209E-15,12.4955236267678,
12.5017875838723));
#8613=CARTESIAN_POINT('Ctrl Pts',(-3.831875649698E-15,12.3953113029513,
12.4990506116081));
#8614=CARTESIAN_POINT('Ctrl Pts',(2.02230531322203E-8,12.2948789834168,
12.5022995932405));
#8615=CARTESIAN_POINT('Ctrl Pts',(2.96564677759736E-7,12.1949994409807,
12.5114606554594));
#8616=CARTESIAN_POINT('Ctrl Pts',(5.73681346621483E-7,12.0948397704112,
12.5206474113408));
#8617=CARTESIAN_POINT('Ctrl Pts',(1.16691433953174E-6,11.9952359490546,
12.5357784436334));
#8618=CARTESIAN_POINT('Ctrl Pts',(1.84949208970053E-6,11.8969149247859,
12.5567782552658));
#8619=CARTESIAN_POINT('Ctrl Pts',(2.53066876249567E-6,11.7987957168854,
12.5777349621223));
#8620=CARTESIAN_POINT('Ctrl Pts',(3.24448904526752E-6,11.701953766932,12.6045353851707));
#8621=CARTESIAN_POINT('Ctrl Pts',(3.29999542246495E-6,11.6070618972578,
12.6371185587562));
#8622=CARTESIAN_POINT('Ctrl Pts',(3.30860212395589E-6,11.5923481645762,
12.6421708367616));
#8623=CARTESIAN_POINT('Ctrl Pts',(3.30183293368194E-6,11.5776812258173,
12.647362193796));
#8624=CARTESIAN_POINT('Ctrl Pts',(3.278285172853E-6,11.5630634903397,12.6526924567827));
#8625=CARTESIAN_POINT('Ctrl Pts',(3.2604744986401E-6,11.5520071641773,12.6567240748266));
#8626=CARTESIAN_POINT('Ctrl Pts',(3.23307586874022E-6,11.5409789860176,
12.660835159423));
#8627=CARTESIAN_POINT('Ctrl Pts',(3.19580101869332E-6,11.5299797309181,
12.6650248155328));
#8628=CARTESIAN_POINT('Ctrl Pts',(2.83624404899325E-6,11.4238798048941,
12.7054386616794));
#8629=CARTESIAN_POINT('Ctrl Pts',(2.02822036501224E-6,11.320661618023,12.7532217340985));
#8630=CARTESIAN_POINT('Ctrl Pts',(1.39586666862701E-6,11.221121984823,12.8077628866601));
#8631=CARTESIAN_POINT('Ctrl Pts',(7.57874433562134E-7,11.1206947817786,
12.8627903689453));
#8632=CARTESIAN_POINT('Ctrl Pts',(3.24040046607098E-7,11.0240123060113,
12.9246983298633));
#8633=CARTESIAN_POINT('Ctrl Pts',(1.50036565074729E-7,10.9319451873777,
12.992851650698));
#8634=CARTESIAN_POINT('Ctrl Pts',(1.12185683569166E-9,10.8531528092654,
13.0511782531214));
#8635=CARTESIAN_POINT('Ctrl Pts',(-3.9021909821271E-15,10.7777418965343,
13.1140793227571));
#8636=CARTESIAN_POINT('Ctrl Pts',(-3.83026943495679E-15,10.7062847879162,
13.1811420582515));
#8637=CARTESIAN_POINT('Ctrl Pts',(-3.75121809614492E-15,10.6277439287979,
13.2548529172889));
#8638=CARTESIAN_POINT('Ctrl Pts',(1.10116230654504E-8,10.5538824555241,
13.3336551589495));
#8639=CARTESIAN_POINT('Ctrl Pts',(1.06179846207088E-7,10.4853868113356,
13.4168535804516));
#8640=CARTESIAN_POINT('Ctrl Pts',(2.01322007727969E-7,10.4169099245373,
13.5000292182382));
#8641=CARTESIAN_POINT('Ctrl Pts',(3.98900808190713E-7,10.3537953760249,
13.587597679457));
#8642=CARTESIAN_POINT('Ctrl Pts',(5.17251337081581E-7,10.2966841442828,
13.6788902787635));
#8643=CARTESIAN_POINT('Ctrl Pts',(5.65116855776386E-7,10.273586159371,13.7158125271028));
#8644=CARTESIAN_POINT('Ctrl Pts',(5.96199127903073E-7,10.2514696760989,
13.7533443089541));
#8645=CARTESIAN_POINT('Ctrl Pts',(5.94918079674378E-7,10.230375373418,13.791443096912));
#8646=CARTESIAN_POINT('Ctrl Pts',(5.92989320951574E-7,10.1986155855152,
13.8488050037359));
#8647=CARTESIAN_POINT('Ctrl Pts',(5.07930676028697E-7,10.1691730856881,
13.907451920897));
#8648=CARTESIAN_POINT('Ctrl Pts',(3.65425146656162E-7,10.1420569514929,
13.9671720099264));
#8649=CARTESIAN_POINT('Ctrl Pts',(8.94707798312909E-8,10.0895480020092,
14.0828167812432));
#8650=CARTESIAN_POINT('Ctrl Pts',(5.20878341474353E-8,10.0461244672808,
14.2025175492155));
#8651=CARTESIAN_POINT('Ctrl Pts',(2.86198728466358E-8,10.0119445356318,
14.3248083788336));
#8652=CARTESIAN_POINT('Ctrl Pts',(4.61066799722303E-9,9.97697630936865,
14.4499196120536));
#8653=CARTESIAN_POINT('Ctrl Pts',(7.15983877111316E-9,9.95168228997148,
14.5777429159392));
#8654=CARTESIAN_POINT('Ctrl Pts',(2.32914813130813E-8,9.93627384148559,
14.7067422518305));
#8655=CARTESIAN_POINT('Ctrl Pts',(3.15984571105182E-8,9.9283392738608,14.7731703516565));
#8656=CARTESIAN_POINT('Ctrl Pts',(4.59710627532282E-8,9.92302682796796,
14.8399107359771));
#8657=CARTESIAN_POINT('Ctrl Pts',(7.32747045956161E-8,9.92037048298,14.9067553812877));
#8658=CARTESIAN_POINT('Ctrl Pts',(1.15571206838672E-7,9.91625549706017,
15.0103054756903));
#8659=CARTESIAN_POINT('Ctrl Pts',(2.4652794970575E-7,9.91859040945966,15.1141906969417));
#8660=CARTESIAN_POINT('Ctrl Pts',(5.00944552617177E-7,9.92743815030716,
15.2175036555556));
#8661=CARTESIAN_POINT('Ctrl Pts',(7.55361155528604E-7,9.93628589115467,
15.3208166141696));
#8662=CARTESIAN_POINT('Ctrl Pts',(1.1340061804226E-6,9.95164559813371,15.4235566018254));
#8663=CARTESIAN_POINT('Ctrl Pts',(1.32039925898608E-6,9.97354748238921,
15.524862635023));
#8664=CARTESIAN_POINT('Ctrl Pts',(1.50191280253892E-6,9.99487600302243,
15.6235166044312));
#8665=CARTESIAN_POINT('Ctrl Pts',(1.43000226608794E-6,10.0224075081332,
15.7208105823731));
#8666=CARTESIAN_POINT('Ctrl Pts',(1.02028491422157E-6,10.0556178574918,
15.8161208857265));
#8667=CARTESIAN_POINT('Ctrl Pts',(9.57674478136862E-7,10.0606928547951,
15.8306856085266));
#8668=CARTESIAN_POINT('Ctrl Pts',(8.88998272177125E-7,10.0659004521661,
15.8452041068413));
#8669=CARTESIAN_POINT('Ctrl Pts',(8.16510146786631E-7,10.0712387711237,
15.8596742622996));
#8670=CARTESIAN_POINT('Ctrl Pts',(2.52694138373508E-7,10.1127604640922,
15.9722238040029));
#8671=CARTESIAN_POINT('Ctrl Pts',(1.38657752300598E-7,10.1625420898776,
16.0816782028007));
#8672=CARTESIAN_POINT('Ctrl Pts',(7.05272535372892E-8,10.2198248786438,
16.1870508173548));
#8673=CARTESIAN_POINT('Ctrl Pts',(9.24144125901239E-10,10.2783458095962,
16.2947010144456));
#8674=CARTESIAN_POINT('Ctrl Pts',(4.41940953312324E-9,10.3446955665445,
16.3980922093742));
#8675=CARTESIAN_POINT('Ctrl Pts',(1.60631763446162E-9,10.4181179534372,
16.4961846619571));
#8676=CARTESIAN_POINT('Ctrl Pts',(-2.62584614828829E-10,10.4668967594468,
16.5613532422505));
#8677=CARTESIAN_POINT('Ctrl Pts',(-3.35239768669591E-15,10.5187983346467,
16.6241833470452));
#8678=CARTESIAN_POINT('Ctrl Pts',(-3.33066907387547E-15,10.5736136026169,
16.6843689381209));
#8679=CARTESIAN_POINT('Ctrl Pts',(-3.29534718339578E-15,10.6627209426876,
16.7822062402072));
#8680=CARTESIAN_POINT('Ctrl Pts',(-3.24133670161867E-15,10.7595620858845,
16.8730834632255));
#8681=CARTESIAN_POINT('Ctrl Pts',(-3.1641356201817E-15,10.8631647473248,
16.9554981509368));
#8682=CARTESIAN_POINT('Ctrl Pts',(-3.14997042056959E-15,10.8821742268855,
16.9706199663398));
#8683=CARTESIAN_POINT('Ctrl Pts',(-3.15218074236092E-15,10.9014112307794,
16.9854569626355));
#8684=CARTESIAN_POINT('Ctrl Pts',(-3.13638004456607E-15,10.9208696083838,
16.9999999850032));
#8685=CARTESIAN_POINT('Ctrl Pts',(0.550000000000007,13.6461561192953,16.5999999999999));
#8686=CARTESIAN_POINT('Ctrl Pts',(0.531657931728643,13.3454197047184,16.8201048192561));
#8687=CARTESIAN_POINT('Ctrl Pts',(0.573746478798101,12.7473382409902,17.0491219686345));
#8688=CARTESIAN_POINT('Ctrl Pts',(0.522374433817545,11.8685790917966,16.9671344622902));
#8689=CARTESIAN_POINT('Ctrl Pts',(0.47807795319511,11.4177601845805,16.7477418079443));
#8690=CARTESIAN_POINT('Ctrl Pts',(0.474999999750051,11.2198261309535,16.5999999880026));
#8691=CARTESIAN_POINT('Ctrl Pts',(0.470829145853472,13.6414249971779,16.5936023552204));
#8692=CARTESIAN_POINT('Ctrl Pts',(0.449740393872438,13.339235907414,16.8180946044976));
#8693=CARTESIAN_POINT('Ctrl Pts',(0.486870985154353,12.7442288457703,17.0464155643562));
#8694=CARTESIAN_POINT('Ctrl Pts',(0.440687514932417,11.8739621305524,16.9708595517915));
#8695=CARTESIAN_POINT('Ctrl Pts',(0.402615905783024,11.4186921461984,16.7525833666551));
#8696=CARTESIAN_POINT('Ctrl Pts',(0.402672699477602,11.2176584396779,16.6029003307222));
#8697=CARTESIAN_POINT('Ctrl Pts',(0.30895091561454,13.6549294337088,16.6118636864073));
#8698=CARTESIAN_POINT('Ctrl Pts',(0.283590397974567,13.345734074792,16.851383681024));
#8699=CARTESIAN_POINT('Ctrl Pts',(0.312845211764428,12.7450683971205,17.0885989638071));
#8700=CARTESIAN_POINT('Ctrl Pts',(0.27912610741782,11.8722131480934,17.0184370785943));
#8701=CARTESIAN_POINT('Ctrl Pts',(0.253496542982921,11.4028803071403,16.7925150926415));
#8702=CARTESIAN_POINT('Ctrl Pts',(0.259845450045352,11.1941748948922,16.6343210119084));
#8703=CARTESIAN_POINT('Ctrl Pts',(0.0745521683917481,13.7532626752391,16.7448344983441));
#8704=CARTESIAN_POINT('Ctrl Pts',(0.0512811902417573,13.4199671920839,17.0260696244011));
#8705=CARTESIAN_POINT('Ctrl Pts',(0.0853620458956924,12.7703047800684,17.3082049764255));
#8706=CARTESIAN_POINT('Ctrl Pts',(0.0667737798860199,11.8266956710014,17.221804669276));
#8707=CARTESIAN_POINT('Ctrl Pts',(0.0496556587664429,11.319384826394,16.9539503740349));
#8708=CARTESIAN_POINT('Ctrl Pts',(0.0612967600611902,11.0939391757433,16.7684351186794));
#8709=CARTESIAN_POINT('Ctrl Pts',(4.75978872016478E-15,13.8709932766887,
16.9040353283071));
#8710=CARTESIAN_POINT('Ctrl Pts',(-0.010665447443946,13.5135048153738,17.2188829796811));
#8711=CARTESIAN_POINT('Ctrl Pts',(0.0480338403465379,12.8037686714204,17.5437169862137));
#8712=CARTESIAN_POINT('Ctrl Pts',(0.0247005031736417,11.7665461217353,17.4323315001697));
#8713=CARTESIAN_POINT('Ctrl Pts',(-0.00651823215457184,11.2248868661574,
17.1227190745593));
#8714=CARTESIAN_POINT('Ctrl Pts',(5.21948281079457E-10,10.98590033976,16.9129896966216));
#8715=CARTESIAN_POINT('Ctrl Pts',(-5.55111512312578E-16,13.9419601084504,
16.9999999999998));
#8716=CARTESIAN_POINT('Ctrl Pts',(-1.74814357729408E-14,13.5699150594891,
17.3301572288842));
#8717=CARTESIAN_POINT('Ctrl Pts',(0.0787181687933249,12.8240690242946,17.6736829529518));
#8718=CARTESIAN_POINT('Ctrl Pts',(0.0464381456656268,11.7301423337269,17.5507016934353));
#8719=CARTESIAN_POINT('Ctrl Pts',(-1.32939159305105E-9,11.167965436079,
17.2216127119164));
#8720=CARTESIAN_POINT('Ctrl Pts',(-1.04083408558608E-15,10.9208696083838,
16.9999999820039));
#8721=CARTESIAN_POINT('Ctrl Pts',(-1.05097211422798E-15,10.9208696103602,
16.9999999837764));
#8722=CARTESIAN_POINT('Ctrl Pts',(-1.20557907510184E-9,11.1679654375778,
17.2216127127938));
#8723=CARTESIAN_POINT('Ctrl Pts',(0.0464381456902167,11.7301423345602,17.550701693529));
#8724=CARTESIAN_POINT('Ctrl Pts',(0.0787181687933249,12.8240690242946,17.6736829529518));
#8725=CARTESIAN_POINT('Ctrl Pts',(-1.74814357729408E-14,13.5699150594891,
17.3301572288842));
#8726=CARTESIAN_POINT('Ctrl Pts',(-5.55111512312578E-16,13.9419601084504,
16.9999999999998));
#8727=CARTESIAN_POINT('Ctrl Pts',(0.550000000000007,13.6461561192953,16.5999999999999));
#8728=CARTESIAN_POINT('Ctrl Pts',(0.531657931728643,13.3454197047184,16.8201048192561));
#8729=CARTESIAN_POINT('Ctrl Pts',(0.573746478798101,12.7473382409902,17.0491219686345));
#8730=CARTESIAN_POINT('Ctrl Pts',(0.522374433817545,11.8685790917966,16.9671344622902));
#8731=CARTESIAN_POINT('Ctrl Pts',(0.47807795319511,11.4177601845805,16.7477418079443));
#8732=CARTESIAN_POINT('Ctrl Pts',(0.474999999750051,11.2198261309535,16.5999999880026));
#8733=CARTESIAN_POINT('Origin',(-8.95823712651037E-15,0.,0.));
#8734=CARTESIAN_POINT('',(2.85942269507679E-16,16.4,17.));
#8735=CARTESIAN_POINT('',(-6.66133814775094E-15,4.225,17.));
#8736=CARTESIAN_POINT('',(2.40662801734593E-16,16.4,5.));
#8737=CARTESIAN_POINT('',(4.16333634234434E-16,16.4,0.));
#8738=CARTESIAN_POINT('',(-8.83217158302204E-15,0.500000000000017,5.));
#8739=CARTESIAN_POINT('',(-5.55111512312578E-15,6.24999999999999,5.));
#8740=CARTESIAN_POINT('',(-8.78689211524896E-15,0.5,17.));
#8741=CARTESIAN_POINT('',(-8.67361737988404E-15,0.5,0.));
#8742=CARTESIAN_POINT('',(-6.66133814775094E-15,4.225,17.));
#8743=CARTESIAN_POINT('Ctrl Pts',(2.42061459137964,16.275,15.));
#8744=CARTESIAN_POINT('Ctrl Pts',(2.42061459137964,16.275,14.3991511533569));
#8745=CARTESIAN_POINT('Ctrl Pts',(3.03119465730637,16.3581913617182,13.2133567784971));
#8746=CARTESIAN_POINT('Ctrl Pts',(4.97882757193502,16.4175486984201,12.7674865955487));
#8747=CARTESIAN_POINT('Ctrl Pts',(6.15132851158977,16.4316329832757,13.6914155908436));
#8748=CARTESIAN_POINT('Ctrl Pts',(6.54905748869494,16.4365853374871,14.8343707806433));
#8749=CARTESIAN_POINT('Ctrl Pts',(6.41482138832276,16.4347389017568,16.101362109984));
#8750=CARTESIAN_POINT('Ctrl Pts',(4.97716577602613,16.4176417396802,17.2343444906267));
#8751=CARTESIAN_POINT('Ctrl Pts',(3.03250885912808,16.3580427440964,16.7856787706709));
#8752=CARTESIAN_POINT('Ctrl Pts',(2.42061459137964,16.275,15.6008488466431));
#8753=CARTESIAN_POINT('Ctrl Pts',(2.42061459137964,16.275,15.));
#8754=CARTESIAN_POINT('Ctrl Pts',(2.44232264592651,16.3590749337386,15.));
#8755=CARTESIAN_POINT('Ctrl Pts',(2.44232264592651,16.3590749337386,14.4059307207721));
#8756=CARTESIAN_POINT('Ctrl Pts',(3.03081187664815,16.4374167660009,13.2232083614511));
#8757=CARTESIAN_POINT('Ctrl Pts',(4.97829624614352,16.4905113825243,12.7630031420001));
#8758=CARTESIAN_POINT('Ctrl Pts',(6.15501600523826,16.5033275789961,13.688505915798));
#8759=CARTESIAN_POINT('Ctrl Pts',(6.55445454442284,16.5076773459568,14.8338971171974));
#8760=CARTESIAN_POINT('Ctrl Pts',(6.4195067418061,16.5061364837814,16.10399192602));
#8761=CARTESIAN_POINT('Ctrl Pts',(4.9765901402862,16.4905975507938,17.238848969684));
#8762=CARTESIAN_POINT('Ctrl Pts',(3.03222911369218,16.4372566869922,16.7759577620107));
#8763=CARTESIAN_POINT('Ctrl Pts',(2.44232264592651,16.3590749337386,15.5940692792278));
#8764=CARTESIAN_POINT('Ctrl Pts',(2.44232264592651,16.3590749337386,15.));
#8765=CARTESIAN_POINT('Ctrl Pts',(2.44075364324371,16.5383089730988,15.));
#8766=CARTESIAN_POINT('Ctrl Pts',(2.44075364324371,16.5383089730988,14.4054403059956));
#8767=CARTESIAN_POINT('Ctrl Pts',(3.00558146425363,16.5978898950271,13.2065738477451));
#8768=CARTESIAN_POINT('Ctrl Pts',(4.9862458003371,16.6351753878649,12.7184504928614));
#8769=CARTESIAN_POINT('Ctrl Pts',(6.1885846095196,16.6444427270152,13.6620601546287));
#8770=CARTESIAN_POINT('Ctrl Pts',(6.59726096099992,16.647404279054,14.8304140965993));
#8771=CARTESIAN_POINT('Ctrl Pts',(6.45892192020775,16.646454871657,16.1264687191354));
#8772=CARTESIAN_POINT('Ctrl Pts',(4.98445838450526,16.6352330984935,17.2834697462102));
#8773=CARTESIAN_POINT('Ctrl Pts',(3.00718032653208,16.5977536507387,16.7927560000067));
#8774=CARTESIAN_POINT('Ctrl Pts',(2.44075364324371,16.5383089730988,15.5945596940043));
#8775=CARTESIAN_POINT('Ctrl Pts',(2.44075364324371,16.5383089730988,15.));
#8776=CARTESIAN_POINT('Ctrl Pts',(2.28239126344219,16.8104762368293,15.));
#8777=CARTESIAN_POINT('Ctrl Pts',(2.28239126344219,16.8104762368293,14.3562741806425));
#8778=CARTESIAN_POINT('Ctrl Pts',(2.88606534088602,16.8275869904093,13.0583540325785));
#8779=CARTESIAN_POINT('Ctrl Pts',(5.02811072003014,16.8373253451729,12.5311760811204));
#8780=CARTESIAN_POINT('Ctrl Pts',(6.32804531416729,16.8398452318554,13.5523359551799));
#8781=CARTESIAN_POINT('Ctrl Pts',(6.77016971107306,16.8405881382211,14.8165202447046));
#8782=CARTESIAN_POINT('Ctrl Pts',(6.6203585580869,16.8403848433407,16.2188083357598));
#8783=CARTESIAN_POINT('Ctrl Pts',(5.02617806330098,16.8373449422985,17.4709010605064));
#8784=CARTESIAN_POINT('Ctrl Pts',(2.88783608737338,16.8275361044871,16.940914348234));
#8785=CARTESIAN_POINT('Ctrl Pts',(2.28239126344219,16.8104762368293,15.6437258193574));
#8786=CARTESIAN_POINT('Ctrl Pts',(2.28239126344219,16.8104762368293,15.));
#8787=CARTESIAN_POINT('Ctrl Pts',(2.06674000038492,16.9,15.));
#8788=CARTESIAN_POINT('Ctrl Pts',(2.06674000038492,16.9,14.28944549331));
#8789=CARTESIAN_POINT('Ctrl Pts',(2.75437486930607,16.8999457535958,12.8764148177301));
#8790=CARTESIAN_POINT('Ctrl Pts',(5.07525372046954,16.8999955628285,12.3302871534145));
#8791=CARTESIAN_POINT('Ctrl Pts',(6.47734276951971,16.8999893808905,13.4349485048087));
#8792=CARTESIAN_POINT('Ctrl Pts',(6.95373524456279,16.8999933995348,14.8018063376202));
#8793=CARTESIAN_POINT('Ctrl Pts',(6.79254454695692,16.8999928055779,16.3173747509092));
#8794=CARTESIAN_POINT('Ctrl Pts',(5.07320474484988,16.899973609538,17.6719161634011));
#8795=CARTESIAN_POINT('Ctrl Pts',(2.75615434585327,16.899974076394,17.1225686865135));
#8796=CARTESIAN_POINT('Ctrl Pts',(2.06674000038492,16.9,15.7105545066899));
#8797=CARTESIAN_POINT('Ctrl Pts',(2.06674000038492,16.9,15.));
#8798=CARTESIAN_POINT('Ctrl Pts',(1.93649167310371,16.9,15.));
#8799=CARTESIAN_POINT('Ctrl Pts',(1.93649167310371,16.9,14.2489389416961));
#8800=CARTESIAN_POINT('Ctrl Pts',(2.67514498978175,16.9,12.7666959731214));
#8801=CARTESIAN_POINT('Ctrl Pts',(5.1036376681101,16.9,12.2093582444358));
#8802=CARTESIAN_POINT('Ctrl Pts',(6.56721959326357,16.9,13.3642694885545));
#8803=CARTESIAN_POINT('Ctrl Pts',(7.06422116511928,16.9,14.7929634758042));
#8804=CARTESIAN_POINT('Ctrl Pts',(6.89619692249008,16.9,16.37670263748));
#8805=CARTESIAN_POINT('Ctrl Pts',(5.1015415447784,16.9,17.7929306132833));
#8806=CARTESIAN_POINT('Ctrl Pts',(2.67690090340596,16.9,17.2320984633387));
#8807=CARTESIAN_POINT('Ctrl Pts',(1.93649167310371,16.9,15.7510610583038));
#8808=CARTESIAN_POINT('Ctrl Pts',(1.93649167310371,16.9,15.));
#8809=CARTESIAN_POINT('',(1.93649167310371,16.9,15.));
#8810=CARTESIAN_POINT('',(2.42061459137964,16.275,15.));
#8811=CARTESIAN_POINT('Origin',(1.93649167310371,16.4,15.));
#8812=CARTESIAN_POINT('Ctrl Pts',(2.42061459137964,16.275,15.));
#8813=CARTESIAN_POINT('Ctrl Pts',(2.42061459137964,16.275,14.3991511533569));
#8814=CARTESIAN_POINT('Ctrl Pts',(3.03119465730637,16.3581913617182,13.2133567784971));
#8815=CARTESIAN_POINT('Ctrl Pts',(4.97882757193502,16.4175486984201,12.7674865955487));
#8816=CARTESIAN_POINT('Ctrl Pts',(6.15132851158977,16.4316329832757,13.6914155908436));
#8817=CARTESIAN_POINT('Ctrl Pts',(6.54905748869494,16.4365853374871,14.8343707806433));
#8818=CARTESIAN_POINT('Ctrl Pts',(6.41482138832276,16.4347389017568,16.101362109984));
#8819=CARTESIAN_POINT('Ctrl Pts',(4.97716577602613,16.4176417396802,17.2343444906267));
#8820=CARTESIAN_POINT('Ctrl Pts',(3.03250885912808,16.3580427440964,16.7856787706709));
#8821=CARTESIAN_POINT('Ctrl Pts',(2.42061459137964,16.275,15.6008488466431));
#8822=CARTESIAN_POINT('Ctrl Pts',(2.42061459137964,16.275,15.));
#8823=CARTESIAN_POINT('Ctrl Pts',(1.93649167310371,16.9,15.));
#8824=CARTESIAN_POINT('Ctrl Pts',(1.93649167310371,16.9,15.7510610583038));
#8825=CARTESIAN_POINT('Ctrl Pts',(2.67690090340596,16.9,17.2320984633387));
#8826=CARTESIAN_POINT('Ctrl Pts',(5.1015415447784,16.9,17.7929306132833));
#8827=CARTESIAN_POINT('Ctrl Pts',(6.89619692249008,16.9,16.37670263748));
#8828=CARTESIAN_POINT('Ctrl Pts',(7.06422116511928,16.9,14.7929634758042));
#8829=CARTESIAN_POINT('Ctrl Pts',(6.56721959326357,16.9,13.3642694885545));
#8830=CARTESIAN_POINT('Ctrl Pts',(5.1036376681101,16.9,12.2093582444358));
#8831=CARTESIAN_POINT('Ctrl Pts',(2.67514498978175,16.9,12.7666959731214));
#8832=CARTESIAN_POINT('Ctrl Pts',(1.93649167310371,16.9,14.2489389416961));
#8833=CARTESIAN_POINT('Ctrl Pts',(1.93649167310371,16.9,15.));
#8834=CARTESIAN_POINT('Origin',(6.85215773010839E-16,16.9,0.));
#8835=CARTESIAN_POINT('',(0.5,16.9,-11.));
#8836=CARTESIAN_POINT('',(0.5,16.9,-17.));
#8837=CARTESIAN_POINT('',(0.5,16.9,0.));
#8838=CARTESIAN_POINT('',(10.,16.9,-11.));
#8839=CARTESIAN_POINT('',(-6.75,16.9,-11.));
#8840=CARTESIAN_POINT('',(10.,16.9,5.));
#8841=CARTESIAN_POINT('',(10.,16.9,0.));
#8842=CARTESIAN_POINT('',(0.500000000000008,16.9,5.));
#8843=CARTESIAN_POINT('',(-6.75,16.9,5.));
#8844=CARTESIAN_POINT('',(0.5,16.9,17.));
#8845=CARTESIAN_POINT('',(0.5,16.9,0.));
#8846=CARTESIAN_POINT('',(3.,16.9,19.5));
#8847=CARTESIAN_POINT('Origin',(3.,16.9,17.));
#8848=CARTESIAN_POINT('',(22.,16.9,19.5));
#8849=CARTESIAN_POINT('',(6.25,16.9,19.5));
#8850=CARTESIAN_POINT('',(24.5,16.9,17.));
#8851=CARTESIAN_POINT('Origin',(22.,16.9,17.));
#8852=CARTESIAN_POINT('',(24.5,16.9,10.5));
#8853=CARTESIAN_POINT('',(24.5,16.9,0.));
#8854=CARTESIAN_POINT('',(22.,16.9,8.));
#8855=CARTESIAN_POINT('Origin',(22.,16.9,10.5));
#8856=CARTESIAN_POINT('',(17.3,16.9,8.));
#8857=CARTESIAN_POINT('',(12.5,16.9,8.));
#8858=CARTESIAN_POINT('',(13.8,16.9,4.5));
#8859=CARTESIAN_POINT('Origin',(17.3,16.9,4.5));
#8860=CARTESIAN_POINT('',(13.8,16.9,-4.5));
#8861=CARTESIAN_POINT('',(13.8,16.9,3.75));
#8862=CARTESIAN_POINT('',(17.3,16.9,-8.));
#8863=CARTESIAN_POINT('Origin',(17.3,16.9,-4.5));
#8864=CARTESIAN_POINT('',(22.,16.9,-8.));
#8865=CARTESIAN_POINT('',(7.15,16.9,-8.));
#8866=CARTESIAN_POINT('',(24.5,16.9,-10.5));
#8867=CARTESIAN_POINT('Origin',(22.,16.9,-10.5));
#8868=CARTESIAN_POINT('',(24.5,16.9,-17.));
#8869=CARTESIAN_POINT('',(24.5,16.9,0.));
#8870=CARTESIAN_POINT('',(22.,16.9,-19.5));
#8871=CARTESIAN_POINT('Origin',(22.,16.9,-17.));
#8872=CARTESIAN_POINT('',(3.,16.9,-19.5));
#8873=CARTESIAN_POINT('',(6.25,16.9,-19.5));
#8874=CARTESIAN_POINT('Origin',(3.,16.9,-17.));
#8875=CARTESIAN_POINT('',(21.5,16.9,-18.));
#8876=CARTESIAN_POINT('',(21.5,16.9,-9.49999999999998));
#8877=CARTESIAN_POINT('',(21.5,16.9,-4.24999999999999));
#8878=CARTESIAN_POINT('',(20.5,16.9,-8.49999999999998));
#8879=CARTESIAN_POINT('Origin',(20.5,16.9,-9.49999999999998));
#8880=CARTESIAN_POINT('',(14.3,16.9,-8.49999999999998));
#8881=CARTESIAN_POINT('',(6.65,16.9,-8.49999999999998));
#8882=CARTESIAN_POINT('',(13.3,16.9,-9.49999999999998));
#8883=CARTESIAN_POINT('Origin',(14.3,16.9,-9.49999999999998));
#8884=CARTESIAN_POINT('',(13.3,16.9,-18.));
#8885=CARTESIAN_POINT('',(13.3,16.9,-9.49999999999999));
#8886=CARTESIAN_POINT('',(14.3,16.9,-19.));
#8887=CARTESIAN_POINT('Origin',(14.3,16.9,-18.));
#8888=CARTESIAN_POINT('',(20.5,16.9,-19.));
#8889=CARTESIAN_POINT('',(10.75,16.9,-19.));
#8890=CARTESIAN_POINT('Origin',(20.5,16.9,-18.));
#8891=CARTESIAN_POINT('',(21.5,16.9,9.49999999999998));
#8892=CARTESIAN_POINT('',(21.5,16.9,18.));
#8893=CARTESIAN_POINT('',(21.5,16.9,4.24999999999999));
#8894=CARTESIAN_POINT('',(20.5,16.9,19.));
#8895=CARTESIAN_POINT('Origin',(20.5,16.9,18.));
#8896=CARTESIAN_POINT('',(14.3,16.9,19.));
#8897=CARTESIAN_POINT('',(10.75,16.9,19.));
#8898=CARTESIAN_POINT('',(13.3,16.9,18.));
#8899=CARTESIAN_POINT('Origin',(14.3,16.9,18.));
#8900=CARTESIAN_POINT('',(13.3,16.9,9.49999999999998));
#8901=CARTESIAN_POINT('',(13.3,16.9,9.49999999999999));
#8902=CARTESIAN_POINT('',(14.3,16.9,8.49999999999998));
#8903=CARTESIAN_POINT('Origin',(14.3,16.9,9.49999999999998));
#8904=CARTESIAN_POINT('',(20.5,16.9,8.49999999999998));
#8905=CARTESIAN_POINT('',(6.65,16.9,8.49999999999998));
#8906=CARTESIAN_POINT('Origin',(20.5,16.9,9.49999999999998));
#8907=CARTESIAN_POINT('Origin',(18.75,10.4,19.5));
#8908=CARTESIAN_POINT('',(8.,9.9,19.5));
#8909=CARTESIAN_POINT('',(22.,9.9,19.5));
#8910=CARTESIAN_POINT('',(18.75,9.9,19.5));
#8911=CARTESIAN_POINT('',(22.,10.4,20.));
#8912=CARTESIAN_POINT('Origin',(22.,10.4,19.5));
#8913=CARTESIAN_POINT('',(7.5,10.4,20.));
#8914=CARTESIAN_POINT('',(18.75,10.4,20.));
#8915=CARTESIAN_POINT('Origin',(7.5,10.4,19.5));
#8916=CARTESIAN_POINT('Origin',(7.5,9.175,19.5));
#8917=CARTESIAN_POINT('',(7.5,6.5,20.));
#8918=CARTESIAN_POINT('',(7.5,9.175,20.));
#8919=CARTESIAN_POINT('',(8.,7.,19.5));
#8920=CARTESIAN_POINT('Origin',(7.5,6.5,19.5));
#8921=CARTESIAN_POINT('',(8.,9.175,19.5));
#8922=CARTESIAN_POINT('Origin',(10.25,6.5,-19.5));
#8923=CARTESIAN_POINT('',(8.,7.,-19.5));
#8924=CARTESIAN_POINT('',(22.,7.,-19.5));
#8925=CARTESIAN_POINT('',(10.25,7.,-19.5));
#8926=CARTESIAN_POINT('',(22.,6.5,-20.));
#8927=CARTESIAN_POINT('Origin',(22.,6.5,-19.5));
#8928=CARTESIAN_POINT('',(7.5,6.5,-20.));
#8929=CARTESIAN_POINT('',(10.25,6.5,-20.));
#8930=CARTESIAN_POINT('Origin',(7.5,6.5,-19.5));
#8931=CARTESIAN_POINT('Origin',(22.,6.5,-17.));
#8932=CARTESIAN_POINT('',(24.5,7.,-17.));
#8933=CARTESIAN_POINT('',(25.,6.5,-17.));
#8934=CARTESIAN_POINT('Origin',(24.5,6.5,-17.));
#8935=CARTESIAN_POINT('Origin',(22.,6.5,-17.));
#8936=CARTESIAN_POINT('Origin',(22.,7.,-17.));
#8937=CARTESIAN_POINT('Origin',(24.5,6.5,0.));
#8938=CARTESIAN_POINT('',(24.5,7.,-10.5));
#8939=CARTESIAN_POINT('',(25.,6.5,-10.5));
#8940=CARTESIAN_POINT('Origin',(24.5,6.5,-10.5));
#8941=CARTESIAN_POINT('',(25.,6.5,0.));
#8942=CARTESIAN_POINT('',(24.5,7.,0.));
#8943=CARTESIAN_POINT('Origin',(22.,6.5,-10.5));
#8944=CARTESIAN_POINT('',(22.,7.,-8.));
#8945=CARTESIAN_POINT('',(22.,6.5,-7.5));
#8946=CARTESIAN_POINT('Origin',(22.,6.5,-8.));
#8947=CARTESIAN_POINT('Origin',(22.,6.5,-10.5));
#8948=CARTESIAN_POINT('Origin',(22.,7.,-10.5));
#8949=CARTESIAN_POINT('Origin',(11.15,6.5,-8.));
#8950=CARTESIAN_POINT('',(17.3,7.,-8.));
#8951=CARTESIAN_POINT('',(17.3,6.5,-7.5));
#8952=CARTESIAN_POINT('Origin',(17.3,6.5,-8.));
#8953=CARTESIAN_POINT('',(11.15,6.5,-7.5));
#8954=CARTESIAN_POINT('',(11.15,7.,-8.));
#8955=CARTESIAN_POINT('Origin',(17.3,6.49999999999999,-4.5));
#8956=CARTESIAN_POINT('',(13.8,7.,-4.5));
#8957=CARTESIAN_POINT('',(14.3,6.49999999999999,-4.5));
#8958=CARTESIAN_POINT('Origin',(13.8,6.49999999999999,-4.5));
#8959=CARTESIAN_POINT('Origin',(17.3,6.49999999999999,-4.5));
#8960=CARTESIAN_POINT('Origin',(17.3,7.,-4.5));
#8961=CARTESIAN_POINT('Origin',(13.8,6.5,3.75));
#8962=CARTESIAN_POINT('',(13.8,7.,4.5));
#8963=CARTESIAN_POINT('',(14.3,6.5,4.5));
#8964=CARTESIAN_POINT('Origin',(13.8,6.5,4.5));
#8965=CARTESIAN_POINT('',(14.3,6.5,3.75));
#8966=CARTESIAN_POINT('',(13.8,7.,3.75));
#8967=CARTESIAN_POINT('Origin',(17.3,6.49999999999999,4.5));
#8968=CARTESIAN_POINT('',(17.3,7.,8.));
#8969=CARTESIAN_POINT('',(17.3,6.49999999999999,7.5));
#8970=CARTESIAN_POINT('Origin',(17.3,6.49999999999999,8.));
#8971=CARTESIAN_POINT('Origin',(17.3,6.49999999999999,4.5));
#8972=CARTESIAN_POINT('Origin',(17.3,7.,4.5));
#8973=CARTESIAN_POINT('Origin',(16.5,6.5,8.));
#8974=CARTESIAN_POINT('',(22.,7.,8.));
#8975=CARTESIAN_POINT('',(22.,6.5,7.5));
#8976=CARTESIAN_POINT('Origin',(22.,6.5,8.));
#8977=CARTESIAN_POINT('',(16.5,6.5,7.5));
#8978=CARTESIAN_POINT('',(16.5,7.,8.));
#8979=CARTESIAN_POINT('Origin',(22.,6.5,10.5));
#8980=CARTESIAN_POINT('',(24.5,7.,10.5));
#8981=CARTESIAN_POINT('',(25.,6.5,10.5));
#8982=CARTESIAN_POINT('Origin',(24.5,6.5,10.5));
#8983=CARTESIAN_POINT('Origin',(22.,6.5,10.5));
#8984=CARTESIAN_POINT('Origin',(22.,7.,10.5));
#8985=CARTESIAN_POINT('Origin',(24.5,6.5,0.));
#8986=CARTESIAN_POINT('',(24.5,7.,17.));
#8987=CARTESIAN_POINT('',(25.,6.5,17.));
#8988=CARTESIAN_POINT('Origin',(24.5,6.5,17.));
#8989=CARTESIAN_POINT('',(25.,6.5,0.));
#8990=CARTESIAN_POINT('',(24.5,7.,0.));
#8991=CARTESIAN_POINT('Origin',(22.,6.5,17.));
#8992=CARTESIAN_POINT('',(22.,7.,19.5));
#8993=CARTESIAN_POINT('',(22.,6.5,20.));
#8994=CARTESIAN_POINT('Origin',(22.,6.5,19.5));
#8995=CARTESIAN_POINT('Origin',(22.,6.5,17.));
#8996=CARTESIAN_POINT('Origin',(22.,7.,17.));
#8997=CARTESIAN_POINT('Origin',(10.25,6.5,19.5));
#8998=CARTESIAN_POINT('',(10.25,6.5,20.));
#8999=CARTESIAN_POINT('',(10.25,7.,19.5));
#9000=CARTESIAN_POINT('Origin',(7.5,9.175,-19.5));
#9001=CARTESIAN_POINT('',(8.,9.9,-19.5));
#9002=CARTESIAN_POINT('',(8.,9.175,-19.5));
#9003=CARTESIAN_POINT('',(7.5,10.4,-20.));
#9004=CARTESIAN_POINT('',(7.5,9.175,-20.));
#9005=CARTESIAN_POINT('Origin',(7.5,10.4,-19.5));
#9006=CARTESIAN_POINT('Origin',(22.,10.4,17.));
#9007=CARTESIAN_POINT('',(24.5,9.9,17.));
#9008=CARTESIAN_POINT('',(25.,10.4,17.));
#9009=CARTESIAN_POINT('Origin',(24.5,10.4,17.));
#9010=CARTESIAN_POINT('Origin',(22.,10.4,17.));
#9011=CARTESIAN_POINT('Origin',(22.,9.9,17.));
#9012=CARTESIAN_POINT('Origin',(24.5,10.4,0.));
#9013=CARTESIAN_POINT('',(24.5,9.9,10.5));
#9014=CARTESIAN_POINT('',(25.,10.4,10.5));
#9015=CARTESIAN_POINT('Origin',(24.5,10.4,10.5));
#9016=CARTESIAN_POINT('',(25.,10.4,0.));
#9017=CARTESIAN_POINT('',(24.5,9.9,0.));
#9018=CARTESIAN_POINT('Origin',(22.,10.4,10.5));
#9019=CARTESIAN_POINT('',(22.,9.9,8.));
#9020=CARTESIAN_POINT('',(22.,10.4,7.5));
#9021=CARTESIAN_POINT('Origin',(22.,10.4,8.));
#9022=CARTESIAN_POINT('Origin',(22.,10.4,10.5));
#9023=CARTESIAN_POINT('Origin',(22.,9.9,10.5));
#9024=CARTESIAN_POINT('Origin',(25.,10.4,8.));
#9025=CARTESIAN_POINT('',(17.3,9.9,8.));
#9026=CARTESIAN_POINT('',(17.3,10.4,7.5));
#9027=CARTESIAN_POINT('Origin',(17.3,10.4,8.));
#9028=CARTESIAN_POINT('',(25.,10.4,7.5));
#9029=CARTESIAN_POINT('',(25.,9.9,8.));
#9030=CARTESIAN_POINT('Origin',(17.3,10.4,4.5));
#9031=CARTESIAN_POINT('',(13.8,9.9,4.5));
#9032=CARTESIAN_POINT('',(14.3,10.4,4.5));
#9033=CARTESIAN_POINT('Origin',(13.8,10.4,4.5));
#9034=CARTESIAN_POINT('Origin',(17.3,10.4,4.5));
#9035=CARTESIAN_POINT('Origin',(17.3,9.9,4.5));
#9036=CARTESIAN_POINT('Origin',(13.8,10.4,3.75));
#9037=CARTESIAN_POINT('',(13.8,9.9,-4.5));
#9038=CARTESIAN_POINT('',(14.3,10.4,-4.5));
#9039=CARTESIAN_POINT('Origin',(13.8,10.4,-4.5));
#9040=CARTESIAN_POINT('',(14.3,10.4,3.75));
#9041=CARTESIAN_POINT('',(13.8,9.9,3.75));
#9042=CARTESIAN_POINT('Origin',(17.3,10.4,-4.5));
#9043=CARTESIAN_POINT('',(17.3,9.9,-8.));
#9044=CARTESIAN_POINT('',(17.3,10.4,-7.5));
#9045=CARTESIAN_POINT('Origin',(17.3,10.4,-8.));
#9046=CARTESIAN_POINT('Origin',(17.3,10.4,-4.5));
#9047=CARTESIAN_POINT('Origin',(17.3,9.9,-4.5));
#9048=CARTESIAN_POINT('Origin',(19.65,10.4,-8.));
#9049=CARTESIAN_POINT('',(22.,9.9,-8.));
#9050=CARTESIAN_POINT('',(22.,10.4,-7.5));
#9051=CARTESIAN_POINT('Origin',(22.,10.4,-8.));
#9052=CARTESIAN_POINT('',(19.65,10.4,-7.5));
#9053=CARTESIAN_POINT('',(19.65,9.9,-8.));
#9054=CARTESIAN_POINT('Origin',(22.,10.4,-10.5));
#9055=CARTESIAN_POINT('',(24.5,9.9,-10.5));
#9056=CARTESIAN_POINT('',(25.,10.4,-10.5));
#9057=CARTESIAN_POINT('Origin',(24.5,10.4,-10.5));
#9058=CARTESIAN_POINT('Origin',(22.,10.4,-10.5));
#9059=CARTESIAN_POINT('Origin',(22.,9.9,-10.5));
#9060=CARTESIAN_POINT('Origin',(24.5,10.4,0.));
#9061=CARTESIAN_POINT('',(24.5,9.9,-17.));
#9062=CARTESIAN_POINT('',(25.,10.4,-17.));
#9063=CARTESIAN_POINT('Origin',(24.5,10.4,-17.));
#9064=CARTESIAN_POINT('',(25.,10.4,0.));
#9065=CARTESIAN_POINT('',(24.5,9.9,0.));
#9066=CARTESIAN_POINT('Origin',(22.,10.4,-17.));
#9067=CARTESIAN_POINT('',(22.,9.9,-19.5));
#9068=CARTESIAN_POINT('',(22.,10.4,-20.));
#9069=CARTESIAN_POINT('Origin',(22.,10.4,-19.5));
#9070=CARTESIAN_POINT('Origin',(22.,10.4,-17.));
#9071=CARTESIAN_POINT('Origin',(22.,9.9,-17.));
#9072=CARTESIAN_POINT('Origin',(18.75,10.4,-19.5));
#9073=CARTESIAN_POINT('',(18.75,10.4,-20.));
#9074=CARTESIAN_POINT('',(18.75,9.9,-19.5));
#9075=CARTESIAN_POINT('Origin',(22.,12.675,17.));
#9076=CARTESIAN_POINT('',(25.,16.4,17.));
#9077=CARTESIAN_POINT('',(25.,12.675,17.));
#9078=CARTESIAN_POINT('',(22.,16.4,20.));
#9079=CARTESIAN_POINT('Origin',(22.,16.4,17.));
#9080=CARTESIAN_POINT('',(22.,12.675,20.));
#9081=CARTESIAN_POINT('Origin',(25.,16.9,0.));
#9082=CARTESIAN_POINT('',(25.,16.4,10.5));
#9083=CARTESIAN_POINT('',(25.,16.9,10.5));
#9084=CARTESIAN_POINT('',(25.,16.4,0.));
#9085=CARTESIAN_POINT('Origin',(22.,16.9,10.5));
#9086=CARTESIAN_POINT('',(22.,16.4,7.5));
#9087=CARTESIAN_POINT('',(22.,16.9,7.5));
#9088=CARTESIAN_POINT('Origin',(22.,16.4,10.5));
#9089=CARTESIAN_POINT('Origin',(25.,16.9,7.5));
#9090=CARTESIAN_POINT('',(17.3,16.4,7.5));
#9091=CARTESIAN_POINT('',(17.3,16.9,7.5));
#9092=CARTESIAN_POINT('',(12.5,16.4,7.5));
#9093=CARTESIAN_POINT('Origin',(17.3,16.9,4.5));
#9094=CARTESIAN_POINT('',(14.3,16.4,4.5));
#9095=CARTESIAN_POINT('',(14.3,16.9,4.5));
#9096=CARTESIAN_POINT('Origin',(17.3,16.4,4.5));
#9097=CARTESIAN_POINT('Origin',(14.3,16.9,7.5));
#9098=CARTESIAN_POINT('',(14.3,16.4,-4.5));
#9099=CARTESIAN_POINT('',(14.3,16.9,-4.5));
#9100=CARTESIAN_POINT('',(14.3,16.4,3.75));
#9101=CARTESIAN_POINT('Origin',(17.3,16.9,-4.5));
#9102=CARTESIAN_POINT('',(17.3,16.4,-7.5));
#9103=CARTESIAN_POINT('',(17.3,16.9,-7.5));
#9104=CARTESIAN_POINT('Origin',(17.3,16.4,-4.5));
#9105=CARTESIAN_POINT('Origin',(14.3,16.9,-7.5));
#9106=CARTESIAN_POINT('',(22.,16.4,-7.5));
#9107=CARTESIAN_POINT('',(22.,16.9,-7.5));
#9108=CARTESIAN_POINT('',(7.15,16.4,-7.5));
#9109=CARTESIAN_POINT('Origin',(22.,16.9,-10.5));
#9110=CARTESIAN_POINT('',(25.,16.4,-10.5));
#9111=CARTESIAN_POINT('',(25.,16.9,-10.5));
#9112=CARTESIAN_POINT('Origin',(22.,16.4,-10.5));
#9113=CARTESIAN_POINT('Origin',(25.,16.9,0.));
#9114=CARTESIAN_POINT('',(25.,16.4,-17.));
#9115=CARTESIAN_POINT('',(25.,12.675,-17.));
#9116=CARTESIAN_POINT('',(25.,16.4,0.));
#9117=CARTESIAN_POINT('Origin',(22.,12.675,-17.));
#9118=CARTESIAN_POINT('',(22.,16.4,-20.));
#9119=CARTESIAN_POINT('',(22.,12.675,-20.));
#9120=CARTESIAN_POINT('Origin',(22.,16.4,-17.));
#9121=CARTESIAN_POINT('Origin',(12.5,8.45,-20.));
#9122=CARTESIAN_POINT('',(22.,0.5,-20.));
#9123=CARTESIAN_POINT('',(22.,7.725,-20.));
#9124=CARTESIAN_POINT('',(2.99999999999999,0.5,-20.));
#9125=CARTESIAN_POINT('',(18.75,0.5,-20.));
#9126=CARTESIAN_POINT('',(3.,16.4,-20.));
#9127=CARTESIAN_POINT('',(2.99999999999999,4.225,-20.));
#9128=CARTESIAN_POINT('',(6.25,16.4,-20.));
#9129=CARTESIAN_POINT('Origin',(8.,7.,0.));
#9130=CARTESIAN_POINT('',(8.,7.,0.));
#9131=CARTESIAN_POINT('',(15.5604722665004,7.,9.21454196307588));
#9132=CARTESIAN_POINT('',(13.8,7.,10.6917535925942));
#9133=CARTESIAN_POINT('Origin',(15.3,7.,10.6917535925942));
#9134=CARTESIAN_POINT('',(19.7604722665004,7.,9.95511528205143));
#9135=CARTESIAN_POINT('',(10.5195103706972,7.,8.32568437212247));
#9136=CARTESIAN_POINT('',(21.,7.,11.4323269115697));
#9137=CARTESIAN_POINT('Origin',(19.5,7.,11.4323269115697));
#9138=CARTESIAN_POINT('',(21.,7.,16.0676730884302));
#9139=CARTESIAN_POINT('',(21.,7.,5.29661364019623));
#9140=CARTESIAN_POINT('',(19.7604722665004,7.,17.5448847179486));
#9141=CARTESIAN_POINT('Origin',(19.5,7.,16.0676730884302));
#9142=CARTESIAN_POINT('',(15.5604722665004,7.,18.2854580369241));
#9143=CARTESIAN_POINT('',(15.9708988560611,7.,18.2130887555844));
#9144=CARTESIAN_POINT('',(13.8,7.,16.8082464074058));
#9145=CARTESIAN_POINT('Origin',(15.3,7.,16.8082464074058));
#9146=CARTESIAN_POINT('',(13.8,7.,8.99999999999999));
#9147=CARTESIAN_POINT('',(13.8,7.,-10.6917535925942));
#9148=CARTESIAN_POINT('',(15.5604722665004,7.,-9.21454196307588));
#9149=CARTESIAN_POINT('Origin',(15.3,7.,-10.6917535925942));
#9150=CARTESIAN_POINT('',(13.8,7.,-16.8082464074058));
#9151=CARTESIAN_POINT('',(13.8,7.,-8.99999999999999));
#9152=CARTESIAN_POINT('',(15.5604722665004,7.,-18.2854580369241));
#9153=CARTESIAN_POINT('Origin',(15.3,7.,-16.8082464074058));
#9154=CARTESIAN_POINT('',(19.7604722665004,7.,-17.5448847179486));
#9155=CARTESIAN_POINT('',(15.9708988560611,7.,-18.2130887555844));
#9156=CARTESIAN_POINT('',(21.,7.,-16.0676730884302));
#9157=CARTESIAN_POINT('Origin',(19.5,7.,-16.0676730884302));
#9158=CARTESIAN_POINT('',(21.,7.,-11.4323269115697));
#9159=CARTESIAN_POINT('',(21.,7.,-5.29661364019623));
#9160=CARTESIAN_POINT('',(19.7604722665004,7.,-9.95511528205143));
#9161=CARTESIAN_POINT('Origin',(19.5,7.,-11.4323269115697));
#9162=CARTESIAN_POINT('',(10.5195103706972,7.,-8.32568437212247));
#9163=CARTESIAN_POINT('Origin',(8.,9.9,0.));
#9164=CARTESIAN_POINT('',(8.,9.9,0.));
#9165=CARTESIAN_POINT('Origin',(4.5,18.5,-0.5));
#9166=CARTESIAN_POINT('',(5.,24.5,-0.5));
#9167=CARTESIAN_POINT('',(4.5,24.5,0.));
#9168=CARTESIAN_POINT('Origin',(4.5,24.5,-0.5));
#9169=CARTESIAN_POINT('',(4.5,21.9,0.));
#9170=CARTESIAN_POINT('',(4.5,18.5,0.));
#9171=CARTESIAN_POINT('',(5.,21.9,-0.5));
#9172=CARTESIAN_POINT('Origin',(4.5,21.9,-0.5));
#9173=CARTESIAN_POINT('',(5.,18.5,-0.5));
#9174=CARTESIAN_POINT('Ctrl Pts',(4.5,21.9,0.));
#9175=CARTESIAN_POINT('Ctrl Pts',(4.5,20.7780026237179,0.));
#9176=CARTESIAN_POINT('Ctrl Pts',(5.22030018602793,18.9145132786171,0.654818350934481));
#9177=CARTESIAN_POINT('Ctrl Pts',(7.53418353160779,17.2419020804127,2.75834866509799));
#9178=CARTESIAN_POINT('Ctrl Pts',(9.17720192405982,16.9,4.25200174914529));
#9179=CARTESIAN_POINT('Ctrl Pts',(10.,16.9,5.));
#9180=CARTESIAN_POINT('Ctrl Pts',(4.63089969389957,21.9,0.));
#9181=CARTESIAN_POINT('Ctrl Pts',(4.63089969389957,20.8076666142333,3.17030065842335E-17));
#9182=CARTESIAN_POINT('Ctrl Pts',(5.30988671865522,18.970877307898,0.615779163208821));
#9183=CARTESIAN_POINT('Ctrl Pts',(7.5714707122413,17.2520213345041,2.72062108811002));
#9184=CARTESIAN_POINT('Ctrl Pts',(9.18966856157406,16.9,4.23953511163104));
#9185=CARTESIAN_POINT('Ctrl Pts',(10.,16.9,5.));
#9186=CARTESIAN_POINT('Ctrl Pts',(4.89163714307293,21.9,-0.108362856927071));
#9187=CARTESIAN_POINT('Ctrl Pts',(4.89163714307293,20.8413386266203,-0.108362856927071));
#9188=CARTESIAN_POINT('Ctrl Pts',(5.48920590893482,19.0319144016489,0.489205908934812));
#9189=CARTESIAN_POINT('Ctrl Pts',(7.6462554140634,17.2612644501569,2.6462554140634));
#9190=CARTESIAN_POINT('Ctrl Pts',(9.21460183660255,16.9,4.21460183660255));
#9191=CARTESIAN_POINT('Ctrl Pts',(10.,16.9,5.));
#9192=CARTESIAN_POINT('Ctrl Pts',(5.,21.9,-0.369100306100426));
#9193=CARTESIAN_POINT('Ctrl Pts',(5.,20.8076666142333,-0.369100306100426));
#9194=CARTESIAN_POINT('Ctrl Pts',(5.61577916320882,18.970877307898,0.309886718655214));
#9195=CARTESIAN_POINT('Ctrl Pts',(7.72062108811002,17.2520213345041,2.57147071224129));
#9196=CARTESIAN_POINT('Ctrl Pts',(9.23953511163105,16.9,4.18966856157405));
#9197=CARTESIAN_POINT('Ctrl Pts',(10.,16.9,5.));
#9198=CARTESIAN_POINT('Ctrl Pts',(5.,21.9,-0.5));
#9199=CARTESIAN_POINT('Ctrl Pts',(5.,20.7780026237179,-0.500000000000002));
#9200=CARTESIAN_POINT('Ctrl Pts',(5.65481835093449,18.9145132786171,0.220300186027921));
#9201=CARTESIAN_POINT('Ctrl Pts',(7.75834866509799,17.2419020804127,2.53418353160779));
#9202=CARTESIAN_POINT('Ctrl Pts',(9.25200174914529,16.9,4.17720192405981));
#9203=CARTESIAN_POINT('Ctrl Pts',(10.,16.9,5.));
#9204=CARTESIAN_POINT('Origin',(10.,21.9,5.));
#9205=CARTESIAN_POINT('Origin',(10.,21.9,5.));
#9206=CARTESIAN_POINT('Origin',(-1.5,0.5,0.757359312880723));
#9207=CARTESIAN_POINT('',(-2.,0.5,0.757359312880719));
#9208=CARTESIAN_POINT('',(-1.81818181818182,0.500000000000017,1.14305392080065));
#9209=CARTESIAN_POINT('Origin',(-1.5,0.5,0.757359312880719));
#9210=CARTESIAN_POINT('',(-1.5,1.07852076885685E-33,0.757359312880724));
#9211=CARTESIAN_POINT('Origin',(-1.5,0.5,0.757359312880723));
#9212=CARTESIAN_POINT('Origin',(-1.5,0.500000000000017,0.757359312880721));
#9213=CARTESIAN_POINT('Origin',(-1.5,0.500000000000017,-6.75735931288072));
#9214=CARTESIAN_POINT('',(-2.,0.5,-6.75735931288072));
#9215=CARTESIAN_POINT('',(-1.5,0.,-6.75735931288072));
#9216=CARTESIAN_POINT('Origin',(-1.5,0.5,-6.75735931288072));
#9217=CARTESIAN_POINT('',(-1.81818181818182,0.500000000000017,-7.14305392080066));
#9218=CARTESIAN_POINT('Origin',(-1.5,0.500000000000017,-6.75735931288072));
#9219=CARTESIAN_POINT('Origin',(-1.5,0.500000000000017,-6.75735931288072));
#9220=CARTESIAN_POINT('Origin',(-14.5,0.5,-0.5));
#9221=CARTESIAN_POINT('',(-14.5,0.5,0.));
#9222=CARTESIAN_POINT('',(-14.,0.5,-0.5));
#9223=CARTESIAN_POINT('Origin',(-14.5,0.5,-0.5));
#9224=CARTESIAN_POINT('',(-14.5,0.,-0.5));
#9225=CARTESIAN_POINT('Origin',(-14.5,0.5,-0.5));
#9226=CARTESIAN_POINT('Origin',(-14.5,0.5,-0.5));
#9227=CARTESIAN_POINT('Origin',(-22.,10.,-0.5));
#9228=CARTESIAN_POINT('',(-31.5,10.,0.));
#9229=CARTESIAN_POINT('',(-32.,10.,-0.5));
#9230=CARTESIAN_POINT('Origin',(-31.5,10.,-0.5));
#9231=CARTESIAN_POINT('',(-22.,0.,-0.5));
#9232=CARTESIAN_POINT('Origin',(-22.,10.,-0.5));
#9233=CARTESIAN_POINT('',(-22.,0.499999999999999,0.));
#9234=CARTESIAN_POINT('Origin',(-22.,0.499999999999999,-0.5));
#9235=CARTESIAN_POINT('Origin',(-22.,10.,0.));
#9236=CARTESIAN_POINT('Origin',(-13.75,0.5,-0.5));
#9237=CARTESIAN_POINT('',(-13.75,0.,-0.5));
#9238=CARTESIAN_POINT('',(-13.75,0.5,0.));
#9239=CARTESIAN_POINT('Origin',(-14.5,0.5,-5.5));
#9240=CARTESIAN_POINT('',(-14.,0.5,-5.5));
#9241=CARTESIAN_POINT('',(-14.5,0.5,-6.));
#9242=CARTESIAN_POINT('Origin',(-14.5,0.5,-5.5));
#9243=CARTESIAN_POINT('',(-14.5,0.,-5.5));
#9244=CARTESIAN_POINT('Origin',(-14.5,0.5,-5.5));
#9245=CARTESIAN_POINT('Origin',(-14.5,0.5,-5.5));
#9246=CARTESIAN_POINT('Origin',(-14.5,0.5,0.));
#9247=CARTESIAN_POINT('',(-14.,0.5,0.));
#9248=CARTESIAN_POINT('',(-14.5,0.,0.));
#9249=CARTESIAN_POINT('Origin',(-13.75,0.5,-5.5));
#9250=CARTESIAN_POINT('',(-22.,0.,-5.5));
#9251=CARTESIAN_POINT('',(-22.,0.5,-6.));
#9252=CARTESIAN_POINT('Origin',(-22.,0.5,-5.5));
#9253=CARTESIAN_POINT('',(-13.75,0.5,-6.));
#9254=CARTESIAN_POINT('',(-13.75,0.,-5.5));
#9255=CARTESIAN_POINT('Origin',(-22.,10.,-5.5));
#9256=CARTESIAN_POINT('',(-32.,10.,-5.5));
#9257=CARTESIAN_POINT('',(-31.5,10.,-6.));
#9258=CARTESIAN_POINT('Origin',(-31.5,10.,-5.5));
#9259=CARTESIAN_POINT('Origin',(-22.,10.,-6.));
#9260=CARTESIAN_POINT('Origin',(-22.,10.,-5.5));
#9261=CARTESIAN_POINT('Origin',(-31.5,11.25,-5.5));
#9262=CARTESIAN_POINT('',(-32.,22.,-5.5));
#9263=CARTESIAN_POINT('',(-31.5,22.,-6.));
#9264=CARTESIAN_POINT('Origin',(-31.5,22.,-5.5));
#9265=CARTESIAN_POINT('',(-31.5,11.25,-6.));
#9266=CARTESIAN_POINT('',(-32.,11.25,-5.5));
#9267=CARTESIAN_POINT('Origin',(-21.25,24.5,-5.5));
#9268=CARTESIAN_POINT('',(-29.,24.5,-6.));
#9269=CARTESIAN_POINT('',(-29.,25.,-5.5));
#9270=CARTESIAN_POINT('Origin',(-29.,24.5,-5.5));
#9271=CARTESIAN_POINT('',(4.5,25.,-5.5));
#9272=CARTESIAN_POINT('',(-21.25,25.,-5.5));
#9273=CARTESIAN_POINT('',(4.5,24.5,-6.));
#9274=CARTESIAN_POINT('Origin',(4.5,24.5,-5.5));
#9275=CARTESIAN_POINT('',(-21.25,24.5,-6.));
#9276=CARTESIAN_POINT('Origin',(-29.,22.,-5.5));
#9277=CARTESIAN_POINT('Origin',(-29.,22.,-6.));
#9278=CARTESIAN_POINT('Origin',(-29.,22.,-5.5));
#9279=CARTESIAN_POINT('Origin',(-1.5,6.25,-6.75735931288072));
#9280=CARTESIAN_POINT('',(-2.,9.99999999999999,-6.75735931288072));
#9281=CARTESIAN_POINT('',(-1.81818181818182,9.99999999999999,-7.14305392080066));
#9282=CARTESIAN_POINT('Origin',(-1.5,9.99999999999999,-6.75735931288072));
#9283=CARTESIAN_POINT('',(-1.81818181818182,6.25,-7.14305392080066));
#9284=CARTESIAN_POINT('',(-2.,6.25,-6.75735931288072));
#9285=CARTESIAN_POINT('Ctrl Pts',(-4.99999999997021,15.7662812973183,-6.));
#9286=CARTESIAN_POINT('Ctrl Pts',(-4.16749013039229,15.2898420762705,-6.00000000000496));
#9287=CARTESIAN_POINT('Ctrl Pts',(-2.98419632102133,14.1396930469429,-6.34698849671123));
#9288=CARTESIAN_POINT('Ctrl Pts',(-2.02493481215922,12.0569420820845,-6.96229457496062));
#9289=CARTESIAN_POINT('Ctrl Pts',(-1.81818181818182,10.6881899859505,-7.14305392080066));
#9290=CARTESIAN_POINT('Ctrl Pts',(-1.81818181818182,9.99999999999999,-7.14305392080066));
#9291=CARTESIAN_POINT('Ctrl Pts',(-5.06041524330903,15.6501575347404,-5.99999999999964));
#9292=CARTESIAN_POINT('Ctrl Pts',(-4.24357178363548,15.1890675715866,-5.98971340871405));
#9293=CARTESIAN_POINT('Ctrl Pts',(-3.06168173308257,14.0720948872393,-6.31267415016562));
#9294=CARTESIAN_POINT('Ctrl Pts',(-2.0859847860054,12.0265454168725,-6.91669109094969));
#9295=CARTESIAN_POINT('Ctrl Pts',(-1.8748160139992,10.6781114733321,-7.09633309290622));
#9296=CARTESIAN_POINT('Ctrl Pts',(-1.8748160139992,9.99999999999999,-7.09633309290622));
#9297=CARTESIAN_POINT('Ctrl Pts',(-5.18076607810072,15.418831945483,-5.89165983594657));
#9298=CARTESIAN_POINT('Ctrl Pts',(-4.37654640492424,14.9877558318722,-5.87284117318959));
#9299=CARTESIAN_POINT('Ctrl Pts',(-3.18553644698788,13.9368655551825,-6.18374083382524));
#9300=CARTESIAN_POINT('Ctrl Pts',(-2.18456137414675,11.9655032542392,-6.79506895034599));
#9301=CARTESIAN_POINT('Ctrl Pts',(-1.96712574046686,10.6579708731305,-6.97756449871465));
#9302=CARTESIAN_POINT('Ctrl Pts',(-1.96712574046686,9.99999999999999,-6.97756449871465));
#9303=CARTESIAN_POINT('Ctrl Pts',(-5.23076923073959,15.3227211975249,-5.63089969389935));
#9304=CARTESIAN_POINT('Ctrl Pts',(-4.4026872778348,14.892133679503,-5.62443288638647));
#9305=CARTESIAN_POINT('Ctrl Pts',(-3.20354557759564,13.8470742781073,-5.98240294959478));
#9306=CARTESIAN_POINT('Ctrl Pts',(-2.21404391498439,11.9176044834516,-6.63729708422218));
#9307=CARTESIAN_POINT('Ctrl Pts',(-2.,10.6416551629645,-6.83077775671484));
#9308=CARTESIAN_POINT('Ctrl Pts',(-2.,9.99999999999999,-6.83077775671484));
#9309=CARTESIAN_POINT('Ctrl Pts',(-5.23076923073898,15.3227211975246,-5.5));
#9310=CARTESIAN_POINT('Ctrl Pts',(-4.38545151701372,14.8829311473266,-5.50000000000546));
#9311=CARTESIAN_POINT('Ctrl Pts',(-3.18395318749859,13.821255120255,-5.88168734638235));
#9312=CARTESIAN_POINT('Ctrl Pts',(-2.20993380926937,11.898715768078,-6.55852403245668));
#9313=CARTESIAN_POINT('Ctrl Pts',(-2.,10.6352522947235,-6.75735931288072));
#9314=CARTESIAN_POINT('Ctrl Pts',(-2.,9.99999999999999,-6.75735931288072));
#9315=CARTESIAN_POINT('',(-5.23076923073898,15.3227211975246,-5.5));
#9316=CARTESIAN_POINT('Ctrl Pts',(-2.,9.99999999999999,-6.75735931288072));
#9317=CARTESIAN_POINT('Ctrl Pts',(-2.,10.6352522947235,-6.75735931288072));
#9318=CARTESIAN_POINT('Ctrl Pts',(-2.20993380926937,11.898715768078,-6.55852403245668));
#9319=CARTESIAN_POINT('Ctrl Pts',(-3.18395318749859,13.821255120255,-5.88168734638235));
#9320=CARTESIAN_POINT('Ctrl Pts',(-4.38545151701372,14.8829311473266,-5.50000000000546));
#9321=CARTESIAN_POINT('Ctrl Pts',(-5.23076923073898,15.3227211975246,-5.5));
#9322=CARTESIAN_POINT('',(-4.9999999999851,15.7662812973183,-6.));
#9323=CARTESIAN_POINT('Origin',(-4.99999999996723,15.7662812973183,-5.5));
#9324=CARTESIAN_POINT('Ctrl Pts',(-4.99999999997021,15.7662812973183,-6.));
#9325=CARTESIAN_POINT('Ctrl Pts',(-4.16749013039229,15.2898420762705,-6.00000000000496));
#9326=CARTESIAN_POINT('Ctrl Pts',(-2.98419632102133,14.1396930469429,-6.34698849671123));
#9327=CARTESIAN_POINT('Ctrl Pts',(-2.02493481215922,12.0569420820845,-6.96229457496062));
#9328=CARTESIAN_POINT('Ctrl Pts',(-1.81818181818182,10.6881899859505,-7.14305392080066));
#9329=CARTESIAN_POINT('Ctrl Pts',(-1.81818181818182,9.99999999999999,-7.14305392080066));
#9330=CARTESIAN_POINT('Origin',(-8.,9.99999999999999,-5.5));
#9331=CARTESIAN_POINT('',(-14.,9.99999999999999,-5.5));
#9332=CARTESIAN_POINT('',(-14.5,9.99999999999999,-6.));
#9333=CARTESIAN_POINT('Origin',(-14.5,9.99999999999999,-5.5));
#9334=CARTESIAN_POINT('Origin',(-8.,9.99999999999999,-6.));
#9335=CARTESIAN_POINT('Origin',(-8.,9.99999999999999,-5.5));
#9336=CARTESIAN_POINT('Origin',(-14.5,11.25,-5.5));
#9337=CARTESIAN_POINT('',(-14.5,11.25,-6.));
#9338=CARTESIAN_POINT('',(-14.,11.25,-5.5));
#9339=CARTESIAN_POINT('Origin',(-1.5,6.25,0.757359312880719));
#9340=CARTESIAN_POINT('',(-1.81818181818182,9.99999999999999,1.14305392080065));
#9341=CARTESIAN_POINT('',(-2.,9.99999999999999,0.757359312880719));
#9342=CARTESIAN_POINT('Origin',(-1.5,9.99999999999999,0.757359312880719));
#9343=CARTESIAN_POINT('',(-2.,6.25,0.757359312880719));
#9344=CARTESIAN_POINT('',(-1.81818181818182,6.25,1.14305392080065));
#9345=CARTESIAN_POINT('Ctrl Pts',(-5.2307692307605,15.3227211975358,-0.499999999999999));
#9346=CARTESIAN_POINT('Ctrl Pts',(-4.38547609987832,14.8829439369591,-0.499999999998425));
#9347=CARTESIAN_POINT('Ctrl Pts',(-3.1837780679619,13.821252626635,-0.118239695587417));
#9348=CARTESIAN_POINT('Ctrl Pts',(-2.20980964806786,11.8986302286862,0.558629263005967));
#9349=CARTESIAN_POINT('Ctrl Pts',(-2.,10.635233820831,0.757359312880719));
#9350=CARTESIAN_POINT('Ctrl Pts',(-2.,9.99999999999999,0.757359312880719));
#9351=CARTESIAN_POINT('Ctrl Pts',(-5.23076923076068,15.3227211975359,-0.369100306100491));
#9352=CARTESIAN_POINT('Ctrl Pts',(-4.40271135946276,14.8921462015147,-0.375566925554634));
#9353=CARTESIAN_POINT('Ctrl Pts',(-3.20338436758349,13.8470777749878,-0.0175360424298612));
#9354=CARTESIAN_POINT('Ctrl Pts',(-2.21392758231206,11.9175180747941,0.637396698187675));
#9355=CARTESIAN_POINT('Ctrl Pts',(-2.,10.641636502869,0.830777756714835));
#9356=CARTESIAN_POINT('Ctrl Pts',(-2.,9.99999999999999,0.830777756714835));
#9357=CARTESIAN_POINT('Ctrl Pts',(-5.18078108216816,15.4188031063089,-0.108307655284512));
#9358=CARTESIAN_POINT('Ctrl Pts',(-4.37658479665534,14.9877395289077,-0.1271257707758));
#9359=CARTESIAN_POINT('Ctrl Pts',(-3.18541279339007,13.9369131481776,0.183768483168399));
#9360=CARTESIAN_POINT('Ctrl Pts',(-2.18445865979422,11.9654351429247,0.79515389112567));
#9361=CARTESIAN_POINT('Ctrl Pts',(-1.96713016253015,10.6579517385546,0.977566583295281));
#9362=CARTESIAN_POINT('Ctrl Pts',(-1.96713016253015,9.99999999999999,0.977566583295281));
#9363=CARTESIAN_POINT('Ctrl Pts',(-5.06041524332983,15.6501575347522,-1.02800657963715E-13));
#9364=CARTESIAN_POINT('Ctrl Pts',(-4.24359553843443,15.1890809806467,-0.0102862921427953));
#9365=CARTESIAN_POINT('Ctrl Pts',(-3.0615190260404,14.0721042171808,0.312736642008657));
#9366=CARTESIAN_POINT('Ctrl Pts',(-2.085866909556,12.0264591037082,0.916790315988414));
#9367=CARTESIAN_POINT('Ctrl Pts',(-1.8748160139992,10.6780917530437,1.09633309290622));
#9368=CARTESIAN_POINT('Ctrl Pts',(-1.8748160139992,9.99999999999999,1.09633309290622));
#9369=CARTESIAN_POINT('Ctrl Pts',(-4.9999999999914,15.7662812973305,9.71445146547012E-16));
#9370=CARTESIAN_POINT('Ctrl Pts',(-4.16751434078927,15.2898559317057,1.43195472684812E-12));
#9371=CARTESIAN_POINT('Ctrl Pts',(-2.98402385481096,14.1396903455212,0.347054822193258));
#9372=CARTESIAN_POINT('Ctrl Pts',(-2.02481253218805,12.0568494144101,0.962390239096334));
#9373=CARTESIAN_POINT('Ctrl Pts',(-1.81818181818182,10.6881699725669,1.14305392080065));
#9374=CARTESIAN_POINT('Ctrl Pts',(-1.81818181818182,9.99999999999999,1.14305392080065));
#9375=CARTESIAN_POINT('',(-4.9999999999957,15.7662812973305,3.98986399474495E-16));
#9376=CARTESIAN_POINT('Ctrl Pts',(-1.81818181818182,9.99999999999999,1.14305392080065));
#9377=CARTESIAN_POINT('Ctrl Pts',(-1.81818181818182,10.6881699725669,1.14305392080065));
#9378=CARTESIAN_POINT('Ctrl Pts',(-2.02481253218805,12.0568494144101,0.962390239096334));
#9379=CARTESIAN_POINT('Ctrl Pts',(-2.98402385481096,14.1396903455212,0.347054822193258));
#9380=CARTESIAN_POINT('Ctrl Pts',(-4.16751434078927,15.2898559317057,1.43195472684812E-12));
#9381=CARTESIAN_POINT('Ctrl Pts',(-4.9999999999914,15.7662812973305,9.71445146547012E-16));
#9382=CARTESIAN_POINT('',(-5.2307692307605,15.3227211975358,-0.499999999999999));
#9383=CARTESIAN_POINT('Origin',(-4.99999999999055,15.7662812973305,-0.499999999999999));
#9384=CARTESIAN_POINT('Ctrl Pts',(-5.2307692307605,15.3227211975358,-0.499999999999999));
#9385=CARTESIAN_POINT('Ctrl Pts',(-4.38547609987832,14.8829439369591,-0.499999999998425));
#9386=CARTESIAN_POINT('Ctrl Pts',(-3.1837780679619,13.821252626635,-0.118239695587417));
#9387=CARTESIAN_POINT('Ctrl Pts',(-2.20980964806786,11.8986302286862,0.558629263005967));
#9388=CARTESIAN_POINT('Ctrl Pts',(-2.,10.635233820831,0.757359312880719));
#9389=CARTESIAN_POINT('Ctrl Pts',(-2.,9.99999999999999,0.757359312880719));
#9390=CARTESIAN_POINT('Origin',(-8.,9.99999999999999,-0.5));
#9391=CARTESIAN_POINT('',(-14.5,9.99999999999999,0.));
#9392=CARTESIAN_POINT('',(-14.,9.99999999999999,-0.5));
#9393=CARTESIAN_POINT('Origin',(-14.5,9.99999999999999,-0.5));
#9394=CARTESIAN_POINT('Origin',(-8.,9.99999999999999,-0.5));
#9395=CARTESIAN_POINT('Origin',(-8.,9.99999999999999,0.));
#9396=CARTESIAN_POINT('Origin',(-14.5,11.25,-0.5));
#9397=CARTESIAN_POINT('',(-14.,11.25,-0.5));
#9398=CARTESIAN_POINT('',(-14.5,11.25,0.));
#9399=CARTESIAN_POINT('Origin',(-5.00000000000001,0.500000000000017,5.));
#9400=CARTESIAN_POINT('',(0.49999999999999,1.69481835106077E-33,5.));
#9401=CARTESIAN_POINT('Origin',(0.49999999999999,0.500000000000017,5.));
#9402=CARTESIAN_POINT('Origin',(-5.00000000000001,0.500000000000017,5.));
#9403=CARTESIAN_POINT('Origin',(-5.00000000000001,0.,5.));
#9404=CARTESIAN_POINT('Origin',(0.499999999999992,0.5,0.));
#9405=CARTESIAN_POINT('',(0.499999999999992,0.,17.));
#9406=CARTESIAN_POINT('Origin',(0.499999999999992,0.5,17.));
#9407=CARTESIAN_POINT('',(0.499999999999992,0.,0.));
#9408=CARTESIAN_POINT('Origin',(2.99999999999999,0.500000000000013,17.));
#9409=CARTESIAN_POINT('',(2.99999999999999,0.,19.5));
#9410=CARTESIAN_POINT('',(2.99999999999999,0.500000000000013,20.));
#9411=CARTESIAN_POINT('Origin',(2.99999999999999,0.500000000000013,19.5));
#9412=CARTESIAN_POINT('Origin',(2.99999999999999,0.500000000000013,17.));
#9413=CARTESIAN_POINT('Origin',(2.99999999999999,0.,17.));
#9414=CARTESIAN_POINT('Origin',(18.75,0.5,19.5));
#9415=CARTESIAN_POINT('',(22.,1.00148357108136E-33,19.5));
#9416=CARTESIAN_POINT('',(22.,0.5,20.));
#9417=CARTESIAN_POINT('Origin',(22.,0.5,19.5));
#9418=CARTESIAN_POINT('',(18.75,0.5,20.));
#9419=CARTESIAN_POINT('',(18.75,0.,19.5));
#9420=CARTESIAN_POINT('Origin',(22.,0.5,17.));
#9421=CARTESIAN_POINT('',(24.5,7.70371977754895E-34,17.));
#9422=CARTESIAN_POINT('',(25.,0.5,17.));
#9423=CARTESIAN_POINT('Origin',(24.5,0.5,17.));
#9424=CARTESIAN_POINT('Origin',(22.,0.5,17.));
#9425=CARTESIAN_POINT('Origin',(22.,0.,17.));
#9426=CARTESIAN_POINT('Origin',(24.5,0.5,0.));
#9427=CARTESIAN_POINT('',(24.5,0.,10.5));
#9428=CARTESIAN_POINT('',(25.,0.5,10.5));
#9429=CARTESIAN_POINT('Origin',(24.5,0.5,10.5));
#9430=CARTESIAN_POINT('',(25.,0.5,0.));
#9431=CARTESIAN_POINT('',(24.5,0.,0.));
#9432=CARTESIAN_POINT('Origin',(22.,0.5,10.5));
#9433=CARTESIAN_POINT('',(22.,0.,8.));
#9434=CARTESIAN_POINT('',(22.,0.5,7.5));
#9435=CARTESIAN_POINT('Origin',(22.,0.5,8.));
#9436=CARTESIAN_POINT('Origin',(22.,0.5,10.5));
#9437=CARTESIAN_POINT('Origin',(22.,0.,10.5));
#9438=CARTESIAN_POINT('Origin',(25.,0.5,8.));
#9439=CARTESIAN_POINT('',(17.3,-2.37274569148508E-33,8.));
#9440=CARTESIAN_POINT('',(17.3,0.5,7.5));
#9441=CARTESIAN_POINT('Origin',(17.3,0.5,8.));
#9442=CARTESIAN_POINT('',(25.,0.5,7.5));
#9443=CARTESIAN_POINT('',(25.,0.,8.));
#9444=CARTESIAN_POINT('Origin',(17.3,0.500000000000005,4.5));
#9445=CARTESIAN_POINT('',(13.8,-1.07852076885685E-33,4.5));
#9446=CARTESIAN_POINT('',(14.3,0.500000000000005,4.5));
#9447=CARTESIAN_POINT('Origin',(13.8,0.500000000000005,4.5));
#9448=CARTESIAN_POINT('Origin',(17.3,0.500000000000005,4.5));
#9449=CARTESIAN_POINT('Origin',(17.3,0.,4.5));
#9450=CARTESIAN_POINT('Origin',(13.8,0.5,3.75));
#9451=CARTESIAN_POINT('',(13.8,0.,-4.5));
#9452=CARTESIAN_POINT('',(14.3,0.5,-4.5));
#9453=CARTESIAN_POINT('Origin',(13.8,0.5,-4.5));
#9454=CARTESIAN_POINT('',(14.3,0.5,3.75));
#9455=CARTESIAN_POINT('',(13.8,0.,3.75));
#9456=CARTESIAN_POINT('Origin',(17.3,0.500000000000005,-4.5));
#9457=CARTESIAN_POINT('',(17.3,-1.06910588403688E-49,-8.));
#9458=CARTESIAN_POINT('',(17.3,0.500000000000005,-7.5));
#9459=CARTESIAN_POINT('Origin',(17.3,0.500000000000005,-8.));
#9460=CARTESIAN_POINT('Origin',(17.3,0.500000000000005,-4.5));
#9461=CARTESIAN_POINT('Origin',(17.3,0.,-4.5));
#9462=CARTESIAN_POINT('Origin',(19.65,0.5,-8.));
#9463=CARTESIAN_POINT('',(22.,7.241496590896E-34,-8.));
#9464=CARTESIAN_POINT('',(22.,0.5,-7.5));
#9465=CARTESIAN_POINT('Origin',(22.,0.5,-8.));
#9466=CARTESIAN_POINT('',(19.65,0.5,-7.5));
#9467=CARTESIAN_POINT('',(19.65,0.,-8.));
#9468=CARTESIAN_POINT('Origin',(22.,0.5,-10.5));
#9469=CARTESIAN_POINT('',(24.5,7.70371977754894E-34,-10.5));
#9470=CARTESIAN_POINT('',(25.,0.5,-10.5));
#9471=CARTESIAN_POINT('Origin',(24.5,0.5,-10.5));
#9472=CARTESIAN_POINT('Origin',(22.,0.5,-10.5));
#9473=CARTESIAN_POINT('Origin',(22.,0.,-10.5));
#9474=CARTESIAN_POINT('Origin',(24.5,0.5,0.));
#9475=CARTESIAN_POINT('',(24.5,0.,-17.));
#9476=CARTESIAN_POINT('',(25.,0.5,-17.));
#9477=CARTESIAN_POINT('Origin',(24.5,0.5,-17.));
#9478=CARTESIAN_POINT('',(25.,0.5,0.));
#9479=CARTESIAN_POINT('',(24.5,0.,0.));
#9480=CARTESIAN_POINT('Origin',(22.,0.5,-17.));
#9481=CARTESIAN_POINT('',(22.,0.,-19.5));
#9482=CARTESIAN_POINT('Origin',(22.,0.5,-19.5));
#9483=CARTESIAN_POINT('Origin',(22.,0.5,-17.));
#9484=CARTESIAN_POINT('Origin',(22.,0.,-17.));
#9485=CARTESIAN_POINT('Origin',(18.75,0.5,-19.5));
#9486=CARTESIAN_POINT('',(2.99999999999999,-4.85334345985584E-33,-19.5));
#9487=CARTESIAN_POINT('Origin',(2.99999999999999,0.5,-19.5));
#9488=CARTESIAN_POINT('',(18.75,0.,-19.5));
#9489=CARTESIAN_POINT('Origin',(2.99999999999999,0.500000000000013,-17.));
#9490=CARTESIAN_POINT('',(0.499999999999991,-7.70371977754895E-34,-17.));
#9491=CARTESIAN_POINT('',(-8.78689211524895E-15,0.500000000000013,-17.));
#9492=CARTESIAN_POINT('Origin',(0.499999999999991,0.500000000000013,-17.));
#9493=CARTESIAN_POINT('Origin',(2.99999999999999,0.500000000000013,-17.));
#9494=CARTESIAN_POINT('Origin',(2.99999999999999,0.,-17.));
#9495=CARTESIAN_POINT('Origin',(0.499999999999992,0.5,0.));
#9496=CARTESIAN_POINT('',(0.499999999999992,0.,-11.));
#9497=CARTESIAN_POINT('',(-8.83217158302205E-15,0.5,-11.));
#9498=CARTESIAN_POINT('Origin',(0.499999999999992,0.5,-11.));
#9499=CARTESIAN_POINT('',(-8.67361737988404E-15,0.5,0.));
#9500=CARTESIAN_POINT('',(0.499999999999992,0.,0.));
#9501=CARTESIAN_POINT('Origin',(-5.00000000000001,0.500000000000017,-11.));
#9502=CARTESIAN_POINT('Origin',(-5.00000000000001,0.500000000000017,-11.));
#9503=CARTESIAN_POINT('Origin',(-5.00000000000001,0.,-11.));
#9504=CARTESIAN_POINT('Origin',(-1.5,0.5,0.));
#9505=CARTESIAN_POINT('',(-1.5,0.,0.));
#9506=CARTESIAN_POINT('',(-2.,0.5,0.));
#9507=CARTESIAN_POINT('Origin',(-31.5,11.25,-0.5));
#9508=CARTESIAN_POINT('',(-31.5,22.,0.));
#9509=CARTESIAN_POINT('',(-32.,22.,-0.5));
#9510=CARTESIAN_POINT('Origin',(-31.5,22.,-0.5));
#9511=CARTESIAN_POINT('',(-32.,11.25,-0.5));
#9512=CARTESIAN_POINT('',(-31.5,11.25,0.));
#9513=CARTESIAN_POINT('Origin',(-29.,22.,-0.5));
#9514=CARTESIAN_POINT('',(-29.,24.5,0.));
#9515=CARTESIAN_POINT('',(-29.,25.,-0.5));
#9516=CARTESIAN_POINT('Origin',(-29.,24.5,-0.5));
#9517=CARTESIAN_POINT('Origin',(-29.,22.,-0.5));
#9518=CARTESIAN_POINT('Origin',(-29.,22.,0.));
#9519=CARTESIAN_POINT('Origin',(-21.25,24.5,-0.5));
#9520=CARTESIAN_POINT('',(4.5,25.,-0.5));
#9521=CARTESIAN_POINT('Origin',(4.5,24.5,-0.5));
#9522=CARTESIAN_POINT('',(-21.25,25.,-0.5));
#9523=CARTESIAN_POINT('',(-21.25,24.5,0.));
#9524=CARTESIAN_POINT('Origin',(4.5,18.5,-5.5));
#9525=CARTESIAN_POINT('',(5.,24.5,-5.5));
#9526=CARTESIAN_POINT('Origin',(4.5,24.5,-5.5));
#9527=CARTESIAN_POINT('',(5.,21.9,-5.5));
#9528=CARTESIAN_POINT('',(5.,18.5,-5.5));
#9529=CARTESIAN_POINT('',(4.5,21.9,-6.));
#9530=CARTESIAN_POINT('Origin',(4.5,21.9,-5.5));
#9531=CARTESIAN_POINT('',(4.5,18.5,-6.));
#9532=CARTESIAN_POINT('Ctrl Pts',(10.,16.9,-11.));
#9533=CARTESIAN_POINT('Ctrl Pts',(8.76580288608973,16.9,-9.87800262371793));
#9534=CARTESIAN_POINT('Ctrl Pts',(6.71601796159074,17.5549519251585,-8.01456178326432));
#9535=CARTESIAN_POINT('Ctrl Pts',(4.87613322504532,19.6583913331636,-6.34193929549575));
#9536=CARTESIAN_POINT('Ctrl Pts',(4.5,21.1520017491453,-6.));
#9537=CARTESIAN_POINT('Ctrl Pts',(4.5,21.9,-6.));
#9538=CARTESIAN_POINT('Ctrl Pts',(10.,16.9,-11.));
#9539=CARTESIAN_POINT('Ctrl Pts',(8.7845028423611,16.9,-9.85930266744656));
#9540=CARTESIAN_POINT('Ctrl Pts',(6.76573272189809,17.5810990470237,-7.96559385064293));
#9541=CARTESIAN_POINT('Ctrl Pts',(4.98402079221886,19.71237239668,-6.32004084380158));
#9542=CARTESIAN_POINT('Ctrl Pts',(4.63089969389957,21.1717777428222,-6.));
#9543=CARTESIAN_POINT('Ctrl Pts',(4.63089969389957,21.9,-6.));
#9544=CARTESIAN_POINT('Ctrl Pts',(10.,16.9,-11.));
#9545=CARTESIAN_POINT('Ctrl Pts',(8.82190275490383,16.9,-9.82190275490384));
#9546=CARTESIAN_POINT('Ctrl Pts',(6.86574665547327,17.6068505332807,-7.86574665547327));
#9547=CARTESIAN_POINT('Ctrl Pts',(5.19953628051456,19.7725717434547,-6.19953628051457));
#9548=CARTESIAN_POINT('Ctrl Pts',(4.89161602977091,21.1942257510802,-5.89161602977091));
#9549=CARTESIAN_POINT('Ctrl Pts',(4.89161602977091,21.9,-5.89161602977091));
#9550=CARTESIAN_POINT('Ctrl Pts',(10.,16.9,-11.));
#9551=CARTESIAN_POINT('Ctrl Pts',(8.85930266744657,16.9,-9.78450284236109));
#9552=CARTESIAN_POINT('Ctrl Pts',(6.96559385064293,17.5810990470237,-7.76573272189809));
#9553=CARTESIAN_POINT('Ctrl Pts',(5.32004084380158,19.71237239668,-5.98402079221886));
#9554=CARTESIAN_POINT('Ctrl Pts',(5.,21.1717777428222,-5.63089969389958));
#9555=CARTESIAN_POINT('Ctrl Pts',(5.,21.9,-5.63089969389958));
#9556=CARTESIAN_POINT('Ctrl Pts',(10.,16.9,-11.));
#9557=CARTESIAN_POINT('Ctrl Pts',(8.87800262371794,16.9,-9.76580288608972));
#9558=CARTESIAN_POINT('Ctrl Pts',(7.01456178326432,17.5549519251585,-7.71601796159074));
#9559=CARTESIAN_POINT('Ctrl Pts',(5.34193929549575,19.6583913331636,-5.87613322504532));
#9560=CARTESIAN_POINT('Ctrl Pts',(5.,21.1520017491453,-5.5));
#9561=CARTESIAN_POINT('Ctrl Pts',(5.,21.9,-5.50000000000001));
#9562=CARTESIAN_POINT('Origin',(10.,21.9,-11.));
#9563=CARTESIAN_POINT('Origin',(10.,21.9,-11.));
#9564=CARTESIAN_POINT('Origin',(4.5,24.5,-5.5));
#9565=CARTESIAN_POINT('Origin',(4.5,24.5,-5.5));
#9566=CARTESIAN_POINT('Origin',(4.5,24.5,-0.5));
#9567=CARTESIAN_POINT('Origin',(4.5,24.5,-0.5));
#9568=CARTESIAN_POINT('Origin',(-2.,0.,0.));
#9569=CARTESIAN_POINT('',(-2.,9.99999999999999,0.));
#9570=CARTESIAN_POINT('Origin',(-8.,9.99999999999999,0.));
#9571=CARTESIAN_POINT('',(-14.,9.99999999999999,0.));
#9572=CARTESIAN_POINT('Origin',(12.5,8.45,20.));
#9573=CARTESIAN_POINT('',(3.,16.4,20.));
#9574=CARTESIAN_POINT('',(6.25,16.4,20.));
#9575=CARTESIAN_POINT('',(2.99999999999999,4.225,20.));
#9576=CARTESIAN_POINT('',(22.,7.725,20.));
#9577=CARTESIAN_POINT('Origin',(22.,7.725,17.));
#9578=CARTESIAN_POINT('',(25.,7.725,17.));
#9579=CARTESIAN_POINT('Origin',(25.,7.,0.));
#9580=CARTESIAN_POINT('',(25.,11.95,10.5));
#9581=CARTESIAN_POINT('Origin',(22.,11.95,10.5));
#9582=CARTESIAN_POINT('',(22.,11.95,7.5));
#9583=CARTESIAN_POINT('Origin',(25.,16.9,7.5));
#9584=CARTESIAN_POINT('',(17.3,16.9,7.5));
#9585=CARTESIAN_POINT('Origin',(17.3,16.9,4.5));
#9586=CARTESIAN_POINT('',(14.3,16.9,4.5));
#9587=CARTESIAN_POINT('Origin',(14.3,16.9,7.5));
#9588=CARTESIAN_POINT('',(14.3,16.9,-4.5));
#9589=CARTESIAN_POINT('Origin',(17.3,16.9,-4.5));
#9590=CARTESIAN_POINT('',(17.3,16.9,-7.5));
#9591=CARTESIAN_POINT('Origin',(14.3,16.9,-7.5));
#9592=CARTESIAN_POINT('',(22.,11.95,-7.5));
#9593=CARTESIAN_POINT('Origin',(22.,11.95,-10.5));
#9594=CARTESIAN_POINT('',(25.,11.95,-10.5));
#9595=CARTESIAN_POINT('Origin',(25.,7.,0.));
#9596=CARTESIAN_POINT('',(25.,7.725,-17.));
#9597=CARTESIAN_POINT('Origin',(22.,7.725,-17.));
#9598=CARTESIAN_POINT('Origin',(2.99999999999999,4.225,-17.));
#9599=CARTESIAN_POINT('',(2.85942269507679E-16,16.4,-17.));
#9600=CARTESIAN_POINT('',(-6.66133814775094E-15,4.225,-17.));
#9601=CARTESIAN_POINT('Origin',(3.,16.4,-17.));
#9602=CARTESIAN_POINT('Origin',(-8.95823712651037E-15,0.,0.));
#9603=CARTESIAN_POINT('',(2.40662801734591E-16,16.4,-11.));
#9604=CARTESIAN_POINT('',(-5.55111512312578E-15,6.24999999999999,-11.));
#9605=CARTESIAN_POINT('',(4.16333634234434E-16,16.4,0.));
#9606=CARTESIAN_POINT('Origin',(-5.00000000000001,6.25,-11.));
#9607=CARTESIAN_POINT('',(-5.,21.9,-6.));
#9608=CARTESIAN_POINT('',(-5.00000000000001,6.25,-6.));
#9609=CARTESIAN_POINT('Origin',(-5.,21.9,-11.));
#9610=CARTESIAN_POINT('Origin',(-13.5,12.5,-6.));
#9611=CARTESIAN_POINT('',(-6.75,21.9,-6.));
#9612=CARTESIAN_POINT('',(-24.6905989232415,21.,-6.));
#9613=CARTESIAN_POINT('',(-25.8452994616207,23.,-6.));
#9614=CARTESIAN_POINT('',(-21.4514700747944,15.3896642622275,-6.));
#9615=CARTESIAN_POINT('',(-28.1547005383793,23.,-6.));
#9616=CARTESIAN_POINT('',(-19.6726497308104,23.,-6.));
#9617=CARTESIAN_POINT('',(-29.3094010767585,21.,-6.));
#9618=CARTESIAN_POINT('',(-28.596179656016,22.2353357377724,-6.));
#9619=CARTESIAN_POINT('',(-28.1547005383793,19.,-6.));
#9620=CARTESIAN_POINT('',(-25.4929219591218,14.3896642622275,-6.));
#9621=CARTESIAN_POINT('',(-25.8452994616207,19.,-6.));
#9622=CARTESIAN_POINT('',(-20.8273502691896,19.,-6.));
#9623=CARTESIAN_POINT('',(-25.7094283100679,19.2353357377725,-6.));
#9624=CARTESIAN_POINT('',(-15.6905989232415,21.,-6.));
#9625=CARTESIAN_POINT('',(-16.8452994616207,23.,-6.));
#9626=CARTESIAN_POINT('',(-13.5764700747944,17.3382214207425,-6.));
#9627=CARTESIAN_POINT('',(-19.1547005383793,23.,-6.));
#9628=CARTESIAN_POINT('',(-15.1726497308104,23.,-6.));
#9629=CARTESIAN_POINT('',(-20.3094010767585,21.,-6.));
#9630=CARTESIAN_POINT('',(-20.721179656016,20.2867785792575,-6.));
#9631=CARTESIAN_POINT('',(-19.1547005383793,19.,-6.));
#9632=CARTESIAN_POINT('',(-17.6179219591218,16.3382214207425,-6.));
#9633=CARTESIAN_POINT('',(-16.8452994616207,19.,-6.));
#9634=CARTESIAN_POINT('',(-16.3273502691896,19.,-6.));
#9635=CARTESIAN_POINT('',(-17.8344283100679,17.2867785792575,-6.));
#9636=CARTESIAN_POINT('Origin',(-6.75,21.9,-11.));
#9637=CARTESIAN_POINT('Origin',(-5.,21.9,-11.));
#9638=CARTESIAN_POINT('Origin',(25.,7.70371977754894E-33,0.));
#9639=CARTESIAN_POINT('',(13.8,-4.62223186652937E-34,-16.8082464074058));
#9640=CARTESIAN_POINT('',(15.5604722665004,8.02642140376814E-35,-18.2854580369241));
#9641=CARTESIAN_POINT('Origin',(15.3,0.,-16.8082464074058));
#9642=CARTESIAN_POINT('',(13.8,-4.62223186652937E-34,-10.6917535925942));
#9643=CARTESIAN_POINT('',(13.8,0.,-8.99999999999999));
#9644=CARTESIAN_POINT('',(15.5604722665004,-9.86917914686616E-34,-9.21454196307588));
#9645=CARTESIAN_POINT('Origin',(15.3,0.,-10.6917535925942));
#9646=CARTESIAN_POINT('',(19.7604722665004,8.02642140376846E-35,-9.95511528205143));
#9647=CARTESIAN_POINT('',(18.7632040090373,0.,-9.77926998125657));
#9648=CARTESIAN_POINT('',(21.,0.,-11.4323269115697));
#9649=CARTESIAN_POINT('Origin',(19.5,0.,-11.4323269115697));
#9650=CARTESIAN_POINT('',(21.,4.62223186652937E-34,-16.0676730884302));
#9651=CARTESIAN_POINT('',(21.,0.,-5.29661364019623));
#9652=CARTESIAN_POINT('',(19.7604722665004,-1.37253176365043E-33,-17.5448847179486));
#9653=CARTESIAN_POINT('Origin',(19.5,0.,-16.0676730884302));
#9654=CARTESIAN_POINT('',(24.2145924944012,0.,-16.7595031464503));
#9655=CARTESIAN_POINT('',(15.5604722665004,8.02642140376815E-35,18.2854580369241));
#9656=CARTESIAN_POINT('',(13.8,-4.62223186652937E-34,16.8082464074058));
#9657=CARTESIAN_POINT('Origin',(15.3,0.,16.8082464074058));
#9658=CARTESIAN_POINT('',(19.7604722665004,8.02642140376815E-35,17.5448847179486));
#9659=CARTESIAN_POINT('',(24.2145924944012,0.,16.7595031464503));
#9660=CARTESIAN_POINT('',(21.,0.,16.0676730884302));
#9661=CARTESIAN_POINT('Origin',(19.5,0.,16.0676730884302));
#9662=CARTESIAN_POINT('',(21.,4.62223186652937E-34,11.4323269115697));
#9663=CARTESIAN_POINT('',(21.,0.,5.29661364019623));
#9664=CARTESIAN_POINT('',(19.7604722665004,3.07307007941605E-34,9.95511528205143));
#9665=CARTESIAN_POINT('Origin',(19.5,0.,11.4323269115697));
#9666=CARTESIAN_POINT('',(15.5604722665004,8.02642140376845E-35,9.21454196307588));
#9667=CARTESIAN_POINT('',(18.7632040090373,0.,9.77926998125657));
#9668=CARTESIAN_POINT('',(13.8,2.72363477862849E-49,10.6917535925942));
#9669=CARTESIAN_POINT('Origin',(15.3,0.,10.6917535925942));
#9670=CARTESIAN_POINT('',(13.8,0.,8.99999999999999));
#9671=CARTESIAN_POINT('Ctrl Pts',(-5.,21.9,0.));
#9672=CARTESIAN_POINT('Ctrl Pts',(-3.87800262371793,20.6658028860897,0.));
#9673=CARTESIAN_POINT('Ctrl Pts',(-2.01446590712926,18.6159124978422,0.654683695668377));
#9674=CARTESIAN_POINT('Ctrl Pts',(-0.341865164500139,16.7760516809501,2.75831004894297));
#9675=CARTESIAN_POINT('Ctrl Pts',(-2.63900207147537E-16,16.4,4.25200174914529));
#9676=CARTESIAN_POINT('Ctrl Pts',(-3.46944695195361E-16,16.4,5.));
#9677=CARTESIAN_POINT('Ctrl Pts',(-5.,21.9,0.));
#9678=CARTESIAN_POINT('Ctrl Pts',(-3.85930266744656,20.6845028423611,-2.07611220119562E-17));
#9679=CARTESIAN_POINT('Ctrl Pts',(-1.96556922019267,18.6656622953009,0.680797184116974));
#9680=CARTESIAN_POINT('Ctrl Pts',(-0.320032447338765,16.8839775547793,2.81230292994932));
#9681=CARTESIAN_POINT('Ctrl Pts',(-3.1364465224221E-16,16.5308996938996,
4.27177774282221));
#9682=CARTESIAN_POINT('Ctrl Pts',(-3.46944695195361E-16,16.5308996938996,
5.));
#9683=CARTESIAN_POINT('Ctrl Pts',(-5.,21.9,0.));
#9684=CARTESIAN_POINT('Ctrl Pts',(-3.82190275490382,20.7219027549038,-6.22833660358683E-17));
#9685=CARTESIAN_POINT('Ctrl Pts',(-1.86568854323015,18.7656885432302,0.706550512972538));
#9686=CARTESIAN_POINT('Ctrl Pts',(-0.199556144742165,17.0995561447422,2.87265208763833));
#9687=CARTESIAN_POINT('Ctrl Pts',(0.108340822931651,16.7916591770684,4.29422575108021));
#9688=CARTESIAN_POINT('Ctrl Pts',(0.108340822931651,16.7916591770684,5.));
#9689=CARTESIAN_POINT('Ctrl Pts',(-5.,21.9,0.));
#9690=CARTESIAN_POINT('Ctrl Pts',(-3.78450284236109,20.7593026674466,-1.03805610059781E-16));
#9691=CARTESIAN_POINT('Ctrl Pts',(-1.76566229530091,18.8655692201927,0.680797184116975));
#9692=CARTESIAN_POINT('Ctrl Pts',(0.016022445220663,17.2200324473388,2.81230292994932));
#9693=CARTESIAN_POINT('Ctrl Pts',(0.369100306100427,16.9,4.27177774282221));
#9694=CARTESIAN_POINT('Ctrl Pts',(0.369100306100427,16.9,5.));
#9695=CARTESIAN_POINT('Ctrl Pts',(-5.,21.9,0.));
#9696=CARTESIAN_POINT('Ctrl Pts',(-3.76580288608972,20.7780026237179,-1.24566732071737E-16));
#9697=CARTESIAN_POINT('Ctrl Pts',(-1.71591249784218,18.9144659071293,0.654683695668378));
#9698=CARTESIAN_POINT('Ctrl Pts',(0.123948319049851,17.2418651645001,2.75831004894297));
#9699=CARTESIAN_POINT('Ctrl Pts',(0.500000000000003,16.9,4.25200174914529));
#9700=CARTESIAN_POINT('Ctrl Pts',(0.500000000000003,16.9,5.));
#9701=CARTESIAN_POINT('Origin',(0.500000000000002,16.4,5.));
#9702=CARTESIAN_POINT('',(-5.,21.9,0.));
#9703=CARTESIAN_POINT('Origin',(-5.,21.9,5.));
#9704=CARTESIAN_POINT('Origin',(-5.,21.9,5.));
#9705=CARTESIAN_POINT('Origin',(0.5,16.4,0.));
#9706=CARTESIAN_POINT('Origin',(0.5,16.4,17.));
#9707=CARTESIAN_POINT('Origin',(3.,16.4,17.));
#9708=CARTESIAN_POINT('Origin',(3.,16.4,19.5));
#9709=CARTESIAN_POINT('Origin',(3.,16.4,17.));
#9710=CARTESIAN_POINT('Origin',(6.25,16.4,19.5));
#9711=CARTESIAN_POINT('Origin',(22.,16.4,19.5));
#9712=CARTESIAN_POINT('Origin',(22.,16.4,17.));
#9713=CARTESIAN_POINT('Origin',(24.5,16.4,17.));
#9714=CARTESIAN_POINT('Origin',(24.5,16.4,0.));
#9715=CARTESIAN_POINT('Origin',(24.5,16.4,10.5));
#9716=CARTESIAN_POINT('Origin',(22.,16.4,10.5));
#9717=CARTESIAN_POINT('Origin',(22.,16.4,8.));
#9718=CARTESIAN_POINT('Origin',(12.5,16.4,8.));
#9719=CARTESIAN_POINT('Origin',(17.3,16.4,8.));
#9720=CARTESIAN_POINT('Origin',(17.3,16.4,4.5));
#9721=CARTESIAN_POINT('Origin',(13.8,16.4,4.5));
#9722=CARTESIAN_POINT('Origin',(13.8,16.4,3.75));
#9723=CARTESIAN_POINT('Origin',(13.8,16.4,-4.5));
#9724=CARTESIAN_POINT('Origin',(17.3,16.4,-4.5));
#9725=CARTESIAN_POINT('Origin',(17.3,16.4,-8.));
#9726=CARTESIAN_POINT('Origin',(7.15,16.4,-8.));
#9727=CARTESIAN_POINT('Origin',(22.,16.4,-8.));
#9728=CARTESIAN_POINT('Origin',(22.,16.4,-10.5));
#9729=CARTESIAN_POINT('Origin',(24.5,16.4,-10.5));
#9730=CARTESIAN_POINT('Origin',(24.5,16.4,0.));
#9731=CARTESIAN_POINT('Origin',(24.5,16.4,-17.));
#9732=CARTESIAN_POINT('Origin',(22.,16.4,-17.));
#9733=CARTESIAN_POINT('Origin',(22.,16.4,-19.5));
#9734=CARTESIAN_POINT('Origin',(6.25,16.4,-19.5));
#9735=CARTESIAN_POINT('Origin',(3.,16.4,-19.5));
#9736=CARTESIAN_POINT('Origin',(3.,16.4,-17.));
#9737=CARTESIAN_POINT('Origin',(0.5,16.4,-17.));
#9738=CARTESIAN_POINT('Origin',(0.5,16.4,0.));
#9739=CARTESIAN_POINT('Origin',(0.5,16.4,-11.));
#9740=CARTESIAN_POINT('Ctrl Pts',(2.08166817117217E-16,16.4,-11.));
#9741=CARTESIAN_POINT('Ctrl Pts',(2.08166817117217E-16,16.4,-9.87800262371793));
#9742=CARTESIAN_POINT('Ctrl Pts',(-0.654842504826258,17.1203267553089,-8.01452194212822));
#9743=CARTESIAN_POINT('Ctrl Pts',(-2.75835607094217,19.4341916780364,-6.34190876763699));
#9744=CARTESIAN_POINT('Ctrl Pts',(-4.25200174914528,21.0772019240598,-6.));
#9745=CARTESIAN_POINT('Ctrl Pts',(-5.,21.9,-6.));
#9746=CARTESIAN_POINT('Ctrl Pts',(2.08166817117217E-16,16.5308996938996,
-11.));
#9747=CARTESIAN_POINT('Ctrl Pts',(2.08166817117217E-16,16.5308996938996,
-9.90766661423331));
#9748=CARTESIAN_POINT('Ctrl Pts',(-0.615799090570041,17.2099122369012,-8.07086539771686));
#9749=CARTESIAN_POINT('Ctrl Pts',(-2.72062530702793,19.4714781150363,-6.35202109794609));
#9750=CARTESIAN_POINT('Ctrl Pts',(-4.23953511163104,21.0896685615741,-6.));
#9751=CARTESIAN_POINT('Ctrl Pts',(-5.,21.9,-6.));
#9752=CARTESIAN_POINT('Ctrl Pts',(0.108366730580349,16.7916332694196,-11.));
#9753=CARTESIAN_POINT('Ctrl Pts',(0.108366730580349,16.7916332694196,-9.94133862662032));
#9754=CARTESIAN_POINT('Ctrl Pts',(-0.489231733334387,17.3892317333344,-8.13186538529905));
#9755=CARTESIAN_POINT('Ctrl Pts',(-2.6462634660439,19.5462634660439,-6.36125527594029));
#9756=CARTESIAN_POINT('Ctrl Pts',(-4.21460183660255,21.1146018366025,-6.));
#9757=CARTESIAN_POINT('Ctrl Pts',(-5.,21.9,-6.));
#9758=CARTESIAN_POINT('Ctrl Pts',(0.369100306100424,16.9,-11.));
#9759=CARTESIAN_POINT('Ctrl Pts',(0.369100306100424,16.9,-9.90766661423331));
#9760=CARTESIAN_POINT('Ctrl Pts',(-0.309912236901215,17.51579909057,-8.07086539771686));
#9761=CARTESIAN_POINT('Ctrl Pts',(-2.57147811503625,19.6206253070279,-6.35202109794609));
#9762=CARTESIAN_POINT('Ctrl Pts',(-4.18966856157406,21.139535111631,-6.));
#9763=CARTESIAN_POINT('Ctrl Pts',(-5.,21.9,-6.));
#9764=CARTESIAN_POINT('Ctrl Pts',(0.499999999999998,16.9,-11.));
#9765=CARTESIAN_POINT('Ctrl Pts',(0.499999999999998,16.9,-9.87800262371793));
#9766=CARTESIAN_POINT('Ctrl Pts',(-0.220326755308885,17.5548425048262,-8.01452194212822));
#9767=CARTESIAN_POINT('Ctrl Pts',(-2.53419167803639,19.6583560709422,-6.34190876763699));
#9768=CARTESIAN_POINT('Ctrl Pts',(-4.17720192405981,21.1520017491453,-6.));
#9769=CARTESIAN_POINT('Ctrl Pts',(-5.,21.9,-6.));
#9770=CARTESIAN_POINT('Origin',(2.99999999999999,4.225,17.));
#9771=CARTESIAN_POINT('Origin',(-5.00000000000001,6.25,5.));
#9772=CARTESIAN_POINT('',(-5.00000000000001,6.25,0.));
#9773=CARTESIAN_POINT('Origin',(-6.75,21.9,5.));
#9774=CARTESIAN_POINT('',(-6.75,21.9,0.));
#9775=CARTESIAN_POINT('Origin',(10.,21.9,0.));
#9776=CARTESIAN_POINT('',(5.,21.9,0.));
#9777=CARTESIAN_POINT('Origin',(25.,9.9,0.));
#9778=CARTESIAN_POINT('',(13.8,9.9,-16.8082464074058));
#9779=CARTESIAN_POINT('',(15.5604722665004,9.9,-18.2854580369241));
#9780=CARTESIAN_POINT('Origin',(15.3,9.9,-16.8082464074058));
#9781=CARTESIAN_POINT('',(13.8,9.9,-10.6917535925942));
#9782=CARTESIAN_POINT('',(13.8,9.9,-8.99999999999999));
#9783=CARTESIAN_POINT('',(15.5604722665004,9.9,-9.21454196307588));
#9784=CARTESIAN_POINT('Origin',(15.3,9.9,-10.6917535925942));
#9785=CARTESIAN_POINT('',(19.7604722665004,9.9,-9.95511528205143));
#9786=CARTESIAN_POINT('',(18.7632040090373,9.9,-9.77926998125657));
#9787=CARTESIAN_POINT('',(21.,9.9,-11.4323269115697));
#9788=CARTESIAN_POINT('Origin',(19.5,9.9,-11.4323269115697));
#9789=CARTESIAN_POINT('',(21.,9.9,-16.0676730884302));
#9790=CARTESIAN_POINT('',(21.,9.9,-5.29661364019623));
#9791=CARTESIAN_POINT('',(19.7604722665004,9.9,-17.5448847179486));
#9792=CARTESIAN_POINT('Origin',(19.5,9.9,-16.0676730884302));
#9793=CARTESIAN_POINT('',(24.2145924944012,9.9,-16.7595031464503));
#9794=CARTESIAN_POINT('',(15.5604722665004,9.9,18.2854580369241));
#9795=CARTESIAN_POINT('',(13.8,9.9,16.8082464074058));
#9796=CARTESIAN_POINT('Origin',(15.3,9.9,16.8082464074058));
#9797=CARTESIAN_POINT('',(19.7604722665004,9.9,17.5448847179486));
#9798=CARTESIAN_POINT('',(24.2145924944012,9.9,16.7595031464503));
#9799=CARTESIAN_POINT('',(21.,9.9,16.0676730884302));
#9800=CARTESIAN_POINT('Origin',(19.5,9.9,16.0676730884302));
#9801=CARTESIAN_POINT('',(21.,9.9,11.4323269115697));
#9802=CARTESIAN_POINT('',(21.,9.9,5.29661364019623));
#9803=CARTESIAN_POINT('',(19.7604722665004,9.9,9.95511528205143));
#9804=CARTESIAN_POINT('Origin',(19.5,9.9,11.4323269115697));
#9805=CARTESIAN_POINT('',(15.5604722665004,9.9,9.21454196307588));
#9806=CARTESIAN_POINT('',(18.7632040090373,9.9,9.77926998125657));
#9807=CARTESIAN_POINT('',(13.8,9.9,10.6917535925942));
#9808=CARTESIAN_POINT('Origin',(15.3,9.9,10.6917535925942));
#9809=CARTESIAN_POINT('',(13.8,9.9,8.99999999999999));
#9810=CARTESIAN_POINT('Origin',(6.52689707836273E-16,16.9,15.));
#9811=CARTESIAN_POINT('Origin',(6.52689707836273E-16,16.9,15.));
#9812=CARTESIAN_POINT('Origin',(-15.6905989232415,21.,-6.));
#9813=CARTESIAN_POINT('',(-15.6905989232415,21.,-4.));
#9814=CARTESIAN_POINT('',(-15.6905989232415,21.,-6.));
#9815=CARTESIAN_POINT('',(-16.8452994616207,23.,-4.));
#9816=CARTESIAN_POINT('',(-16.8452994616207,23.,-4.));
#9817=CARTESIAN_POINT('',(-16.8452994616207,23.,-6.));
#9818=CARTESIAN_POINT('Origin',(-16.8452994616207,19.,-6.));
#9819=CARTESIAN_POINT('',(-16.8452994616207,19.,-4.));
#9820=CARTESIAN_POINT('',(-16.8452994616207,19.,-6.));
#9821=CARTESIAN_POINT('',(-15.6905989232415,21.,-4.));
#9822=CARTESIAN_POINT('Origin',(-19.1547005383793,19.,-6.));
#9823=CARTESIAN_POINT('',(-19.1547005383793,19.,-4.));
#9824=CARTESIAN_POINT('',(-19.1547005383793,19.,-6.));
#9825=CARTESIAN_POINT('',(-16.8452994616207,19.,-4.));
#9826=CARTESIAN_POINT('Origin',(-20.3094010767585,21.,-6.));
#9827=CARTESIAN_POINT('',(-20.3094010767585,21.,-4.));
#9828=CARTESIAN_POINT('',(-20.3094010767585,21.,-6.));
#9829=CARTESIAN_POINT('',(-19.1547005383793,19.,-4.));
#9830=CARTESIAN_POINT('Origin',(-19.1547005383793,23.,-6.));
#9831=CARTESIAN_POINT('',(-19.1547005383793,23.,-4.));
#9832=CARTESIAN_POINT('',(-19.1547005383793,23.,-6.));
#9833=CARTESIAN_POINT('',(-20.3094010767585,21.,-4.));
#9834=CARTESIAN_POINT('Origin',(-16.8452994616207,23.,-6.));
#9835=CARTESIAN_POINT('',(-19.1547005383793,23.,-4.));
#9836=CARTESIAN_POINT('Origin',(-18.,21.,-4.));
#9837=CARTESIAN_POINT('',(-19.25,21.,-4.));
#9838=CARTESIAN_POINT('Origin',(-18.,21.,-4.));
#9839=CARTESIAN_POINT('Origin',(-24.6905989232415,21.,-6.));
#9840=CARTESIAN_POINT('',(-24.6905989232415,21.,-4.));
#9841=CARTESIAN_POINT('',(-24.6905989232415,21.,-6.));
#9842=CARTESIAN_POINT('',(-25.8452994616207,23.,-4.));
#9843=CARTESIAN_POINT('',(-25.8452994616207,23.,-4.));
#9844=CARTESIAN_POINT('',(-25.8452994616207,23.,-6.));
#9845=CARTESIAN_POINT('Origin',(-25.8452994616207,19.,-6.));
#9846=CARTESIAN_POINT('',(-25.8452994616207,19.,-4.));
#9847=CARTESIAN_POINT('',(-25.8452994616207,19.,-6.));
#9848=CARTESIAN_POINT('',(-24.6905989232415,21.,-4.));
#9849=CARTESIAN_POINT('Origin',(-28.1547005383793,19.,-6.));
#9850=CARTESIAN_POINT('',(-28.1547005383793,19.,-4.));
#9851=CARTESIAN_POINT('',(-28.1547005383793,19.,-6.));
#9852=CARTESIAN_POINT('',(-25.8452994616207,19.,-4.));
#9853=CARTESIAN_POINT('Origin',(-29.3094010767585,21.,-6.));
#9854=CARTESIAN_POINT('',(-29.3094010767585,21.,-4.));
#9855=CARTESIAN_POINT('',(-29.3094010767585,21.,-6.));
#9856=CARTESIAN_POINT('',(-28.1547005383793,19.,-4.));
#9857=CARTESIAN_POINT('Origin',(-28.1547005383793,23.,-6.));
#9858=CARTESIAN_POINT('',(-28.1547005383793,23.,-4.));
#9859=CARTESIAN_POINT('',(-28.1547005383793,23.,-6.));
#9860=CARTESIAN_POINT('',(-29.3094010767585,21.,-4.));
#9861=CARTESIAN_POINT('Origin',(-25.8452994616207,23.,-6.));
#9862=CARTESIAN_POINT('',(-28.1547005383793,23.,-4.));
#9863=CARTESIAN_POINT('Origin',(-27.,21.,-4.));
#9864=CARTESIAN_POINT('',(-28.25,21.,-4.));
#9865=CARTESIAN_POINT('Origin',(-27.,21.,-4.));
#9866=CARTESIAN_POINT('Origin',(-13.5,12.5,0.));
#9867=CARTESIAN_POINT('',(-28.25,21.,0.));
#9868=CARTESIAN_POINT('Origin',(-27.,21.,0.));
#9869=CARTESIAN_POINT('',(-19.25,21.,0.));
#9870=CARTESIAN_POINT('Origin',(-18.,21.,0.));
#9871=CARTESIAN_POINT('Origin',(5.,24.5,0.));
#9872=CARTESIAN_POINT('',(5.,24.5,0.));
#9873=CARTESIAN_POINT('Origin',(-27.,21.,0.));
#9874=CARTESIAN_POINT('',(-28.25,21.,0.));
#9875=CARTESIAN_POINT('Origin',(-18.,21.,0.));
#9876=CARTESIAN_POINT('',(-19.25,21.,0.));
#9877=CARTESIAN_POINT('Origin',(4.5,24.5,0.));
#9878=CARTESIAN_POINT('',(4.5,25.,0.));
#9879=CARTESIAN_POINT('Origin',(-29.,25.,0.));
#9880=CARTESIAN_POINT('',(-29.,25.,0.));
#9881=CARTESIAN_POINT('Origin',(-29.,22.,0.));
#9882=CARTESIAN_POINT('',(-32.,22.,0.));
#9883=CARTESIAN_POINT('Origin',(-32.,10.,0.));
#9884=CARTESIAN_POINT('',(-32.,10.,0.));
#9885=CARTESIAN_POINT('Origin',(-22.,10.,0.));
#9886=CARTESIAN_POINT('',(-22.,0.,0.));
#9887=CARTESIAN_POINT('Origin',(-14.,0.,0.));
#9888=CARTESIAN_POINT('Origin',(-14.,9.99999999999999,0.));
#9889=CARTESIAN_POINT('Origin',(15.3,0.500000000000005,-16.8082464074058));
#9890=CARTESIAN_POINT('',(14.3,0.500000000000005,-16.8082464074058));
#9891=CARTESIAN_POINT('Origin',(13.8,0.500000000000005,-16.8082464074058));
#9892=CARTESIAN_POINT('',(15.4736481776669,0.500000000000005,-17.793054160418));
#9893=CARTESIAN_POINT('Origin',(15.5604722665004,0.500000000000005,-18.2854580369241));
#9894=CARTESIAN_POINT('Origin',(15.3,0.500000000000005,-16.8082464074058));
#9895=CARTESIAN_POINT('Origin',(24.2145924944012,0.5,-16.7595031464503));
#9896=CARTESIAN_POINT('',(19.6736481776669,0.5,-17.0524808414425));
#9897=CARTESIAN_POINT('Origin',(19.7604722665004,0.5,-17.5448847179486));
#9898=CARTESIAN_POINT('',(24.1277684055678,0.500000000000001,-16.2670992699442));
#9899=CARTESIAN_POINT('Origin',(19.5,0.500000000000003,-16.0676730884302));
#9900=CARTESIAN_POINT('',(20.5,0.500000000000003,-16.0676730884302));
#9901=CARTESIAN_POINT('Origin',(21.,0.500000000000003,-16.0676730884302));
#9902=CARTESIAN_POINT('Origin',(19.5,0.500000000000003,-16.0676730884302));
#9903=CARTESIAN_POINT('Origin',(21.,0.5,-5.29661364019623));
#9904=CARTESIAN_POINT('',(20.5,0.5,-11.4323269115697));
#9905=CARTESIAN_POINT('Origin',(21.,0.5,-11.4323269115697));
#9906=CARTESIAN_POINT('',(20.5,0.500000000000001,-5.29661364019623));
#9907=CARTESIAN_POINT('Origin',(19.5,0.500000000000003,-11.4323269115697));
#9908=CARTESIAN_POINT('',(19.6736481776669,0.500000000000003,-10.4475191585575));
#9909=CARTESIAN_POINT('Origin',(19.7604722665004,0.500000000000003,-9.95511528205143));
#9910=CARTESIAN_POINT('Origin',(19.5,0.500000000000003,-11.4323269115697));
#9911=CARTESIAN_POINT('Origin',(18.7632040090373,0.5,-9.77926998125657));
#9912=CARTESIAN_POINT('',(15.4736481776669,0.5,-9.70694583958198));
#9913=CARTESIAN_POINT('Origin',(15.5604722665004,0.5,-9.21454196307588));
#9914=CARTESIAN_POINT('',(18.6763799202038,0.500000000000001,-10.2716738577627));
#9915=CARTESIAN_POINT('Origin',(15.3,0.500000000000005,-10.6917535925942));
#9916=CARTESIAN_POINT('',(14.3,0.500000000000005,-10.6917535925942));
#9917=CARTESIAN_POINT('Origin',(13.8,0.500000000000005,-10.6917535925942));
#9918=CARTESIAN_POINT('Origin',(15.3,0.500000000000005,-10.6917535925942));
#9919=CARTESIAN_POINT('Origin',(13.8,0.5,-8.99999999999999));
#9920=CARTESIAN_POINT('',(14.3,0.5,-8.99999999999999));
#9921=CARTESIAN_POINT('Origin',(14.3,16.9,-9.49999999999998));
#9922=CARTESIAN_POINT('',(15.4736481776669,6.49999999999999,-9.70694583958198));
#9923=CARTESIAN_POINT('',(15.4736481776669,16.9,-9.70694583958198));
#9924=CARTESIAN_POINT('',(19.6736481776669,6.5,-10.4475191585575));
#9925=CARTESIAN_POINT('',(10.4326862818637,6.5,-8.81808824862858));
#9926=CARTESIAN_POINT('',(19.6736481776669,16.9,-10.4475191585575));
#9927=CARTESIAN_POINT('Origin',(15.3,16.9,-10.6917535925942));
#9928=CARTESIAN_POINT('',(14.3,6.49999999999999,-10.6917535925942));
#9929=CARTESIAN_POINT('',(14.3,16.9,-10.6917535925942));
#9930=CARTESIAN_POINT('Origin',(15.3,6.49999999999999,-10.6917535925942));
#9931=CARTESIAN_POINT('Origin',(14.3,16.9,-18.));
#9932=CARTESIAN_POINT('',(14.3,6.49999999999999,-16.8082464074058));
#9933=CARTESIAN_POINT('',(14.3,16.9,-16.8082464074058));
#9934=CARTESIAN_POINT('',(14.3,6.5,-8.99999999999999));
#9935=CARTESIAN_POINT('Origin',(15.3,16.9,-16.8082464074058));
#9936=CARTESIAN_POINT('',(15.4736481776669,6.5,-17.793054160418));
#9937=CARTESIAN_POINT('',(15.4736481776669,16.9,-17.793054160418));
#9938=CARTESIAN_POINT('Origin',(15.3,6.49999999999999,-16.8082464074058));
#9939=CARTESIAN_POINT('Origin',(15.3,6.49999999999999,-10.6917535925942));
#9940=CARTESIAN_POINT('Origin',(13.8,6.49999999999999,-10.6917535925942));
#9941=CARTESIAN_POINT('Origin',(15.5604722665004,6.49999999999999,-9.21454196307588));
#9942=CARTESIAN_POINT('Origin',(10.5195103706972,6.5,-8.32568437212247));
#9943=CARTESIAN_POINT('Origin',(19.7604722665004,6.5,-9.95511528205143));
#9944=CARTESIAN_POINT('Origin',(19.5,6.49999999999999,-11.4323269115697));
#9945=CARTESIAN_POINT('',(20.5,6.49999999999999,-11.4323269115697));
#9946=CARTESIAN_POINT('Origin',(21.,6.49999999999999,-11.4323269115697));
#9947=CARTESIAN_POINT('Origin',(19.5,6.49999999999999,-11.4323269115697));
#9948=CARTESIAN_POINT('Origin',(21.,6.5,-5.29661364019623));
#9949=CARTESIAN_POINT('',(20.5,6.5,-16.0676730884302));
#9950=CARTESIAN_POINT('Origin',(21.,6.5,-16.0676730884302));
#9951=CARTESIAN_POINT('',(20.5,6.5,-5.29661364019623));
#9952=CARTESIAN_POINT('Origin',(19.5,6.49999999999999,-16.0676730884302));
#9953=CARTESIAN_POINT('',(19.6736481776669,6.49999999999999,-17.0524808414425));
#9954=CARTESIAN_POINT('Origin',(19.7604722665004,6.49999999999999,-17.5448847179486));
#9955=CARTESIAN_POINT('Origin',(19.5,6.49999999999999,-16.0676730884302));
#9956=CARTESIAN_POINT('Origin',(15.9708988560611,6.5,-18.2130887555844));
#9957=CARTESIAN_POINT('Origin',(15.5604722665004,6.5,-18.2854580369241));
#9958=CARTESIAN_POINT('',(15.8840747672277,6.5,-17.7206848790783));
#9959=CARTESIAN_POINT('Origin',(15.3,6.49999999999999,-16.8082464074058));
#9960=CARTESIAN_POINT('Origin',(13.8,6.49999999999999,-16.8082464074058));
#9961=CARTESIAN_POINT('Origin',(13.8,6.5,-8.99999999999999));
#9962=CARTESIAN_POINT('Origin',(20.5,16.9,-16.9067727196075));
#9963=CARTESIAN_POINT('',(19.6736481776669,16.9,-17.0524808414425));
#9964=CARTESIAN_POINT('Origin',(15.3,10.4,-16.8082464074058));
#9965=CARTESIAN_POINT('',(14.3,10.4,-16.8082464074058));
#9966=CARTESIAN_POINT('Origin',(13.8,10.4,-16.8082464074058));
#9967=CARTESIAN_POINT('',(15.4736481776669,10.4,-17.793054160418));
#9968=CARTESIAN_POINT('Origin',(15.5604722665004,10.4,-18.2854580369241));
#9969=CARTESIAN_POINT('Origin',(15.3,10.4,-16.8082464074058));
#9970=CARTESIAN_POINT('Origin',(24.2145924944012,10.4,-16.7595031464503));
#9971=CARTESIAN_POINT('',(19.6736481776669,10.4,-17.0524808414425));
#9972=CARTESIAN_POINT('Origin',(19.7604722665004,10.4,-17.5448847179486));
#9973=CARTESIAN_POINT('',(24.1277684055678,10.4,-16.2670992699442));
#9974=CARTESIAN_POINT('Origin',(19.5,10.4,-16.0676730884302));
#9975=CARTESIAN_POINT('',(20.5,10.4,-16.0676730884302));
#9976=CARTESIAN_POINT('Origin',(21.,10.4,-16.0676730884302));
#9977=CARTESIAN_POINT('Origin',(19.5,10.4,-16.0676730884302));
#9978=CARTESIAN_POINT('Origin',(21.,10.4,-5.29661364019623));
#9979=CARTESIAN_POINT('',(20.5,10.4,-11.4323269115697));
#9980=CARTESIAN_POINT('Origin',(21.,10.4,-11.4323269115697));
#9981=CARTESIAN_POINT('',(20.5,10.4,-5.29661364019623));
#9982=CARTESIAN_POINT('Origin',(19.5,10.4,-11.4323269115697));
#9983=CARTESIAN_POINT('',(19.6736481776669,10.4,-10.4475191585575));
#9984=CARTESIAN_POINT('Origin',(19.7604722665004,10.4,-9.95511528205143));
#9985=CARTESIAN_POINT('Origin',(19.5,10.4,-11.4323269115697));
#9986=CARTESIAN_POINT('Origin',(18.7632040090373,10.4,-9.77926998125657));
#9987=CARTESIAN_POINT('',(15.4736481776669,10.4,-9.70694583958198));
#9988=CARTESIAN_POINT('Origin',(15.5604722665004,10.4,-9.21454196307588));
#9989=CARTESIAN_POINT('',(18.6763799202038,10.4,-10.2716738577627));
#9990=CARTESIAN_POINT('Origin',(15.3,10.4,-10.6917535925942));
#9991=CARTESIAN_POINT('',(14.3,10.4,-10.6917535925942));
#9992=CARTESIAN_POINT('Origin',(13.8,10.4,-10.6917535925942));
#9993=CARTESIAN_POINT('Origin',(15.3,10.4,-10.6917535925942));
#9994=CARTESIAN_POINT('Origin',(13.8,10.4,-8.99999999999999));
#9995=CARTESIAN_POINT('',(14.3,10.4,-8.99999999999999));
#9996=CARTESIAN_POINT('Origin',(14.3,16.9,-9.49999999999998));
#9997=CARTESIAN_POINT('',(15.4736481776669,14.4,-9.70694583958198));
#9998=CARTESIAN_POINT('',(15.4736481776669,16.9,-9.70694583958198));
#9999=CARTESIAN_POINT('',(19.6736481776669,14.4,-10.4475191585575));
#10000=CARTESIAN_POINT('',(16.1666581833926,14.4,-9.82914220149235));
#10001=CARTESIAN_POINT('',(19.6736481776669,16.9,-10.4475191585575));
#10002=CARTESIAN_POINT('Origin',(15.3,16.9,-10.6917535925942));
#10003=CARTESIAN_POINT('',(14.3,14.4,-10.6917535925942));
#10004=CARTESIAN_POINT('',(14.3,16.9,-10.6917535925942));
#10005=CARTESIAN_POINT('Origin',(15.3,14.4,-10.6917535925942));
#10006=CARTESIAN_POINT('Origin',(14.3,16.9,-18.));
#10007=CARTESIAN_POINT('',(14.3,14.4,-16.8082464074058));
#10008=CARTESIAN_POINT('',(14.3,16.9,-16.8082464074058));
#10009=CARTESIAN_POINT('',(14.3,14.4,-15.875));
#10010=CARTESIAN_POINT('Origin',(15.3,16.9,-16.8082464074058));
#10011=CARTESIAN_POINT('',(15.4736481776669,14.4,-17.793054160418));
#10012=CARTESIAN_POINT('',(15.4736481776669,16.9,-17.793054160418));
#10013=CARTESIAN_POINT('Origin',(15.3,14.4,-16.8082464074058));
#10014=CARTESIAN_POINT('Origin',(19.3534822722261,14.4,-17.6166480348175));
#10015=CARTESIAN_POINT('',(19.6736481776669,14.4,-17.0524808414425));
#10016=CARTESIAN_POINT('',(19.7604722665004,14.9,-17.5448847179486));
#10017=CARTESIAN_POINT('Origin',(19.7604722665004,14.4,-17.5448847179486));
#10018=CARTESIAN_POINT('',(15.5604722665004,14.9,-18.2854580369241));
#10019=CARTESIAN_POINT('',(19.3534822722261,14.9,-17.6166480348175));
#10020=CARTESIAN_POINT('Origin',(15.5604722665004,14.4,-18.2854580369241));
#10021=CARTESIAN_POINT('',(19.2666581833926,14.4,-17.1242441583114));
#10022=CARTESIAN_POINT('Origin',(15.3,14.4,-16.8082464074058));
#10023=CARTESIAN_POINT('',(13.8,14.9,-16.8082464074058));
#10024=CARTESIAN_POINT('Origin',(13.8,14.4,-16.8082464074058));
#10025=CARTESIAN_POINT('Origin',(15.3,14.9,-16.8082464074058));
#10026=CARTESIAN_POINT('Origin',(13.8,14.4,-15.875));
#10027=CARTESIAN_POINT('',(13.8,14.9,-10.6917535925942));
#10028=CARTESIAN_POINT('Origin',(13.8,14.4,-10.6917535925942));
#10029=CARTESIAN_POINT('',(13.8,14.9,-15.875));
#10030=CARTESIAN_POINT('Origin',(15.3,14.4,-10.6917535925942));
#10031=CARTESIAN_POINT('',(15.5604722665004,14.9,-9.21454196307588));
#10032=CARTESIAN_POINT('Origin',(15.5604722665004,14.4,-9.21454196307588));
#10033=CARTESIAN_POINT('Origin',(15.3,14.9,-10.6917535925942));
#10034=CARTESIAN_POINT('Origin',(16.2534822722261,14.4,-9.33673832498624));
#10035=CARTESIAN_POINT('',(19.7604722665004,14.9,-9.95511528205143));
#10036=CARTESIAN_POINT('Origin',(19.7604722665004,14.4,-9.95511528205143));
#10037=CARTESIAN_POINT('',(16.2534822722261,14.9,-9.33673832498624));
#10038=CARTESIAN_POINT('Origin',(19.5,14.4,-11.4323269115697));
#10039=CARTESIAN_POINT('',(21.,14.9,-11.4323269115697));
#10040=CARTESIAN_POINT('',(20.5,14.4,-11.4323269115697));
#10041=CARTESIAN_POINT('Origin',(21.,14.4,-11.4323269115697));
#10042=CARTESIAN_POINT('Origin',(19.5,14.4,-11.4323269115697));
#10043=CARTESIAN_POINT('Origin',(19.5,14.9,-11.4323269115697));
#10044=CARTESIAN_POINT('Origin',(21.,14.4,-12.1716136401962));
#10045=CARTESIAN_POINT('',(21.,14.9,-16.0676730884302));
#10046=CARTESIAN_POINT('',(20.5,14.4,-16.0676730884302));
#10047=CARTESIAN_POINT('Origin',(21.,14.4,-16.0676730884302));
#10048=CARTESIAN_POINT('',(20.5,14.4,-12.1716136401962));
#10049=CARTESIAN_POINT('',(21.,14.9,-12.1716136401962));
#10050=CARTESIAN_POINT('Origin',(19.5,14.4,-16.0676730884302));
#10051=CARTESIAN_POINT('Origin',(19.5,14.4,-16.0676730884302));
#10052=CARTESIAN_POINT('Origin',(19.5,14.9,-16.0676730884302));
#10053=CARTESIAN_POINT('Origin',(19.5,16.9,-11.4323269115697));
#10054=CARTESIAN_POINT('',(20.5,16.9,-11.4323269115697));
#10055=CARTESIAN_POINT('Origin',(20.5,16.9,-10.5932272803925));
#10056=CARTESIAN_POINT('',(20.5,16.9,-16.0676730884302));
#10057=CARTESIAN_POINT('Origin',(19.5,16.9,-16.0676730884302));
#10058=CARTESIAN_POINT('',(19.6736481776669,16.9,-17.0524808414425));
#10059=CARTESIAN_POINT('Origin',(20.5,16.9,-16.9067727196075));
#10060=CARTESIAN_POINT('Origin',(17.4,14.9,-13.75));
#10061=CARTESIAN_POINT('',(13.3,14.9,-9.49999999999998));
#10062=CARTESIAN_POINT('',(14.3,14.9,-8.49999999999998));
#10063=CARTESIAN_POINT('Origin',(14.3,14.9,-9.49999999999998));
#10064=CARTESIAN_POINT('',(20.5,14.9,-8.49999999999998));
#10065=CARTESIAN_POINT('',(13.3,14.9,-8.49999999999998));
#10066=CARTESIAN_POINT('',(21.5,14.9,-9.49999999999998));
#10067=CARTESIAN_POINT('Origin',(20.5,14.9,-9.49999999999998));
#10068=CARTESIAN_POINT('',(21.5,14.9,-18.));
#10069=CARTESIAN_POINT('',(21.5,14.9,-8.49999999999998));
#10070=CARTESIAN_POINT('',(20.5,14.9,-19.));
#10071=CARTESIAN_POINT('Origin',(20.5,14.9,-18.));
#10072=CARTESIAN_POINT('',(14.3,14.9,-19.));
#10073=CARTESIAN_POINT('',(21.5,14.9,-19.));
#10074=CARTESIAN_POINT('',(13.3,14.9,-18.));
#10075=CARTESIAN_POINT('Origin',(14.3,14.9,-18.));
#10076=CARTESIAN_POINT('',(13.3,14.9,-19.));
#10077=CARTESIAN_POINT('Origin',(19.5,16.9,-16.0676730884302));
#10078=CARTESIAN_POINT('',(20.5,16.9,-16.0676730884302));
#10079=CARTESIAN_POINT('Origin',(19.5,16.9,-11.4323269115697));
#10080=CARTESIAN_POINT('',(20.5,16.9,-11.4323269115697));
#10081=CARTESIAN_POINT('Origin',(20.5,16.9,-10.5932272803925));
#10082=CARTESIAN_POINT('Origin',(14.3,16.9,-9.49999999999998));
#10083=CARTESIAN_POINT('',(13.3,16.9,-9.49999999999998));
#10084=CARTESIAN_POINT('',(14.3,16.9,-8.49999999999998));
#10085=CARTESIAN_POINT('Origin',(13.3,16.9,-19.));
#10086=CARTESIAN_POINT('',(13.3,16.9,-18.));
#10087=CARTESIAN_POINT('Origin',(20.5,16.9,-9.49999999999998));
#10088=CARTESIAN_POINT('',(20.5,16.9,-8.49999999999998));
#10089=CARTESIAN_POINT('',(21.5,16.9,-9.49999999999998));
#10090=CARTESIAN_POINT('Origin',(21.5,16.9,-8.49999999999998));
#10091=CARTESIAN_POINT('',(21.5,16.9,-18.));
#10092=CARTESIAN_POINT('Origin',(20.5,16.9,-18.));
#10093=CARTESIAN_POINT('',(20.5,16.9,-19.));
#10094=CARTESIAN_POINT('Origin',(14.3,16.9,-18.));
#10095=CARTESIAN_POINT('',(14.3,16.9,-19.));
#10096=CARTESIAN_POINT('Origin',(13.3,16.9,-8.49999999999998));
#10097=CARTESIAN_POINT('Origin',(21.5,16.9,-19.));
#10098=CARTESIAN_POINT('Origin',(15.3,0.500000000000005,16.8082464074058));
#10099=CARTESIAN_POINT('',(15.4736481776669,0.500000000000005,17.793054160418));
#10100=CARTESIAN_POINT('Origin',(15.5604722665004,0.500000000000005,18.2854580369241));
#10101=CARTESIAN_POINT('',(14.3,0.500000000000005,16.8082464074058));
#10102=CARTESIAN_POINT('Origin',(13.8,0.500000000000005,16.8082464074058));
#10103=CARTESIAN_POINT('Origin',(15.3,0.500000000000005,16.8082464074058));
#10104=CARTESIAN_POINT('Origin',(13.8,0.5,8.99999999999999));
#10105=CARTESIAN_POINT('',(14.3,0.5,10.6917535925942));
#10106=CARTESIAN_POINT('Origin',(13.8,0.5,10.6917535925942));
#10107=CARTESIAN_POINT('',(14.3,0.5,8.99999999999999));
#10108=CARTESIAN_POINT('Origin',(15.3,0.500000000000005,10.6917535925942));
#10109=CARTESIAN_POINT('',(15.4736481776669,0.500000000000005,9.70694583958198));
#10110=CARTESIAN_POINT('Origin',(15.5604722665004,0.500000000000005,9.21454196307588));
#10111=CARTESIAN_POINT('Origin',(15.3,0.500000000000005,10.6917535925942));
#10112=CARTESIAN_POINT('Origin',(18.7632040090373,0.5,9.77926998125657));
#10113=CARTESIAN_POINT('',(19.6736481776669,0.5,10.4475191585575));
#10114=CARTESIAN_POINT('Origin',(19.7604722665004,0.5,9.95511528205143));
#10115=CARTESIAN_POINT('',(18.6763799202038,0.500000000000001,10.2716738577627));
#10116=CARTESIAN_POINT('Origin',(19.5,0.500000000000003,11.4323269115697));
#10117=CARTESIAN_POINT('',(20.5,0.500000000000003,11.4323269115697));
#10118=CARTESIAN_POINT('Origin',(21.,0.500000000000003,11.4323269115697));
#10119=CARTESIAN_POINT('Origin',(19.5,0.500000000000003,11.4323269115697));
#10120=CARTESIAN_POINT('Origin',(21.,0.5,5.29661364019623));
#10121=CARTESIAN_POINT('',(20.5,0.5,16.0676730884302));
#10122=CARTESIAN_POINT('Origin',(21.,0.5,16.0676730884302));
#10123=CARTESIAN_POINT('',(20.5,0.500000000000001,5.29661364019623));
#10124=CARTESIAN_POINT('Origin',(19.5,0.500000000000003,16.0676730884302));
#10125=CARTESIAN_POINT('',(19.6736481776669,0.500000000000003,17.0524808414425));
#10126=CARTESIAN_POINT('Origin',(19.7604722665004,0.500000000000003,17.5448847179486));
#10127=CARTESIAN_POINT('Origin',(19.5,0.500000000000003,16.0676730884302));
#10128=CARTESIAN_POINT('Origin',(24.2145924944012,0.5,16.7595031464503));
#10129=CARTESIAN_POINT('',(24.1277684055678,0.500000000000001,16.2670992699442));
#10130=CARTESIAN_POINT('Origin',(20.5,16.9,10.5932272803925));
#10131=CARTESIAN_POINT('',(20.5,6.49999999999999,16.0676730884302));
#10132=CARTESIAN_POINT('',(20.5,16.9,16.0676730884302));
#10133=CARTESIAN_POINT('',(20.5,6.5,11.4323269115697));
#10134=CARTESIAN_POINT('',(20.5,6.5,5.29661364019623));
#10135=CARTESIAN_POINT('',(20.5,16.9,11.4323269115697));
#10136=CARTESIAN_POINT('Origin',(19.5,16.9,16.0676730884302));
#10137=CARTESIAN_POINT('',(19.6736481776669,6.5,17.0524808414425));
#10138=CARTESIAN_POINT('',(19.6736481776669,16.9,17.0524808414425));
#10139=CARTESIAN_POINT('Origin',(19.5,6.49999999999999,16.0676730884302));
#10140=CARTESIAN_POINT('Origin',(20.5,16.9,16.9067727196075));
#10141=CARTESIAN_POINT('',(15.4736481776669,6.49999999999999,17.793054160418));
#10142=CARTESIAN_POINT('',(15.4736481776669,16.9,17.793054160418));
#10143=CARTESIAN_POINT('',(15.8840747672277,6.5,17.7206848790783));
#10144=CARTESIAN_POINT('Origin',(15.3,16.9,16.8082464074058));
#10145=CARTESIAN_POINT('',(14.3,6.5,16.8082464074058));
#10146=CARTESIAN_POINT('',(14.3,16.9,16.8082464074058));
#10147=CARTESIAN_POINT('Origin',(15.3,6.49999999999999,16.8082464074058));
#10148=CARTESIAN_POINT('Origin',(15.3,6.49999999999999,10.6917535925942));
#10149=CARTESIAN_POINT('',(15.4736481776669,6.49999999999999,9.70694583958198));
#10150=CARTESIAN_POINT('Origin',(15.5604722665004,6.49999999999999,9.21454196307588));
#10151=CARTESIAN_POINT('',(14.3,6.49999999999999,10.6917535925942));
#10152=CARTESIAN_POINT('Origin',(13.8,6.49999999999999,10.6917535925942));
#10153=CARTESIAN_POINT('Origin',(15.3,6.49999999999999,10.6917535925942));
#10154=CARTESIAN_POINT('Origin',(13.8,6.5,8.99999999999999));
#10155=CARTESIAN_POINT('Origin',(13.8,6.5,16.8082464074058));
#10156=CARTESIAN_POINT('',(14.3,6.5,8.99999999999999));
#10157=CARTESIAN_POINT('Origin',(15.3,6.49999999999999,16.8082464074058));
#10158=CARTESIAN_POINT('Origin',(15.5604722665004,6.49999999999999,18.2854580369241));
#10159=CARTESIAN_POINT('Origin',(15.9708988560611,6.5,18.2130887555844));
#10160=CARTESIAN_POINT('Origin',(19.7604722665004,6.5,17.5448847179486));
#10161=CARTESIAN_POINT('Origin',(19.5,6.49999999999999,16.0676730884302));
#10162=CARTESIAN_POINT('Origin',(21.,6.49999999999999,16.0676730884302));
#10163=CARTESIAN_POINT('Origin',(21.,6.5,5.29661364019623));
#10164=CARTESIAN_POINT('Origin',(21.,6.5,11.4323269115697));
#10165=CARTESIAN_POINT('Origin',(19.5,6.49999999999999,11.4323269115697));
#10166=CARTESIAN_POINT('',(19.6736481776669,6.49999999999999,10.4475191585575));
#10167=CARTESIAN_POINT('Origin',(19.7604722665004,6.49999999999999,9.95511528205143));
#10168=CARTESIAN_POINT('Origin',(19.5,6.49999999999999,11.4323269115697));
#10169=CARTESIAN_POINT('Origin',(10.5195103706972,6.5,8.32568437212247));
#10170=CARTESIAN_POINT('',(10.4326862818637,6.5,8.81808824862858));
#10171=CARTESIAN_POINT('Origin',(19.5,16.9,11.4323269115697));
#10172=CARTESIAN_POINT('',(19.6736481776669,16.9,10.4475191585575));
#10173=CARTESIAN_POINT('Origin',(14.3,16.9,9.49999999999998));
#10174=CARTESIAN_POINT('',(15.4736481776669,16.9,9.70694583958198));
#10175=CARTESIAN_POINT('Origin',(15.3,16.9,10.6917535925942));
#10176=CARTESIAN_POINT('',(14.3,16.9,10.6917535925942));
#10177=CARTESIAN_POINT('Origin',(15.3,10.4,16.8082464074058));
#10178=CARTESIAN_POINT('',(15.4736481776669,10.4,17.793054160418));
#10179=CARTESIAN_POINT('Origin',(15.5604722665004,10.4,18.2854580369241));
#10180=CARTESIAN_POINT('',(14.3,10.4,16.8082464074058));
#10181=CARTESIAN_POINT('Origin',(13.8,10.4,16.8082464074058));
#10182=CARTESIAN_POINT('Origin',(15.3,10.4,16.8082464074058));
#10183=CARTESIAN_POINT('Origin',(13.8,10.4,8.99999999999999));
#10184=CARTESIAN_POINT('',(14.3,10.4,10.6917535925942));
#10185=CARTESIAN_POINT('Origin',(13.8,10.4,10.6917535925942));
#10186=CARTESIAN_POINT('',(14.3,10.4,8.99999999999999));
#10187=CARTESIAN_POINT('Origin',(15.3,10.4,10.6917535925942));
#10188=CARTESIAN_POINT('',(15.4736481776669,10.4,9.70694583958198));
#10189=CARTESIAN_POINT('Origin',(15.5604722665004,10.4,9.21454196307588));
#10190=CARTESIAN_POINT('Origin',(15.3,10.4,10.6917535925942));
#10191=CARTESIAN_POINT('Origin',(18.7632040090373,10.4,9.77926998125657));
#10192=CARTESIAN_POINT('',(19.6736481776669,10.4,10.4475191585575));
#10193=CARTESIAN_POINT('Origin',(19.7604722665004,10.4,9.95511528205143));
#10194=CARTESIAN_POINT('',(18.6763799202038,10.4,10.2716738577627));
#10195=CARTESIAN_POINT('Origin',(19.5,10.4,11.4323269115697));
#10196=CARTESIAN_POINT('',(20.5,10.4,11.4323269115697));
#10197=CARTESIAN_POINT('Origin',(21.,10.4,11.4323269115697));
#10198=CARTESIAN_POINT('Origin',(19.5,10.4,11.4323269115697));
#10199=CARTESIAN_POINT('Origin',(21.,10.4,5.29661364019623));
#10200=CARTESIAN_POINT('',(20.5,10.4,16.0676730884302));
#10201=CARTESIAN_POINT('Origin',(21.,10.4,16.0676730884302));
#10202=CARTESIAN_POINT('',(20.5,10.4,5.29661364019623));
#10203=CARTESIAN_POINT('Origin',(19.5,10.4,16.0676730884302));
#10204=CARTESIAN_POINT('',(19.6736481776669,10.4,17.0524808414425));
#10205=CARTESIAN_POINT('Origin',(19.7604722665004,10.4,17.5448847179486));
#10206=CARTESIAN_POINT('Origin',(19.5,10.4,16.0676730884302));
#10207=CARTESIAN_POINT('Origin',(24.2145924944012,10.4,16.7595031464503));
#10208=CARTESIAN_POINT('',(24.1277684055678,10.4,16.2670992699442));
#10209=CARTESIAN_POINT('Origin',(20.5,16.9,10.5932272803925));
#10210=CARTESIAN_POINT('',(20.5,14.4,16.0676730884302));
#10211=CARTESIAN_POINT('',(20.5,16.9,16.0676730884302));
#10212=CARTESIAN_POINT('',(20.5,14.4,11.4323269115697));
#10213=CARTESIAN_POINT('',(20.5,14.4,12.1716136401962));
#10214=CARTESIAN_POINT('',(20.5,16.9,11.4323269115697));
#10215=CARTESIAN_POINT('Origin',(19.5,16.9,16.0676730884302));
#10216=CARTESIAN_POINT('',(19.6736481776669,14.4,17.0524808414425));
#10217=CARTESIAN_POINT('',(19.6736481776669,16.9,17.0524808414425));
#10218=CARTESIAN_POINT('Origin',(19.5,14.4,16.0676730884302));
#10219=CARTESIAN_POINT('Origin',(20.5,16.9,16.9067727196075));
#10220=CARTESIAN_POINT('',(15.4736481776669,14.4,17.793054160418));
#10221=CARTESIAN_POINT('',(15.4736481776669,16.9,17.793054160418));
#10222=CARTESIAN_POINT('',(19.2666581833926,14.4,17.1242441583114));
#10223=CARTESIAN_POINT('Origin',(15.3,16.9,16.8082464074058));
#10224=CARTESIAN_POINT('',(14.3,14.4,16.8082464074058));
#10225=CARTESIAN_POINT('',(14.3,16.9,16.8082464074058));
#10226=CARTESIAN_POINT('Origin',(15.3,14.4,16.8082464074058));
#10227=CARTESIAN_POINT('Origin',(19.3534822722261,14.4,17.6166480348175));
#10228=CARTESIAN_POINT('',(15.5604722665004,14.9,18.2854580369241));
#10229=CARTESIAN_POINT('Origin',(15.5604722665004,14.4,18.2854580369241));
#10230=CARTESIAN_POINT('',(19.7604722665004,14.9,17.5448847179486));
#10231=CARTESIAN_POINT('',(19.3534822722261,14.9,17.6166480348175));
#10232=CARTESIAN_POINT('Origin',(19.7604722665004,14.4,17.5448847179486));
#10233=CARTESIAN_POINT('Origin',(19.5,14.4,16.0676730884302));
#10234=CARTESIAN_POINT('',(21.,14.9,16.0676730884302));
#10235=CARTESIAN_POINT('Origin',(21.,14.4,16.0676730884302));
#10236=CARTESIAN_POINT('Origin',(19.5,14.9,16.0676730884302));
#10237=CARTESIAN_POINT('Origin',(21.,14.4,12.1716136401962));
#10238=CARTESIAN_POINT('',(21.,14.9,11.4323269115697));
#10239=CARTESIAN_POINT('Origin',(21.,14.4,11.4323269115697));
#10240=CARTESIAN_POINT('',(21.,14.9,12.1716136401962));
#10241=CARTESIAN_POINT('Origin',(19.5,14.4,11.4323269115697));
#10242=CARTESIAN_POINT('',(19.7604722665004,14.9,9.95511528205143));
#10243=CARTESIAN_POINT('',(19.6736481776669,14.4,10.4475191585575));
#10244=CARTESIAN_POINT('Origin',(19.7604722665004,14.4,9.95511528205143));
#10245=CARTESIAN_POINT('Origin',(19.5,14.4,11.4323269115697));
#10246=CARTESIAN_POINT('Origin',(19.5,14.9,11.4323269115697));
#10247=CARTESIAN_POINT('Origin',(16.2534822722261,14.4,9.33673832498624));
#10248=CARTESIAN_POINT('',(15.5604722665004,14.9,9.21454196307588));
#10249=CARTESIAN_POINT('',(15.4736481776669,14.4,9.70694583958198));
#10250=CARTESIAN_POINT('Origin',(15.5604722665004,14.4,9.21454196307588));
#10251=CARTESIAN_POINT('',(16.1666581833926,14.4,9.82914220149235));
#10252=CARTESIAN_POINT('',(16.2534822722261,14.9,9.33673832498624));
#10253=CARTESIAN_POINT('Origin',(15.3,14.4,10.6917535925942));
#10254=CARTESIAN_POINT('',(13.8,14.9,10.6917535925942));
#10255=CARTESIAN_POINT('',(14.3,14.4,10.6917535925942));
#10256=CARTESIAN_POINT('Origin',(13.8,14.4,10.6917535925942));
#10257=CARTESIAN_POINT('Origin',(15.3,14.4,10.6917535925942));
#10258=CARTESIAN_POINT('Origin',(15.3,14.9,10.6917535925942));
#10259=CARTESIAN_POINT('Origin',(13.8,14.4,15.875));
#10260=CARTESIAN_POINT('',(13.8,14.9,16.8082464074058));
#10261=CARTESIAN_POINT('Origin',(13.8,14.4,16.8082464074058));
#10262=CARTESIAN_POINT('',(14.3,14.4,15.875));
#10263=CARTESIAN_POINT('',(13.8,14.9,15.875));
#10264=CARTESIAN_POINT('Origin',(15.3,14.4,16.8082464074058));
#10265=CARTESIAN_POINT('Origin',(15.3,14.9,16.8082464074058));
#10266=CARTESIAN_POINT('Origin',(15.3,16.9,10.6917535925942));
#10267=CARTESIAN_POINT('',(15.4736481776669,16.9,9.70694583958198));
#10268=CARTESIAN_POINT('',(14.3,16.9,10.6917535925942));
#10269=CARTESIAN_POINT('Origin',(14.3,16.9,18.));
#10270=CARTESIAN_POINT('Origin',(17.4,14.9,13.75));
#10271=CARTESIAN_POINT('',(14.3,14.9,8.49999999999998));
#10272=CARTESIAN_POINT('',(13.3,14.9,9.49999999999998));
#10273=CARTESIAN_POINT('Origin',(14.3,14.9,9.49999999999998));
#10274=CARTESIAN_POINT('',(13.3,14.9,18.));
#10275=CARTESIAN_POINT('',(13.3,14.9,19.));
#10276=CARTESIAN_POINT('',(14.3,14.9,19.));
#10277=CARTESIAN_POINT('Origin',(14.3,14.9,18.));
#10278=CARTESIAN_POINT('',(20.5,14.9,19.));
#10279=CARTESIAN_POINT('',(21.5,14.9,19.));
#10280=CARTESIAN_POINT('',(21.5,14.9,18.));
#10281=CARTESIAN_POINT('Origin',(20.5,14.9,18.));
#10282=CARTESIAN_POINT('',(21.5,14.9,9.49999999999998));
#10283=CARTESIAN_POINT('',(21.5,14.9,8.49999999999998));
#10284=CARTESIAN_POINT('',(20.5,14.9,8.49999999999998));
#10285=CARTESIAN_POINT('Origin',(20.5,14.9,9.49999999999998));
#10286=CARTESIAN_POINT('',(13.3,14.9,8.49999999999998));
#10287=CARTESIAN_POINT('Origin',(19.5,16.9,11.4323269115697));
#10288=CARTESIAN_POINT('',(19.6736481776669,16.9,10.4475191585575));
#10289=CARTESIAN_POINT('Origin',(14.3,16.9,9.49999999999998));
#10290=CARTESIAN_POINT('Origin',(14.3,16.9,18.));
#10291=CARTESIAN_POINT('Origin',(14.3,16.9,9.49999999999998));
#10292=CARTESIAN_POINT('',(14.3,16.9,8.49999999999998));
#10293=CARTESIAN_POINT('',(13.3,16.9,9.49999999999998));
#10294=CARTESIAN_POINT('Origin',(13.3,16.9,19.));
#10295=CARTESIAN_POINT('',(13.3,16.9,18.));
#10296=CARTESIAN_POINT('Origin',(20.5,16.9,9.49999999999998));
#10297=CARTESIAN_POINT('',(21.5,16.9,9.49999999999998));
#10298=CARTESIAN_POINT('',(20.5,16.9,8.49999999999998));
#10299=CARTESIAN_POINT('Origin',(13.3,16.9,8.49999999999998));
#10300=CARTESIAN_POINT('Origin',(20.5,16.9,18.));
#10301=CARTESIAN_POINT('',(20.5,16.9,19.));
#10302=CARTESIAN_POINT('',(21.5,16.9,18.));
#10303=CARTESIAN_POINT('Origin',(21.5,16.9,8.49999999999998));
#10304=CARTESIAN_POINT('Origin',(14.3,16.9,18.));
#10305=CARTESIAN_POINT('',(14.3,16.9,19.));
#10306=CARTESIAN_POINT('Origin',(21.5,16.9,19.));
#10307=CARTESIAN_POINT('Origin',(19.35,15.6,18.3));
#10308=CARTESIAN_POINT('',(20.3,15.1,18.3));
#10309=CARTESIAN_POINT('',(20.3,15.6,18.8));
#10310=CARTESIAN_POINT('Origin',(20.3,15.6,18.3));
#10311=CARTESIAN_POINT('',(14.5,15.6,18.8));
#10312=CARTESIAN_POINT('',(19.35,15.6,18.8));
#10313=CARTESIAN_POINT('',(14.5,15.1,18.3));
#10314=CARTESIAN_POINT('Origin',(14.5,15.6,18.3));
#10315=CARTESIAN_POINT('',(19.35,15.1,18.3));
#10316=CARTESIAN_POINT('Ctrl Pts',(14.,15.1,17.8));
#10317=CARTESIAN_POINT('Ctrl Pts',(14.,15.1,18.3));
#10318=CARTESIAN_POINT('Ctrl Pts',(14.5,15.1,18.3));
#10319=CARTESIAN_POINT('Ctrl Pts',(13.5,15.1,17.8));
#10320=CARTESIAN_POINT('Ctrl Pts',(13.5,15.1,18.8));
#10321=CARTESIAN_POINT('Ctrl Pts',(14.5,15.1,18.8));
#10322=CARTESIAN_POINT('Ctrl Pts',(13.5,15.6,17.8));
#10323=CARTESIAN_POINT('Ctrl Pts',(13.5,15.6,18.8));
#10324=CARTESIAN_POINT('Ctrl Pts',(14.5,15.6,18.8));
#10325=CARTESIAN_POINT('',(13.5,15.6,17.8));
#10326=CARTESIAN_POINT('',(14.,15.1,17.8));
#10327=CARTESIAN_POINT('Origin',(14.,15.6,17.8));
#10328=CARTESIAN_POINT('Origin',(14.5,15.1,17.8));
#10329=CARTESIAN_POINT('Origin',(14.5,15.6,17.8));
#10330=CARTESIAN_POINT('Origin',(14.,15.6,16.275));
#10331=CARTESIAN_POINT('',(13.5,15.6,9.69999999999998));
#10332=CARTESIAN_POINT('',(14.,15.1,9.69999999999998));
#10333=CARTESIAN_POINT('Origin',(14.,15.6,9.69999999999998));
#10334=CARTESIAN_POINT('',(14.,15.1,16.275));
#10335=CARTESIAN_POINT('',(13.5,15.6,16.275));
#10336=CARTESIAN_POINT('Ctrl Pts',(14.5,15.1,9.19999999999998));
#10337=CARTESIAN_POINT('Ctrl Pts',(14.,15.1,9.19999999999998));
#10338=CARTESIAN_POINT('Ctrl Pts',(14.,15.1,9.69999999999998));
#10339=CARTESIAN_POINT('Ctrl Pts',(14.5,15.1,8.69999999999998));
#10340=CARTESIAN_POINT('Ctrl Pts',(13.5,15.1,8.69999999999998));
#10341=CARTESIAN_POINT('Ctrl Pts',(13.5,15.1,9.69999999999998));
#10342=CARTESIAN_POINT('Ctrl Pts',(14.5,15.6,8.69999999999998));
#10343=CARTESIAN_POINT('Ctrl Pts',(13.5,15.6,8.69999999999998));
#10344=CARTESIAN_POINT('Ctrl Pts',(13.5,15.6,9.69999999999998));
#10345=CARTESIAN_POINT('',(14.5,15.6,8.69999999999998));
#10346=CARTESIAN_POINT('',(14.5,15.1,9.19999999999998));
#10347=CARTESIAN_POINT('Origin',(14.5,15.6,9.19999999999998));
#10348=CARTESIAN_POINT('Origin',(14.5,15.1,9.69999999999998));
#10349=CARTESIAN_POINT('Origin',(14.5,15.6,9.69999999999998));
#10350=CARTESIAN_POINT('Origin',(15.45,15.6,9.19999999999998));
#10351=CARTESIAN_POINT('',(20.3,15.6,8.69999999999998));
#10352=CARTESIAN_POINT('',(20.3,15.1,9.19999999999998));
#10353=CARTESIAN_POINT('Origin',(20.3,15.6,9.19999999999998));
#10354=CARTESIAN_POINT('',(15.45,15.1,9.19999999999998));
#10355=CARTESIAN_POINT('',(15.45,15.6,8.69999999999998));
#10356=CARTESIAN_POINT('Ctrl Pts',(20.8,15.1,9.69999999999998));
#10357=CARTESIAN_POINT('Ctrl Pts',(20.8,15.1,9.19999999999998));
#10358=CARTESIAN_POINT('Ctrl Pts',(20.3,15.1,9.19999999999998));
#10359=CARTESIAN_POINT('Ctrl Pts',(21.3,15.1,9.69999999999998));
#10360=CARTESIAN_POINT('Ctrl Pts',(21.3,15.1,8.69999999999998));
#10361=CARTESIAN_POINT('Ctrl Pts',(20.3,15.1,8.69999999999998));
#10362=CARTESIAN_POINT('Ctrl Pts',(21.3,15.6,9.69999999999998));
#10363=CARTESIAN_POINT('Ctrl Pts',(21.3,15.6,8.69999999999998));
#10364=CARTESIAN_POINT('Ctrl Pts',(20.3,15.6,8.69999999999998));
#10365=CARTESIAN_POINT('',(21.3,15.6,9.69999999999998));
#10366=CARTESIAN_POINT('',(20.8,15.1,9.69999999999998));
#10367=CARTESIAN_POINT('Origin',(20.8,15.6,9.69999999999998));
#10368=CARTESIAN_POINT('Origin',(20.3,15.1,9.69999999999998));
#10369=CARTESIAN_POINT('Origin',(20.3,15.6,9.69999999999998));
#10370=CARTESIAN_POINT('Origin',(20.8,15.6,11.225));
#10371=CARTESIAN_POINT('',(21.3,15.6,17.8));
#10372=CARTESIAN_POINT('',(20.8,15.1,17.8));
#10373=CARTESIAN_POINT('Origin',(20.8,15.6,17.8));
#10374=CARTESIAN_POINT('',(20.8,15.1,11.225));
#10375=CARTESIAN_POINT('',(21.3,15.6,11.225));
#10376=CARTESIAN_POINT('Ctrl Pts',(20.3,15.1,18.3));
#10377=CARTESIAN_POINT('Ctrl Pts',(20.8,15.1,18.3));
#10378=CARTESIAN_POINT('Ctrl Pts',(20.8,15.1,17.8));
#10379=CARTESIAN_POINT('Ctrl Pts',(20.3,15.1,18.8));
#10380=CARTESIAN_POINT('Ctrl Pts',(21.3,15.1,18.8));
#10381=CARTESIAN_POINT('Ctrl Pts',(21.3,15.1,17.8));
#10382=CARTESIAN_POINT('Ctrl Pts',(20.3,15.6,18.8));
#10383=CARTESIAN_POINT('Ctrl Pts',(21.3,15.6,18.8));
#10384=CARTESIAN_POINT('Ctrl Pts',(21.3,15.6,17.8));
#10385=CARTESIAN_POINT('Origin',(20.3,15.6,17.8));
#10386=CARTESIAN_POINT('Origin',(20.3,15.1,17.8));
#10387=CARTESIAN_POINT('Origin',(14.5,16.9,9.69999999999998));
#10388=CARTESIAN_POINT('',(13.5,16.4,9.69999999999998));
#10389=CARTESIAN_POINT('',(13.5,16.9,9.69999999999998));
#10390=CARTESIAN_POINT('',(14.5,16.4,8.69999999999998));
#10391=CARTESIAN_POINT('Origin',(14.5,16.4,9.69999999999998));
#10392=CARTESIAN_POINT('',(14.5,16.9,8.69999999999998));
#10393=CARTESIAN_POINT('Origin',(13.5,16.9,18.8));
#10394=CARTESIAN_POINT('',(13.5,16.4,17.8));
#10395=CARTESIAN_POINT('',(13.5,16.9,17.8));
#10396=CARTESIAN_POINT('',(13.5,16.4,16.275));
#10397=CARTESIAN_POINT('Origin',(14.5,16.9,17.8));
#10398=CARTESIAN_POINT('',(14.5,16.4,18.8));
#10399=CARTESIAN_POINT('',(14.5,16.9,18.8));
#10400=CARTESIAN_POINT('Origin',(14.5,16.4,17.8));
#10401=CARTESIAN_POINT('Origin',(21.3,16.9,18.8));
#10402=CARTESIAN_POINT('',(20.3,16.4,18.8));
#10403=CARTESIAN_POINT('',(20.3,16.9,18.8));
#10404=CARTESIAN_POINT('',(19.35,16.4,18.8));
#10405=CARTESIAN_POINT('Origin',(17.4,15.1,13.75));
#10406=CARTESIAN_POINT('',(19.4736481776669,15.1,16.884660915207));
#10407=CARTESIAN_POINT('',(15.6736481776669,15.1,17.5547034418991));
#10408=CARTESIAN_POINT('',(19.1492933656259,15.1,16.9418534198925));
#10409=CARTESIAN_POINT('',(20.3,15.1,15.8998531621948));
#10410=CARTESIAN_POINT('Origin',(19.3,15.1,15.8998531621948));
#10411=CARTESIAN_POINT('',(20.3,15.1,11.6001468378052));
#10412=CARTESIAN_POINT('',(20.3,15.1,12.255523603314));
#10413=CARTESIAN_POINT('',(19.4736481776669,15.1,10.615339084793));
#10414=CARTESIAN_POINT('Origin',(19.3,15.1,11.6001468378052));
#10415=CARTESIAN_POINT('',(15.6736481776669,15.1,9.94529655810082));
#10416=CARTESIAN_POINT('',(16.2492933656259,15.1,10.046798336053));
#10417=CARTESIAN_POINT('',(14.5,15.1,10.930104311113));
#10418=CARTESIAN_POINT('Origin',(15.5,15.1,10.930104311113));
#10419=CARTESIAN_POINT('',(14.5,15.1,16.5698956888869));
#10420=CARTESIAN_POINT('',(14.5,15.1,15.7558246407406));
#10421=CARTESIAN_POINT('Origin',(15.5,15.1,16.5698956888869));
#10422=CARTESIAN_POINT('Ctrl Pts',(14.,16.9,9.69999999999998));
#10423=CARTESIAN_POINT('Ctrl Pts',(14.,16.9,9.19999999999998));
#10424=CARTESIAN_POINT('Ctrl Pts',(14.5,16.9,9.19999999999998));
#10425=CARTESIAN_POINT('Ctrl Pts',(13.5,16.9,9.69999999999998));
#10426=CARTESIAN_POINT('Ctrl Pts',(13.5,16.9,8.69999999999998));
#10427=CARTESIAN_POINT('Ctrl Pts',(14.5,16.9,8.69999999999998));
#10428=CARTESIAN_POINT('Ctrl Pts',(13.5,16.4,9.69999999999998));
#10429=CARTESIAN_POINT('Ctrl Pts',(13.5,16.4,8.69999999999998));
#10430=CARTESIAN_POINT('Ctrl Pts',(14.5,16.4,8.69999999999998));
#10431=CARTESIAN_POINT('',(14.,16.9,9.69999999999998));
#10432=CARTESIAN_POINT('Origin',(14.,16.4,9.69999999999998));
#10433=CARTESIAN_POINT('',(14.5,16.9,9.19999999999998));
#10434=CARTESIAN_POINT('Origin',(14.5,16.9,9.69999999999998));
#10435=CARTESIAN_POINT('Origin',(14.5,16.4,9.19999999999998));
#10436=CARTESIAN_POINT('Origin',(15.45,16.4,9.19999999999998));
#10437=CARTESIAN_POINT('',(20.3,16.9,9.19999999999998));
#10438=CARTESIAN_POINT('',(20.3,16.4,8.69999999999998));
#10439=CARTESIAN_POINT('Origin',(20.3,16.4,9.19999999999998));
#10440=CARTESIAN_POINT('',(15.45,16.4,8.69999999999998));
#10441=CARTESIAN_POINT('',(15.45,16.9,9.19999999999998));
#10442=CARTESIAN_POINT('Ctrl Pts',(20.3,16.9,9.19999999999998));
#10443=CARTESIAN_POINT('Ctrl Pts',(20.8,16.9,9.19999999999998));
#10444=CARTESIAN_POINT('Ctrl Pts',(20.8,16.9,9.69999999999998));
#10445=CARTESIAN_POINT('Ctrl Pts',(20.3,16.9,8.69999999999998));
#10446=CARTESIAN_POINT('Ctrl Pts',(21.3,16.9,8.69999999999998));
#10447=CARTESIAN_POINT('Ctrl Pts',(21.3,16.9,9.69999999999998));
#10448=CARTESIAN_POINT('Ctrl Pts',(20.3,16.4,8.69999999999998));
#10449=CARTESIAN_POINT('Ctrl Pts',(21.3,16.4,8.69999999999998));
#10450=CARTESIAN_POINT('Ctrl Pts',(21.3,16.4,9.69999999999998));
#10451=CARTESIAN_POINT('',(20.8,16.9,9.69999999999998));
#10452=CARTESIAN_POINT('',(21.3,16.4,9.69999999999998));
#10453=CARTESIAN_POINT('Origin',(20.8,16.4,9.69999999999998));
#10454=CARTESIAN_POINT('Origin',(20.3,16.4,9.69999999999998));
#10455=CARTESIAN_POINT('Origin',(20.3,16.9,9.69999999999998));
#10456=CARTESIAN_POINT('Origin',(20.8,16.4,11.225));
#10457=CARTESIAN_POINT('',(20.8,16.9,17.8));
#10458=CARTESIAN_POINT('',(21.3,16.4,17.8));
#10459=CARTESIAN_POINT('Origin',(20.8,16.4,17.8));
#10460=CARTESIAN_POINT('',(21.3,16.4,11.225));
#10461=CARTESIAN_POINT('',(20.8,16.9,11.225));
#10462=CARTESIAN_POINT('Ctrl Pts',(20.8,16.9,17.8));
#10463=CARTESIAN_POINT('Ctrl Pts',(20.8,16.9,18.3));
#10464=CARTESIAN_POINT('Ctrl Pts',(20.3,16.9,18.3));
#10465=CARTESIAN_POINT('Ctrl Pts',(21.3,16.9,17.8));
#10466=CARTESIAN_POINT('Ctrl Pts',(21.3,16.9,18.8));
#10467=CARTESIAN_POINT('Ctrl Pts',(20.3,16.9,18.8));
#10468=CARTESIAN_POINT('Ctrl Pts',(21.3,16.4,17.8));
#10469=CARTESIAN_POINT('Ctrl Pts',(21.3,16.4,18.8));
#10470=CARTESIAN_POINT('Ctrl Pts',(20.3,16.4,18.8));
#10471=CARTESIAN_POINT('',(20.3,16.9,18.3));
#10472=CARTESIAN_POINT('Origin',(20.3,16.4,18.3));
#10473=CARTESIAN_POINT('Origin',(20.3,16.4,17.8));
#10474=CARTESIAN_POINT('Origin',(20.3,16.9,17.8));
#10475=CARTESIAN_POINT('Origin',(19.35,16.4,18.3));
#10476=CARTESIAN_POINT('',(14.5,16.9,18.3));
#10477=CARTESIAN_POINT('Origin',(14.5,16.4,18.3));
#10478=CARTESIAN_POINT('',(19.35,16.9,18.3));
#10479=CARTESIAN_POINT('Ctrl Pts',(14.5,16.9,18.3));
#10480=CARTESIAN_POINT('Ctrl Pts',(14.,16.9,18.3));
#10481=CARTESIAN_POINT('Ctrl Pts',(14.,16.9,17.8));
#10482=CARTESIAN_POINT('Ctrl Pts',(14.5,16.9,18.8));
#10483=CARTESIAN_POINT('Ctrl Pts',(13.5,16.9,18.8));
#10484=CARTESIAN_POINT('Ctrl Pts',(13.5,16.9,17.8));
#10485=CARTESIAN_POINT('Ctrl Pts',(14.5,16.4,18.8));
#10486=CARTESIAN_POINT('Ctrl Pts',(13.5,16.4,18.8));
#10487=CARTESIAN_POINT('Ctrl Pts',(13.5,16.4,17.8));
#10488=CARTESIAN_POINT('',(14.,16.9,17.8));
#10489=CARTESIAN_POINT('Origin',(14.,16.4,17.8));
#10490=CARTESIAN_POINT('Origin',(14.5,16.9,17.8));
#10491=CARTESIAN_POINT('Origin',(14.,16.4,16.275));
#10492=CARTESIAN_POINT('',(14.,16.9,16.275));
#10493=CARTESIAN_POINT('Origin',(17.4,16.9,13.75));
#10494=CARTESIAN_POINT('Origin',(15.5,1.,10.930104311113));
#10495=CARTESIAN_POINT('',(15.6736481776669,1.,9.94529655810082));
#10496=CARTESIAN_POINT('',(14.5,1.,10.930104311113));
#10497=CARTESIAN_POINT('Origin',(15.5,0.999999999999999,10.930104311113));
#10498=CARTESIAN_POINT('',(15.5,-1.23461384872799E-48,10.930104311113));
#10499=CARTESIAN_POINT('Origin',(15.5,1.,10.930104311113));
#10500=CARTESIAN_POINT('Origin',(15.5,1.,10.930104311113));
#10501=CARTESIAN_POINT('Origin',(19.3,1.,11.6001468378052));
#10502=CARTESIAN_POINT('',(20.3,0.999999999999999,11.6001468378052));
#10503=CARTESIAN_POINT('',(19.4736481776669,1.,10.615339084793));
#10504=CARTESIAN_POINT('Origin',(19.3,0.999999999999999,11.6001468378052));
#10505=CARTESIAN_POINT('',(19.3,9.9358103741422E-34,11.6001468378052));
#10506=CARTESIAN_POINT('Origin',(19.3,1.,11.6001468378052));
#10507=CARTESIAN_POINT('Origin',(19.3,1.,11.6001468378052));
#10508=CARTESIAN_POINT('Origin',(15.5,1.,16.5698956888869));
#10509=CARTESIAN_POINT('',(15.5,-1.07101586296889E-33,16.5698956888869));
#10510=CARTESIAN_POINT('',(14.5,1.,16.5698956888869));
#10511=CARTESIAN_POINT('Origin',(15.5,1.,16.5698956888869));
#10512=CARTESIAN_POINT('',(15.6736481776669,1.,17.5547034418991));
#10513=CARTESIAN_POINT('Origin',(15.5,1.,16.5698956888869));
#10514=CARTESIAN_POINT('Origin',(15.5,1.,16.5698956888869));
#10515=CARTESIAN_POINT('Origin',(19.3,1.,15.8998531621948));
#10516=CARTESIAN_POINT('',(19.4736481776669,1.,16.884660915207));
#10517=CARTESIAN_POINT('',(20.3,0.999999999999999,15.8998531621948));
#10518=CARTESIAN_POINT('Origin',(19.3,1.,15.8998531621948));
#10519=CARTESIAN_POINT('',(19.3,0.,15.8998531621948));
#10520=CARTESIAN_POINT('Origin',(19.3,1.,15.8998531621948));
#10521=CARTESIAN_POINT('Origin',(19.3,1.,15.8998531621948));
#10522=CARTESIAN_POINT('Origin',(18.975645187959,1.,15.9570456668802));
#10523=CARTESIAN_POINT('',(19.1492933656259,1.,16.9418534198925));
#10524=CARTESIAN_POINT('',(18.975645187959,0.,15.9570456668802));
#10525=CARTESIAN_POINT('Origin',(19.3,1.,12.255523603314));
#10526=CARTESIAN_POINT('',(20.3,0.999999999999999,12.255523603314));
#10527=CARTESIAN_POINT('',(19.3,0.,12.255523603314));
#10528=CARTESIAN_POINT('Origin',(19.3,16.9,15.8998531621948));
#10529=CARTESIAN_POINT('',(19.4736481776669,16.9,16.884660915207));
#10530=CARTESIAN_POINT('',(20.3,16.9,15.8998531621948));
#10531=CARTESIAN_POINT('Origin',(15.5,16.9,16.5698956888869));
#10532=CARTESIAN_POINT('',(14.5,16.9,16.5698956888869));
#10533=CARTESIAN_POINT('',(15.6736481776669,16.9,17.5547034418991));
#10534=CARTESIAN_POINT('Origin',(15.5,1.,15.7558246407406));
#10535=CARTESIAN_POINT('',(14.5,1.,15.7558246407406));
#10536=CARTESIAN_POINT('',(15.5,0.,15.7558246407406));
#10537=CARTESIAN_POINT('Origin',(16.075645187959,1.,11.0316060890652));
#10538=CARTESIAN_POINT('',(16.2492933656259,1.,10.046798336053));
#10539=CARTESIAN_POINT('',(16.075645187959,0.,11.0316060890652));
#10540=CARTESIAN_POINT('Origin',(19.3,16.9,11.6001468378052));
#10541=CARTESIAN_POINT('',(20.3,16.9,11.6001468378052));
#10542=CARTESIAN_POINT('',(19.4736481776669,16.9,10.615339084793));
#10543=CARTESIAN_POINT('Origin',(15.5,16.9,10.930104311113));
#10544=CARTESIAN_POINT('',(15.6736481776669,16.9,9.94529655810082));
#10545=CARTESIAN_POINT('',(14.5,16.9,10.930104311113));
#10546=CARTESIAN_POINT('Origin',(20.3,16.9,10.7610472066279));
#10547=CARTESIAN_POINT('Origin',(14.5,16.9,9.73835071851882));
#10548=CARTESIAN_POINT('Origin',(17.4,0.,13.75));
#10549=CARTESIAN_POINT('Origin',(20.3,16.9,9.69999999999998));
#10550=CARTESIAN_POINT('',(20.3,16.9,8.69999999999998));
#10551=CARTESIAN_POINT('',(21.3,16.9,9.69999999999998));
#10552=CARTESIAN_POINT('Origin',(21.3,16.9,8.69999999999998));
#10553=CARTESIAN_POINT('',(21.3,16.9,17.8));
#10554=CARTESIAN_POINT('Origin',(20.3,16.9,17.8));
#10555=CARTESIAN_POINT('Origin',(13.5,16.9,8.69999999999998));
#10556=CARTESIAN_POINT('Origin',(20.3,16.9,16.7389527933721));
#10557=CARTESIAN_POINT('Origin',(14.5,16.9,17.7616492814811));
#10558=CARTESIAN_POINT('Origin',(19.35,15.6,-18.3));
#10559=CARTESIAN_POINT('',(20.3,15.6,-18.8));
#10560=CARTESIAN_POINT('',(20.3,15.1,-18.3));
#10561=CARTESIAN_POINT('Origin',(20.3,15.6,-18.3));
#10562=CARTESIAN_POINT('',(14.5,15.1,-18.3));
#10563=CARTESIAN_POINT('',(19.35,15.1,-18.3));
#10564=CARTESIAN_POINT('',(14.5,15.6,-18.8));
#10565=CARTESIAN_POINT('Origin',(14.5,15.6,-18.3));
#10566=CARTESIAN_POINT('',(19.35,15.6,-18.8));
#10567=CARTESIAN_POINT('Ctrl Pts',(14.5,15.1,-18.3));
#10568=CARTESIAN_POINT('Ctrl Pts',(14.,15.1,-18.3));
#10569=CARTESIAN_POINT('Ctrl Pts',(14.,15.1,-17.8));
#10570=CARTESIAN_POINT('Ctrl Pts',(14.5,15.1,-18.8));
#10571=CARTESIAN_POINT('Ctrl Pts',(13.5,15.1,-18.8));
#10572=CARTESIAN_POINT('Ctrl Pts',(13.5,15.1,-17.8));
#10573=CARTESIAN_POINT('Ctrl Pts',(14.5,15.6,-18.8));
#10574=CARTESIAN_POINT('Ctrl Pts',(13.5,15.6,-18.8));
#10575=CARTESIAN_POINT('Ctrl Pts',(13.5,15.6,-17.8));
#10576=CARTESIAN_POINT('',(14.,15.1,-17.8));
#10577=CARTESIAN_POINT('',(13.5,15.6,-17.8));
#10578=CARTESIAN_POINT('Origin',(14.,15.6,-17.8));
#10579=CARTESIAN_POINT('Origin',(14.5,15.6,-17.8));
#10580=CARTESIAN_POINT('Origin',(14.5,15.1,-17.8));
#10581=CARTESIAN_POINT('Origin',(14.,15.6,-16.275));
#10582=CARTESIAN_POINT('',(14.,15.1,-9.69999999999998));
#10583=CARTESIAN_POINT('',(13.5,15.6,-9.69999999999998));
#10584=CARTESIAN_POINT('Origin',(14.,15.6,-9.69999999999998));
#10585=CARTESIAN_POINT('',(13.5,15.6,-16.275));
#10586=CARTESIAN_POINT('',(14.,15.1,-16.275));
#10587=CARTESIAN_POINT('Ctrl Pts',(14.,15.1,-9.69999999999998));
#10588=CARTESIAN_POINT('Ctrl Pts',(14.,15.1,-9.19999999999998));
#10589=CARTESIAN_POINT('Ctrl Pts',(14.5,15.1,-9.19999999999998));
#10590=CARTESIAN_POINT('Ctrl Pts',(13.5,15.1,-9.69999999999998));
#10591=CARTESIAN_POINT('Ctrl Pts',(13.5,15.1,-8.69999999999998));
#10592=CARTESIAN_POINT('Ctrl Pts',(14.5,15.1,-8.69999999999998));
#10593=CARTESIAN_POINT('Ctrl Pts',(13.5,15.6,-9.69999999999998));
#10594=CARTESIAN_POINT('Ctrl Pts',(13.5,15.6,-8.69999999999998));
#10595=CARTESIAN_POINT('Ctrl Pts',(14.5,15.6,-8.69999999999998));
#10596=CARTESIAN_POINT('',(14.5,15.1,-9.19999999999998));
#10597=CARTESIAN_POINT('',(14.5,15.6,-8.69999999999998));
#10598=CARTESIAN_POINT('Origin',(14.5,15.6,-9.19999999999998));
#10599=CARTESIAN_POINT('Origin',(14.5,15.6,-9.69999999999998));
#10600=CARTESIAN_POINT('Origin',(14.5,15.1,-9.69999999999998));
#10601=CARTESIAN_POINT('Origin',(15.45,15.6,-9.19999999999998));
#10602=CARTESIAN_POINT('',(20.3,15.1,-9.19999999999998));
#10603=CARTESIAN_POINT('',(20.3,15.6,-8.69999999999998));
#10604=CARTESIAN_POINT('Origin',(20.3,15.6,-9.19999999999998));
#10605=CARTESIAN_POINT('',(15.45,15.6,-8.69999999999998));
#10606=CARTESIAN_POINT('',(15.45,15.1,-9.19999999999998));
#10607=CARTESIAN_POINT('Ctrl Pts',(20.3,15.1,-9.19999999999998));
#10608=CARTESIAN_POINT('Ctrl Pts',(20.8,15.1,-9.19999999999998));
#10609=CARTESIAN_POINT('Ctrl Pts',(20.8,15.1,-9.69999999999998));
#10610=CARTESIAN_POINT('Ctrl Pts',(20.3,15.1,-8.69999999999998));
#10611=CARTESIAN_POINT('Ctrl Pts',(21.3,15.1,-8.69999999999998));
#10612=CARTESIAN_POINT('Ctrl Pts',(21.3,15.1,-9.69999999999998));
#10613=CARTESIAN_POINT('Ctrl Pts',(20.3,15.6,-8.69999999999998));
#10614=CARTESIAN_POINT('Ctrl Pts',(21.3,15.6,-8.69999999999998));
#10615=CARTESIAN_POINT('Ctrl Pts',(21.3,15.6,-9.69999999999998));
#10616=CARTESIAN_POINT('',(20.8,15.1,-9.69999999999998));
#10617=CARTESIAN_POINT('',(21.3,15.6,-9.69999999999998));
#10618=CARTESIAN_POINT('Origin',(20.8,15.6,-9.69999999999998));
#10619=CARTESIAN_POINT('Origin',(20.3,15.6,-9.69999999999998));
#10620=CARTESIAN_POINT('Origin',(20.3,15.1,-9.69999999999998));
#10621=CARTESIAN_POINT('Origin',(20.8,15.6,-11.225));
#10622=CARTESIAN_POINT('',(20.8,15.1,-17.8));
#10623=CARTESIAN_POINT('',(21.3,15.6,-17.8));
#10624=CARTESIAN_POINT('Origin',(20.8,15.6,-17.8));
#10625=CARTESIAN_POINT('',(21.3,15.6,-11.225));
#10626=CARTESIAN_POINT('',(20.8,15.1,-11.225));
#10627=CARTESIAN_POINT('Ctrl Pts',(20.8,15.1,-17.8));
#10628=CARTESIAN_POINT('Ctrl Pts',(20.8,15.1,-18.3));
#10629=CARTESIAN_POINT('Ctrl Pts',(20.3,15.1,-18.3));
#10630=CARTESIAN_POINT('Ctrl Pts',(21.3,15.1,-17.8));
#10631=CARTESIAN_POINT('Ctrl Pts',(21.3,15.1,-18.8));
#10632=CARTESIAN_POINT('Ctrl Pts',(20.3,15.1,-18.8));
#10633=CARTESIAN_POINT('Ctrl Pts',(21.3,15.6,-17.8));
#10634=CARTESIAN_POINT('Ctrl Pts',(21.3,15.6,-18.8));
#10635=CARTESIAN_POINT('Ctrl Pts',(20.3,15.6,-18.8));
#10636=CARTESIAN_POINT('Origin',(20.3,15.6,-17.8));
#10637=CARTESIAN_POINT('Origin',(20.3,15.1,-17.8));
#10638=CARTESIAN_POINT('Origin',(20.3,16.9,-9.69999999999998));
#10639=CARTESIAN_POINT('',(21.3,16.4,-9.69999999999998));
#10640=CARTESIAN_POINT('',(21.3,16.9,-9.69999999999998));
#10641=CARTESIAN_POINT('',(20.3,16.4,-8.69999999999998));
#10642=CARTESIAN_POINT('Origin',(20.3,16.4,-9.69999999999998));
#10643=CARTESIAN_POINT('',(20.3,16.9,-8.69999999999998));
#10644=CARTESIAN_POINT('Origin',(21.3,16.9,-8.69999999999998));
#10645=CARTESIAN_POINT('',(21.3,16.4,-17.8));
#10646=CARTESIAN_POINT('',(21.3,16.9,-17.8));
#10647=CARTESIAN_POINT('',(21.3,16.4,-11.225));
#10648=CARTESIAN_POINT('Origin',(20.3,16.9,-17.8));
#10649=CARTESIAN_POINT('',(20.3,16.4,-18.8));
#10650=CARTESIAN_POINT('',(20.3,16.9,-18.8));
#10651=CARTESIAN_POINT('Origin',(20.3,16.4,-17.8));
#10652=CARTESIAN_POINT('Origin',(21.3,16.9,-18.8));
#10653=CARTESIAN_POINT('',(14.5,16.4,-18.8));
#10654=CARTESIAN_POINT('',(14.5,16.9,-18.8));
#10655=CARTESIAN_POINT('',(19.35,16.4,-18.8));
#10656=CARTESIAN_POINT('Origin',(17.4,15.1,-13.75));
#10657=CARTESIAN_POINT('',(15.6736481776669,15.1,-9.94529655810082));
#10658=CARTESIAN_POINT('',(14.5,15.1,-10.930104311113));
#10659=CARTESIAN_POINT('Origin',(15.5,15.1,-10.930104311113));
#10660=CARTESIAN_POINT('',(19.4736481776669,15.1,-10.615339084793));
#10661=CARTESIAN_POINT('',(19.1492933656259,15.1,-10.5581465801075));
#10662=CARTESIAN_POINT('',(20.3,15.1,-11.6001468378052));
#10663=CARTESIAN_POINT('Origin',(19.3,15.1,-11.6001468378052));
#10664=CARTESIAN_POINT('',(20.3,15.1,-15.8998531621948));
#10665=CARTESIAN_POINT('',(20.3,15.1,-15.244476396686));
#10666=CARTESIAN_POINT('',(19.4736481776669,15.1,-16.884660915207));
#10667=CARTESIAN_POINT('Origin',(19.3,15.1,-15.8998531621948));
#10668=CARTESIAN_POINT('',(15.6736481776669,15.1,-17.5547034418991));
#10669=CARTESIAN_POINT('',(16.2492933656259,15.1,-17.453201663947));
#10670=CARTESIAN_POINT('',(14.5,15.1,-16.5698956888869));
#10671=CARTESIAN_POINT('Origin',(15.5,15.1,-16.5698956888869));
#10672=CARTESIAN_POINT('',(14.5,15.1,-11.7441753592594));
#10673=CARTESIAN_POINT('Ctrl Pts',(14.5,16.9,-9.19999999999998));
#10674=CARTESIAN_POINT('Ctrl Pts',(14.,16.9,-9.19999999999998));
#10675=CARTESIAN_POINT('Ctrl Pts',(14.,16.9,-9.69999999999998));
#10676=CARTESIAN_POINT('Ctrl Pts',(14.5,16.9,-8.69999999999998));
#10677=CARTESIAN_POINT('Ctrl Pts',(13.5,16.9,-8.69999999999998));
#10678=CARTESIAN_POINT('Ctrl Pts',(13.5,16.9,-9.69999999999998));
#10679=CARTESIAN_POINT('Ctrl Pts',(14.5,16.4,-8.69999999999998));
#10680=CARTESIAN_POINT('Ctrl Pts',(13.5,16.4,-8.69999999999998));
#10681=CARTESIAN_POINT('Ctrl Pts',(13.5,16.4,-9.69999999999998));
#10682=CARTESIAN_POINT('',(14.5,16.4,-8.69999999999998));
#10683=CARTESIAN_POINT('',(14.5,16.9,-9.19999999999998));
#10684=CARTESIAN_POINT('Origin',(14.5,16.4,-9.19999999999998));
#10685=CARTESIAN_POINT('',(14.,16.9,-9.69999999999998));
#10686=CARTESIAN_POINT('Origin',(14.5,16.9,-9.69999999999998));
#10687=CARTESIAN_POINT('',(13.5,16.4,-9.69999999999998));
#10688=CARTESIAN_POINT('Origin',(14.,16.4,-9.69999999999998));
#10689=CARTESIAN_POINT('Origin',(14.5,16.4,-9.69999999999998));
#10690=CARTESIAN_POINT('Origin',(14.,16.4,-16.275));
#10691=CARTESIAN_POINT('',(14.,16.9,-17.8));
#10692=CARTESIAN_POINT('',(13.5,16.4,-17.8));
#10693=CARTESIAN_POINT('Origin',(14.,16.4,-17.8));
#10694=CARTESIAN_POINT('',(13.5,16.4,-16.275));
#10695=CARTESIAN_POINT('',(14.,16.9,-16.275));
#10696=CARTESIAN_POINT('Ctrl Pts',(14.,16.9,-17.8));
#10697=CARTESIAN_POINT('Ctrl Pts',(14.,16.9,-18.3));
#10698=CARTESIAN_POINT('Ctrl Pts',(14.5,16.9,-18.3));
#10699=CARTESIAN_POINT('Ctrl Pts',(13.5,16.9,-17.8));
#10700=CARTESIAN_POINT('Ctrl Pts',(13.5,16.9,-18.8));
#10701=CARTESIAN_POINT('Ctrl Pts',(14.5,16.9,-18.8));
#10702=CARTESIAN_POINT('Ctrl Pts',(13.5,16.4,-17.8));
#10703=CARTESIAN_POINT('Ctrl Pts',(13.5,16.4,-18.8));
#10704=CARTESIAN_POINT('Ctrl Pts',(14.5,16.4,-18.8));
#10705=CARTESIAN_POINT('',(14.5,16.9,-18.3));
#10706=CARTESIAN_POINT('Origin',(14.5,16.4,-18.3));
#10707=CARTESIAN_POINT('Origin',(14.5,16.4,-17.8));
#10708=CARTESIAN_POINT('Origin',(14.5,16.9,-17.8));
#10709=CARTESIAN_POINT('Origin',(19.35,16.4,-18.3));
#10710=CARTESIAN_POINT('',(20.3,16.9,-18.3));
#10711=CARTESIAN_POINT('Origin',(20.3,16.4,-18.3));
#10712=CARTESIAN_POINT('',(19.35,16.9,-18.3));
#10713=CARTESIAN_POINT('Ctrl Pts',(20.3,16.9,-18.3));
#10714=CARTESIAN_POINT('Ctrl Pts',(20.8,16.9,-18.3));
#10715=CARTESIAN_POINT('Ctrl Pts',(20.8,16.9,-17.8));
#10716=CARTESIAN_POINT('Ctrl Pts',(20.3,16.9,-18.8));
#10717=CARTESIAN_POINT('Ctrl Pts',(21.3,16.9,-18.8));
#10718=CARTESIAN_POINT('Ctrl Pts',(21.3,16.9,-17.8));
#10719=CARTESIAN_POINT('Ctrl Pts',(20.3,16.4,-18.8));
#10720=CARTESIAN_POINT('Ctrl Pts',(21.3,16.4,-18.8));
#10721=CARTESIAN_POINT('Ctrl Pts',(21.3,16.4,-17.8));
#10722=CARTESIAN_POINT('',(20.8,16.9,-17.8));
#10723=CARTESIAN_POINT('Origin',(20.8,16.4,-17.8));
#10724=CARTESIAN_POINT('Origin',(20.3,16.9,-17.8));
#10725=CARTESIAN_POINT('Origin',(20.8,16.4,-11.225));
#10726=CARTESIAN_POINT('',(20.8,16.9,-9.69999999999998));
#10727=CARTESIAN_POINT('Origin',(20.8,16.4,-9.69999999999998));
#10728=CARTESIAN_POINT('',(20.8,16.9,-11.225));
#10729=CARTESIAN_POINT('Ctrl Pts',(20.8,16.9,-9.69999999999998));
#10730=CARTESIAN_POINT('Ctrl Pts',(20.8,16.9,-9.19999999999998));
#10731=CARTESIAN_POINT('Ctrl Pts',(20.3,16.9,-9.19999999999998));
#10732=CARTESIAN_POINT('Ctrl Pts',(21.3,16.9,-9.69999999999998));
#10733=CARTESIAN_POINT('Ctrl Pts',(21.3,16.9,-8.69999999999998));
#10734=CARTESIAN_POINT('Ctrl Pts',(20.3,16.9,-8.69999999999998));
#10735=CARTESIAN_POINT('Ctrl Pts',(21.3,16.4,-9.69999999999998));
#10736=CARTESIAN_POINT('Ctrl Pts',(21.3,16.4,-8.69999999999998));
#10737=CARTESIAN_POINT('Ctrl Pts',(20.3,16.4,-8.69999999999998));
#10738=CARTESIAN_POINT('',(20.3,16.9,-9.19999999999998));
#10739=CARTESIAN_POINT('Origin',(20.3,16.4,-9.19999999999998));
#10740=CARTESIAN_POINT('Origin',(20.3,16.9,-9.69999999999998));
#10741=CARTESIAN_POINT('Origin',(15.45,16.4,-9.19999999999998));
#10742=CARTESIAN_POINT('',(15.45,16.9,-9.19999999999998));
#10743=CARTESIAN_POINT('',(15.45,16.4,-8.69999999999998));
#10744=CARTESIAN_POINT('Origin',(13.5,16.9,-8.69999999999998));
#10745=CARTESIAN_POINT('',(14.5,16.9,-8.69999999999998));
#10746=CARTESIAN_POINT('Origin',(14.5,16.9,-9.69999999999998));
#10747=CARTESIAN_POINT('',(13.5,16.9,-9.69999999999998));
#10748=CARTESIAN_POINT('Origin',(17.4,16.9,-13.75));
#10749=CARTESIAN_POINT('Origin',(15.5,1.,-10.930104311113));
#10750=CARTESIAN_POINT('',(15.5,-1.0710158629689E-33,-10.930104311113));
#10751=CARTESIAN_POINT('',(14.5,1.,-10.930104311113));
#10752=CARTESIAN_POINT('Origin',(15.5,1.,-10.930104311113));
#10753=CARTESIAN_POINT('',(15.6736481776669,1.,-9.94529655810082));
#10754=CARTESIAN_POINT('Origin',(15.5,1.,-10.930104311113));
#10755=CARTESIAN_POINT('Origin',(15.5,1.,-10.930104311113));
#10756=CARTESIAN_POINT('Origin',(19.3,1.,-11.6001468378052));
#10757=CARTESIAN_POINT('',(19.4736481776669,1.,-10.615339084793));
#10758=CARTESIAN_POINT('',(20.3,0.999999999999999,-11.6001468378052));
#10759=CARTESIAN_POINT('Origin',(19.3,1.,-11.6001468378052));
#10760=CARTESIAN_POINT('',(19.3,0.,-11.6001468378052));
#10761=CARTESIAN_POINT('Origin',(19.3,1.,-11.6001468378052));
#10762=CARTESIAN_POINT('Origin',(19.3,1.,-11.6001468378052));
#10763=CARTESIAN_POINT('Origin',(18.975645187959,1.,-11.5429543331197));
#10764=CARTESIAN_POINT('',(19.1492933656259,1.,-10.5581465801075));
#10765=CARTESIAN_POINT('',(18.975645187959,0.,-11.5429543331197));
#10766=CARTESIAN_POINT('Origin',(15.5,1.,-16.5698956888869));
#10767=CARTESIAN_POINT('',(15.6736481776669,1.,-17.5547034418991));
#10768=CARTESIAN_POINT('',(14.5,1.,-16.5698956888869));
#10769=CARTESIAN_POINT('Origin',(15.5,0.999999999999999,-16.5698956888869));
#10770=CARTESIAN_POINT('',(15.5,1.23461384872799E-48,-16.5698956888869));
#10771=CARTESIAN_POINT('Origin',(15.5,1.,-16.5698956888869));
#10772=CARTESIAN_POINT('Origin',(15.5,1.,-16.5698956888869));
#10773=CARTESIAN_POINT('Origin',(19.3,1.,-15.8998531621948));
#10774=CARTESIAN_POINT('',(20.3,0.999999999999999,-15.8998531621948));
#10775=CARTESIAN_POINT('',(19.4736481776669,1.,-16.884660915207));
#10776=CARTESIAN_POINT('Origin',(19.3,0.999999999999999,-15.8998531621948));
#10777=CARTESIAN_POINT('',(19.3,9.93581037414219E-34,-15.8998531621948));
#10778=CARTESIAN_POINT('Origin',(19.3,1.,-15.8998531621948));
#10779=CARTESIAN_POINT('Origin',(19.3,1.,-15.8998531621948));
#10780=CARTESIAN_POINT('Origin',(19.3,1.,-15.244476396686));
#10781=CARTESIAN_POINT('',(20.3,0.999999999999999,-15.244476396686));
#10782=CARTESIAN_POINT('',(19.3,0.,-15.244476396686));
#10783=CARTESIAN_POINT('Origin',(16.075645187959,1.,-16.4683939109348));
#10784=CARTESIAN_POINT('',(16.2492933656259,1.,-17.453201663947));
#10785=CARTESIAN_POINT('',(16.075645187959,0.,-16.4683939109348));
#10786=CARTESIAN_POINT('Origin',(19.3,16.9,-15.8998531621948));
#10787=CARTESIAN_POINT('',(20.3,16.9,-15.8998531621948));
#10788=CARTESIAN_POINT('',(19.4736481776669,16.9,-16.884660915207));
#10789=CARTESIAN_POINT('Origin',(15.5,1.,-11.7441753592594));
#10790=CARTESIAN_POINT('',(14.5,1.,-11.7441753592594));
#10791=CARTESIAN_POINT('',(15.5,0.,-11.7441753592594));
#10792=CARTESIAN_POINT('Origin',(15.5,16.9,-16.5698956888869));
#10793=CARTESIAN_POINT('',(15.6736481776669,16.9,-17.5547034418991));
#10794=CARTESIAN_POINT('',(14.5,16.9,-16.5698956888869));
#10795=CARTESIAN_POINT('Origin',(19.3,16.9,-11.6001468378052));
#10796=CARTESIAN_POINT('',(19.4736481776669,16.9,-10.615339084793));
#10797=CARTESIAN_POINT('',(20.3,16.9,-11.6001468378052));
#10798=CARTESIAN_POINT('Origin',(15.5,16.9,-10.930104311113));
#10799=CARTESIAN_POINT('',(14.5,16.9,-10.930104311113));
#10800=CARTESIAN_POINT('',(15.6736481776669,16.9,-9.94529655810082));
#10801=CARTESIAN_POINT('Origin',(14.5,16.9,-17.7616492814811));
#10802=CARTESIAN_POINT('Origin',(14.5,16.9,-9.73835071851882));
#10803=CARTESIAN_POINT('Origin',(17.4,0.,-13.75));
#10804=CARTESIAN_POINT('Origin',(14.5,16.9,-17.8));
#10805=CARTESIAN_POINT('',(13.5,16.9,-17.8));
#10806=CARTESIAN_POINT('Origin',(13.5,16.9,-18.8));
#10807=CARTESIAN_POINT('Origin',(20.3,16.9,-10.7610472066279));
#10808=CARTESIAN_POINT('Origin',(20.3,16.9,-16.7389527933721));
#10809=UNCERTAINTY_MEASURE_WITH_UNIT(LENGTH_MEASURE(0.01),#10813,
'DISTANCE_ACCURACY_VALUE',
'Maximum model space distance between geometric entities at asserted c
onnectivities');
#10810=UNCERTAINTY_MEASURE_WITH_UNIT(LENGTH_MEASURE(0.01),#10813,
'DISTANCE_ACCURACY_VALUE',
'Maximum model space distance between geometric entities at asserted c
onnectivities');
#10811=(
GEOMETRIC_REPRESENTATION_CONTEXT(3)
GLOBAL_UNCERTAINTY_ASSIGNED_CONTEXT((#10809))
GLOBAL_UNIT_ASSIGNED_CONTEXT((#10813,#10815,#10816))
REPRESENTATION_CONTEXT('','3D')
);
#10812=(
GEOMETRIC_REPRESENTATION_CONTEXT(3)
GLOBAL_UNCERTAINTY_ASSIGNED_CONTEXT((#10810))
GLOBAL_UNIT_ASSIGNED_CONTEXT((#10813,#10815,#10816))
REPRESENTATION_CONTEXT('','3D')
);
#10813=(
LENGTH_UNIT()
NAMED_UNIT(*)
SI_UNIT(.MILLI.,.METRE.)
);
#10814=(
LENGTH_UNIT()
NAMED_UNIT(*)
SI_UNIT($,.METRE.)
);
#10815=(
NAMED_UNIT(*)
PLANE_ANGLE_UNIT()
SI_UNIT($,.RADIAN.)
);
#10816=(
NAMED_UNIT(*)
SI_UNIT($,.STERADIAN.)
SOLID_ANGLE_UNIT()
);
#10817=SHAPE_DEFINITION_REPRESENTATION(#10818,#10819);
#10818=PRODUCT_DEFINITION_SHAPE('',$,#10821);
#10819=SHAPE_REPRESENTATION('',(#5760),#10811);
#10820=PRODUCT_DEFINITION_CONTEXT('part definition',#10825,'design');
#10821=PRODUCT_DEFINITION('2026-03-19-16-23-19-068',
'Endschalter mit Rolle',#10822,#10820);
#10822=PRODUCT_DEFINITION_FORMATION('',$,#10827);
#10823=PRODUCT_RELATED_PRODUCT_CATEGORY('Endschalter mit Rolle',
'Endschalter mit Rolle',(#10827));
#10824=APPLICATION_PROTOCOL_DEFINITION('international standard',
'automotive_design',2009,#10825);
#10825=APPLICATION_CONTEXT(
'Core Data for Automotive Mechanical Design Process');
#10826=PRODUCT_CONTEXT('part definition',#10825,'mechanical');
#10827=PRODUCT('2026-03-19-16-23-19-068','Endschalter mit Rolle',$,(#10826));
#10828=PRESENTATION_STYLE_ASSIGNMENT((#10829));
#10829=SURFACE_STYLE_USAGE(.BOTH.,#10830);
#10830=SURFACE_SIDE_STYLE('',(#10831));
#10831=SURFACE_STYLE_FILL_AREA(#10832);
#10832=FILL_AREA_STYLE('Stahl - satiniert',(#10833));
#10833=FILL_AREA_STYLE_COLOUR('Stahl - satiniert',#10834);
#10834=COLOUR_RGB('Stahl - satiniert',0.627450980392157,0.627450980392157,
0.627450980392157);
ENDSEC;
END-ISO-10303-21;
